# Resource object code (Python 3)
# Created by: object code
# Created by: The Resource Compiler for Qt version 6.10.0
# WARNING! All changes made in this file will be lost!

from PyQt6 import QtCore

qt_resource_data = b"\
\x00\x00\x065\
<\
?xml version=\x221.\
0\x22 encoding=\x22UTF\
-8\x22?>\x0a<!-- Gener\
ator: Adobe Illu\
strator 25.0.0, \
SVG Export Plug-\
In . SVG Version\
: 6.00 Build 0) \
 -->\x0a<svg xmlns=\
\x22http://www.w3.o\
rg/2000/svg\x22 xml\
ns:xlink=\x22http:/\
/www.w3.org/1999\
/xlink\x22 version=\
\x221.1\x22 id=\x22Layer_\
1\x22 x=\x220px\x22 y=\x220p\
x\x22 viewBox=\x220 0 \
512 512\x22 style=\x22\
enable-backgroun\
d:new 0 0 512 51\
2;\x22 xml:space=\x22p\
reserve\x22 width=\x22\
512\x22 height=\x22512\
\x22>\x0a<path d=\x22M470\
.549,111.573L313\
.237,36.629c-34.\
628-20.684-77.72\
8-21.051-112.704\
-0.96L41.451,111\
.573  c-0.597,0.\
299-1.216,0.619-\
1.792,0.96c-37.7\
52,21.586-50.858\
,69.689-29.272,1\
07.441c7.317,12.\
798,18.08,23.284\
,31.064,30.266  \
l43.883,20.907V3\
75.68c0.026,46.7\
43,30.441,88.039\
,75.072,101.931c\
31.059,8.985,63.\
264,13.384,95.59\
5,13.056  c32.32\
6,0.362,64.531-4\
,95.595-12.949c4\
4.631-13.891,75.\
046-55.188,75.07\
2-101.931V271.10\
4l42.667-20.395v\
175.957  c0,11.7\
82,9.551,21.333,\
21.333,21.333c11\
.782,0,21.333-9.\
551,21.333-21.33\
3v-256C512.143,1\
45.615,492.363,1\
22.473,470.549,1\
11.573z   M384,3\
75.787c0.011,27.\
959-18.129,52.69\
-44.8,61.077c-27\
.046,7.728-55.07\
3,11.479-83.2,11\
.136  c-28.127,0\
.343-56.154-3.40\
8-83.2-11.136c-2\
6.671-8.388-44.8\
11-33.118-44.8-6\
1.077v-84.309l70\
.763,33.707  c17\
.46,10.368,37.40\
1,15.816,57.707,\
15.765c19.328,0.\
137,38.331-4.98,\
54.976-14.805L38\
4,291.477V375.78\
7z M452.267,211.\
733  l-160.896,7\
6.8c-22.434,13.0\
63-50.241,12.693\
-72.32-0.96l-157\
.419-74.88c-17.5\
47-9.462-24.101-\
31.357-14.639-48\
.903  c3.2-5.934\
,7.998-10.853,13\
.85-14.201l159.8\
93-76.373c22.441\
-13.034,50.233-1\
2.665,72.32,0.96\
l157.312,74.944 \
 c11.569,6.424,1\
8.807,18.555,18.\
965,31.787C469.3\
54,193.441,462.9\
,205.097,452.267\
,211.733L452.267\
,211.733z\x22/>\x0a</s\
vg>\x0a\
\x00\x004u\
\x89\
PNG\x0d\x0a\x1a\x0a\x00\x00\x00\x0dIHDR\x00\
\x00\x02\x00\x00\x00\x02\x00\x08\x06\x00\x00\x00\xf4x\xd4\xfa\
\x00\x00\x00\x04sBIT\x08\x08\x08\x08|\x08d\x88\
\x00\x00\x00\x09pHYs\x00\x00\x0e\xc4\x00\x00\x0e\xc4\
\x01\x95+\x0e\x1b\x00\x00\x00\x19tEXtSof\
tware\x00www.inksca\
pe.org\x9b\xee<\x1a\x00\x00 \x00ID\
ATx\x9c\xed\xddy\xd8]uu\xe8\xf1o\xdeL\
@\x12\x12 $\x8cI \x81\x00\x22\x08\xc8(V\xab\
\x88\xd6Y,\x96\xdeV\xc5[\xab\xed\xd5V\xed\xd5b\
'\xeb\xad\xb7\xad\xf5\xd6V\xed}z\x0b\xb6u\xb8\xb6\
U\xb4u\xc0j\xab\xb6\xd7\x01\x01\x99\xc7\x08\x01\xc2\x10\
H\xc2\x98\x84\x90\x909\xf7\x8f\xf5\x1e\x0919\xef9\
\xe7\xdd\xfb\xac=|?\xcf\xb3\x9e\x04\xf4\xd1u~\xbf\
\xb3\xf7^\xe7\xb7\x7f{m\x90$I\x92$I\x92$\
I\x92$I\x92$I\x92$I\x92$I\x92$I\
\x92$I\x92$I\x92$I\x92$I\x92$I\x92\
$I\x92$I\x92$I\x92$I\x92$I\x92$\
I\x92$\xa9\x99&d' i\xa8\xa6\x03\x93G\xff\
>\x13\x18\x19\xfd\xfbZ`3\xb0.#)I\xc3g\
\x01 \xd5\xdbT\xe0(`\x11p(p 0\x178\
\x08\x98\xb3\xd3\xdf\xa7\xf5\xf1\xbf\xb9\x01\xd8\x04\xac\x1e\xfd\
\xfb\x03\xc0\x0a`\xf9\xe8\x9f\x0f\x8e\xfe\xfd\x01\xe0\xf1\x22\
>\x84\xa4\xe1\xb3\x00\x90\xeaa\x1a\xf0\x1c\xe0X`1\
p\xcch\x1c\x01LL\xcc\xeb!\xe0\x16\xe0V\xe06\
\xe0f`\x09\xf0dbN\x92z`\x01 U\xd3\x02\
\xe0,\xe0\xcc\xd1?O\x00&e&\xd4\x87\x1d\xc0=\
\xc0\x95\xc0\xf7\x81\x1f\x00?N\xcdH\xd2O\xb1\x00\x90\
\xaaa>\xf0\x0a\xe0\xc5\xc4E\xff\xe0\xdct\x0a\xf7\x10\
Q\x08|\x1f\xf8\x1e\xb1j\xb0#5#I\x92\x12L\
\x04N\x01>\x08\x5c\x0bl'.\x88m\x89\x87\x81\xcf\
\x02\xaf\x02\xa6\x8co(%I\xaa\xb6)\xc0\xeb\x80\x7f\
\x00\x1e#\xff\x22\x5c\x95X\x0d|\x0e\xf8y\xfa\xdb\xac\
(IR\xa5\x9d\x06\xfc\x15\xf0(\xf9\x17\xdb\xaa\xc7S\
\xc0\xe7\x81\x97\xf0\xf4#\x8a\x92$\xd5\xc6!\xc0\xbb\x80\
\x1b\xc9\xbf\xa8\xd65\x1e\x00>L<\xe9 IR\xa5\
\xbd\x00\xf8*\xb0\x8d\xfc\x0bhSb\x1b\xf0M\xe2\x16\
A]\x9e\x84\x90$\xb5\xc0\x08\xb1\x99\xedJ\xf2/\x96\
M\x8f{\x89\x95\x95}z\x99\x18I\x92\xca0\x83\xb8\
\x18\xddG\xfe\x85\xb1m\xf1\x08\xf1\x04\xc5\xfecM\x92\
$IE\x99\x01\xfc\x0f\xe0\x09\xf2/\x84m\x8fu\xc0\
G\x896\xc8\x92$\x95b\x0a\xf06`\x15\xf9\x17>\
\xe3\x99\xb1\x09\xf880k\x8f\xb3'IR\x9fF\x80\
\xf3\x81\xbb\xc9\xbf\xd0\x19\xdd\xe31\xe0\x22\xe2%I\x92\
$\x0dd\x048\x8fx\xc9M\xf6\x85\xcd\xe8/\xee\x22\
\x8a6\xdb\x9dK\x92z6\x09x#^\xf8\x9b\x10W\
\x10\x8ffJ\x92\xb4GS\x807\x01K\xc9\xbfp\x19\
\xc5\xc6\xe5\xc4\xa3\x9a\xae\x08H\x92~b:\xf18\xdf\
\x03\xe4_\xa8\x8cr\xe3f\xa2\xc8\xb3\xa1\x90$\xb5\xd8\
\xbe\xc4\x861_\xcc\xd3\xbeXF\x14}{!Ij\
\x8d9D\x13\x995\xe4_\x88\x8c\xdcXE\x14\x81\xbe\
\x85P\x92\x1al\x01\xf1\xac\xf8\x06\xf2/<F\xb5\xa2\
\xd3Yp?$I\x8d\xb1\x08\xb8\x18\xd8B\xfe\x85\xc6\
\xa8v\xac#\x8a\xc4C\x90$\xd5\xd6s\x80\xcf\x02[\
\xc9\xbf\xb0\x18\xf5\x8a\x8d\xc4wg\x11\x92\xa4\xda8\x1b\
\xb8\x0c\xd8N\xfe\x85\xc4\xa8wl&\x0a\x81c\x91$\
U\xd69\xc0\x0f\xc9\xbfh\x18\xcd\x8bmDQy\x1a\
\x92\xa4J\x18!\x1a\xbc\x5cC\xfeE\xc2hGt\x9a\
\x0aI\x92\x12L&\x1a\xba\xfc\x98\xfc\x0b\x82\xd1\xce\xb0\
\xbb\xa0$\x0d\xd1T\xe2\x95\xbc\xf7\x93\x7f\x010\x8c\x1d\
\xc0M\xd8]P\x92J3\x83\xe8\xdc\xb6\x82\xfc\x13\xbe\
a\xec.\xee\xc6\xee\x82\x92T\x98\x03\x89\x06-\x8f\x93\
\x7f\x827\x8c^b%\xd1]p\x1f$I}\x9bG\
4dYO\xfe\x09\xdd0\x06\x09\xbb\x0bJR\x1f\x8e\
$.\xfcO\x91\x7f\x027\x8c\x22\xe2\x09\xec.(I\
{\xf4l\xec\xdag4;\xec.(I;y\x1ev\
\xed3\xda\x15v\x17\x94\xd4j\x9dv\xbd\xd9'c\xc3\
\xc8\x8aNw\xc1S\x91\xa4\x86\xebt\xed\xbb\x8a\xfc\x93\
\xafaT).'ZYKR\xa3\x8c\x00\xe7\x03\xb7\
\x91\x7f\xa25\x8c*\x87\xdd\x05%5\xc2\x14\xa2C\xda\
R\xf2O\xac\x86Q\xa7\xe8t\x17\x9c\x88T\x12\xabL\
\x95a:\xf0+\xc0\xfb\x80C\x93s\x91\xeal\x19\xf0\
\x09\xe0o\x80M\xc9\xb9\xa8a,\x00T\xa4\x03\x80\xdf\
\x18\x8d\xfd\x93s\x91\x9a\xe4~\xe0/\x80O\x02\x1b\x92\
sQCX\x00\xa8\x08s\x80\xff\x06\xbc\x1b\x98\x99\x9c\
\x8b\xd4d\x8f\x00\x7fM4\x16Z\x9d\x9c\x8bj\xce\x02\
@\xe3\xb1\x00x\x0f\xf0\xab\xc0\xde\xb9\xa9H\xad\xb2\x0e\
\xf8\x14\xf0a\xe2\xdd\x03R\xdf,\x004\x88\xe3\x81\xf7\
\x03\xbf\x80\xaf@\xad\x8bu\xc0*\xa2-\xed\x93\xc0\x96\
\xd1\x7f\xbf\x95xJco\xe2\xe55\xb3F\xff\x9c\x83\
\x1b\xd0\xea`\x03\xf0\xb7\xc0\x9f\x03\xcb\x93sQ\xcdX\
\x00\xa8\x1f\xa7\x01\xbf\x0b\xbc\x1a\xbf;U\xb3\x95x\xda\
\xe2\xf6]\xfe|\x80X6\xde\xd8\xe7\xff\xde$\xe0 \
`>p\x18\xb1\xdas\xc2h,\x06&\x17\x91\xb4\x0a\
\xb3\x19\xf8\x1c\xf0g\xc4\xbcKc\xf2$\xae^\xfc,\
q\xe1\xb7QIu<\x0a\x5c9\x1aW\x00\xd7\x12o\
N\x1c\x86)\xc0\xb3\x80\xd3\x81\x17\x8e\xc6\xdc!\xfd\x7f\
\xab\xbb\xed\xc0\x97\x80?\x05nL\xceERMM \
\x1a\x92\x5cI\xfe3\xd1F\x9c\xd8\xaf\x03\xfe\x88X\x89\
\x19\xd9\xf3\xd4\xa58\x0ex'\xf0\x1d\xe2\xf6B\xf6x\
\xb5=\xb6\x03\xffJ\xbckC\x92z2\x11\xf8E\xa2\
\x11I\xf6I\xcc\x80\xab\x81wP\xafW\xc9\xce&\xfa\
@|\x83xv={\x0c\xdb\x1e\xdf\x03^\xdau\xc6\
$\xb5\xda\x14\xe0\xad\xc0\x9d\xe4\x9f\xb0\xda\x1e\x0f\x10\xbb\
\xbb\x8f\xeb:c\xf50\x97\xd80z7\xf9\xe3\xda\xf6\
\xb8\x0ex=\xd5[=\x92\x94d\x1a\xf1\xfc\xfer\xf2\
OPm\x8fk\x81\x0bh\xe6\x93\x15#\xc0\xb9\xc0\x97\
\x89\xb7\xe0e\x8fu\x9b\xe3\xc7\xc0\x9bq#\xa7\xd4Z\
\xb3\x80\xdf'v\x88g\x9f\x90\xda\x1c\xdb\x81\xaf\x01/\
\xe8>]\x8dr\x1c\xb1c\xdd\xbd\x02\xb9q/\xb1o\
\xc3\x1e\x1eRK\xcc%v\x08\xaf%\xff\x04\xd4\xf6\xf8\
\x16pr\xf7\xe9j\xb4\x85Dk[\x0b\x81\xdcXE\
\xdc\xa6\xd9\xb7\xfbtI\xaa\xabyD\xfb\xd0\xf5\xe4\x9f\
p\xda\x1e\xb7\x00\xaf\xec>]\xad\xb2\x18\xb8\x8c\xfcy\
i{<A\x9c#\x0e\xee>]\x92\xeab1\xd12\
t3\xf9'\x98\xb6Gg\x13\x96\xfd7v\xef\xe5\xc4\
\xfd\xe9\xecyj{<\x09|\x8ch\x00%\xa9\x86N\
\x02.\xc5\x0dWU\x88\xef\x03/\xeb>]\x1a5\x99\
x\x84p)\xf9\xf3\xd6\xf6\xd8D\xb4\x19>\xaa\xeb\x8c\
I\xaa\x8c\xb3\x89\xe5\xd4\xed\xe4\x9f@\xda\x1e\x97\x03/\
\xee>]\xda\x83\x11\xa2\x11\xd5\xd5\xe4\xcfc\xdbc\x1b\
qNyn\xd7\x19\x93\x94\xa6s\xe1\xcf>Y\xb4=\
:'\xcbS\xbbO\x97\xfap6\xd1a0{n\x8d\
(j_\xd4}\xba$\x0dC\xe7W\xd2\x8f\xc8?1\
\xb4=6\x03\x9f\x05\x8e\xed:c\x1a\x0fW\xb7\xaa\x13\
\x97\x13\xe7\x1e\xf7\xb3HC6\x19x\x13\xb0\x84\xfc\x13\
A\xdbc\x13q\xe1_\xd4u\xc6T\xa4\x13\x891\xdf\
J\xfe\xfc\xb7=n$\xceE\xbe:Z*\xd9T\xe2\
`\xb3]o~\xac#\x1e\x99\xaaS\x8f\xfe\xa6YH\
\xcc\xc1F\xf2\xbf\x0fm\x8f\xbb\x80\xb7awA\xa9p\
\xd3\x81w\x01\x0f\x92\x7f\xa0\xb7=\x1e\x05>\x08\xec\xdf\
m\xc24T\xf3\xb1\xc7EU\xe2^\xe2\x5c\xb5O\xb7\
\x09\x934\xb6\xd9\xc4\xc5\xe61\xf2\x0f\xec\xb6\xc7C\xa3\
s1\xb3\xcb|)\xd7\x81\xc4\x1c\xad&\xff\xfb\xd2\xf6\
xxt.fu\x99/I\xbb1\x978xl\xd7\
\x9b\x1f\xf7\x10\xbfh\xec\x97^\x1f3\x889[A\xfe\
\xf7\xa7\xed\xd1\xe9.xP\xd7\x19\x93\xc4\x11\xc4\xc1\xf2\
\x14\xf9\x07n\xdb\xe3Vb\xbfE\x13\xdf\xcc\xd7\x16\xd3\
\x88B\xe0~\xf2\xbfOm\x8f'\x89s\xdb\xe1]g\
Lj\xa1\xe3\x89]\xcd\xbe\x14%?n\xc0]\xcdM\
3\x85\x98\xd3\xdb\xc9\xff~\xb5=:O\xcd,\xee:\
cR\x0b\x9cD\x1c\x0c\xb6\xeb\xcd\x8f\xces\xcdj\xae\
N\xdf\x8ck\xc8\xff\xbe\xb5=\xec.\xa8\xd6\xb2k_\
u\xe2\xdb\xc0\x99\xdd\xa7K\x0dt\x0e\xf0C\xf2\xbf\x7f\
F\x1c\x83gu\x9f.\xa9\xde&\x10\xbf>\xae$\xff\
\x80k{\xf8\xebC\x1dv\x17\xacN\xd8]P\x8d\xd3\
Yv\xbc\x96\xfc\x03\xac\xed\xd1i\xd7{L\xd7\x19S\
\x1b\xd9]\xb0:\xe1>\x1c\xd5^g\xe3\xd1\x1d\xe4\x1f\
Pm\x8f\x8d\xc0\xc5\xb8\x03Yc[H|W6\x93\
\xff\xbdm{\xd8]P\xb5\xd3y\xf4h9\xf9\x07P\
\xdb\xa3\xf3\x0c\xf2\xc1]gL\xfai\xf3\x89\xef\xce\x06\
\xf2\xbf\xc7m\x8f{\xb1\x17\x87*n_\xe2K\xba\x92\
\xfc\x03\xa6\xed\xf1\x08\xd1Hi\xbfn\x13&\xf5\xc0\xee\
\x82\xd5\x89N7N\xbb\x0b\xaa2<AT'V\x02\
\x17a\x1fr\x15\xcf\x02\xbf:\xb1\x16\xbb\x0b*\xd9|\
\x5c\x22\xacJ,#N\xce{u\x9d1i\xfc\xbc\xc5\
W\x9d\xe8t\x17<\xac\xeb\x8cI\x05r\x93Pu\xe2\
fl\xd7\xab\x1cv\x17\xacN\xd8]P\xa5\xf31\xa1\
\xea\xc4\xf5\xc0\xf9\xf8\xbc\xb0\xf2\xf9\x98ou\xa2\xd3\xdf\
\xe3\x94\xae3&\xf5\xc1F!\xd5\x09\xdb\xf5\xaa\xca\xce\
\x01\xae \xff81\xec\xf0\xa9q:\x1b\xf8\x0e\xf9_\
\xe4\xb6\xc7v\xa2\x00;\xa3\xfbtI\x95\xe1\x8f\x86\xea\
\x84?\x1a\xd4\xb3\xcer\xde\xd5\xe4\x7fq\xdb\x1e\x9d\xe5\
\xbc\x93\xbb\xce\x98T]\xcf\xc1\xdb\x86U\x09\xbb\x0bj\
\x8f&\x13_\x8e%\xe4\x7fQ\xdb\x1e\x9d\x0d=Gw\
\x9d1\xa9>\x16\x11\x1b\x87}\xddw~\xdc\x8a\x1b\x87\
5j*\xf1e\xb8\x93\xfc/f\xdb\xc3Gz\xd4t\
\xf3\xf1\xd1\xe1\xaa\xc4=\xd8]\xb0\xb5\xa6\x13\x93\xff \
\xf9_\xc4\xb6\x87M=\xd46s\xb0yXU\xa2\xd3\
]pf\x97\xf9RC\xcc&&\xfbq\xf2\xbfxm\
\x8f\x87\xb1\xad\xa7\xdam_\xa2s\xe5\xa3\xe4\x1f\x8fm\
\x8f\xb5\xc0\x87\x81\x03\xba\xce\x98ji.1\xb9O\x92\
\xffEk{\xdcK\xac\xbe\xd8\xaeW\x0av\x17\xacN\
x+\xb2A\x8e &\xf3)\xf2\xbfXm\x8f\xbb\x88\
\x93\xdc\xd4\xae3&\xb5\x97\xaf\x10\xafN\xb8\x19\xb9\xc6\
\x8e'&\xcf]\xb7\xf9q\x13>~#\xf5\xc3\xee\x82\
\xd5\x09\xbb\x0b\xd6\xc8I\xc0\xa5\xd8\x80\xa3\x0a\xd1i\xc0\
a\xbb^i0\x13\x88c\xc8\xee\x82\xf9aC\xb2\x0a\
\xebt\xde\xca\xfe\x92\x18v\xde\x92\xca\xe09\xae:\xe1\
9\xae\x02:\xd5\xf1\x95\xe4\x7f!\xda\x1e\x9de\xb2\xd3\
\xba\xce\x98\xa4\xf1\xb2\xbb`u\xe2z\xbc\xbd9t\x9d\
\xfbc\xd7\x91\xff\x05h{l#n\xb9\x1c\xdbu\xc6\
$\x15\xedY\xb8\xcf\xa9*aw\xc1!p\x87lu\
\xa2\xb3C\xf6\xa8\xae3&\xa9l\x0b\xb0\xbb`U\xe2\
\x1e\xec.X\xb8\xbd\x80\xf7`\xd7\xbe*\xc4\x13\xc0G\
\xb0k\x9fT5\x87\x00\x7f\x0e\xac#\xff<\xd1\xf6x\
\x90\xb8f\xed\xd5u\xc6\xd4\xd5\x04\xe2\x17\xff\xfd\xe4O\
h\xdb\xe3Q\xe0\x03\xc0\xfe]gLR\xb6\xfd\x89\x0e\
\x9b\x8f\x91\x7f\xdeh{\xdc\x0f\xbc\x05\xf7\x08\xf4\xed\x04\
\xe0\x07\xe4O`\xdbc\x05\xf0\xdf\x89w'H\xaa\x8f\
\xe9\xc0{\x89c8\xfb<\xd2\xf6\xb8\x15\x9f\x1a\xe8\xc9\
t\xe0/qcKv,\x03~\x0d\xbb\xf6Iu7\
\x958\x96\xef&\xff\xbc\xd2\xf6\xf8\x1a\xb1gC\xbbq\
&\xb0\x94\xfcIjs\xb8\x9bUj&\x9f\x9e\xaaF\
l n\xd1\xf8\xe3j\xd4^\xc0G\x89G\xca\xb2'\
\xa7\xadq\x0d\xf0:\xe2$!\xa9\xb9&\x00\xaf\x01~\
D\xfey\xa7\xcdq3p\xe2\x18s\xd5xG\x017\
\x90?\x19m\x0d\xdb\xf5J\xedew\xc1\xdc\xd8L\xac\
\x06\xb4r\x93\xe0\x05\xc4ce\xd9\x93\xd0\xb6\xd8\x0e|\
\x1d8k\xec)\x92\xd4\x02g\x00_\xc5w\xa8d\xc5\
w\x81\xf9cMRSL\x22\x1aWd\x0fz\xdbb\
\x1b\xf0y\x5cv\x92\xb4{\xcf\x06\xfe\x01\xdb\x0cg\xc4\
c\xc0\xcf\x8d=E\xf56\x03\x97\x9c\x86\x1d\x9b\x89\xae\
}\xc7\xf40?\x92\xb4\x00\xbb\x0bf\xc4v\xe0\xc34\
t/\xd6B`\x09\xf9\x83\xdc\x96X\x0f|\x02\x98\xd7\
\xcb\xe4H\xd2.\x0e!6h\xdb]p\xb8q\x190\
\xab\x87\xf9\xa9\x8dga+\xdfa\xc5\x13D\xf5~p\
O3#I\xdd\xed\x0b\x5c\x84\xdd\x05\x87\x19\xb7\xd1\x90\
}\x01\xa7\x13\xadd\xb3\x07\xb4\xe9\xf1\x08\xb1\xa3t\xbf\
\x9efE\x92\xfa3\x9dx\xd9\xcd\x03\xe4\x9f\xef\xda\x10\
+\x80\x93{\x9a\x99\x8az\x19\xdeG*;\x96\x03\xef\
\x06\xa6\xf58'\x924\x1e{\x01\xbfNt\x0c\xcd>\
\xff5=\x9e\x00\xce\xedmZ\xaa\xe5\x1c\xe0)\xf2\x07\
\xb0\xa9q'\xf0V\xe25\xc9\x924l\x93\x807\x12\
\xcb\xd5\xd9\xe7\xc3&\xc7f\xe0\xbc\x1e\xe7\xa4\x12\xce\xc6\
\x8d#e\xc5-\xd8\xaeWRuL \x1a\x8a]I\
\xfe\xf9\xb1\xa9\xb1\x15\xf8\xa5^'$\xd3\xa9x\xf1/\
#\xae\xc4\xae}\x92\xaa\xed%\xc0\x7f\x92\x7f\xbelb\
l\x01~\xa1\xf7\xa9\x18\xbe\x85\xc0C\xe4\x0fT\x93\xe2\
;\xc0\x8b\xfa\x99\x04IJv&\xf1\xf6;\xbb\x0b\x16\
\x1b[\x81\xf3\xfb\x98\x87\xa1\x99\x0d\xdcA\xfe\x005!\
\xb6\x13\xcf\x82\x9e\xd1\xd7\x0cHR\xb5\x1cO4\x22\xf3\
\x15\xef\xc5\xc5&b\xa5\xa52\xa6\x10/\x96\xc9\x1e\x98\
\xba\xc7V\xa2\x15\xe7\xf1\xfd\x0d\xbf$U\xda\x22\xe0\x12\
`#\xf9\xe7\xd9&\xc4Z\xe09}\xcd@\x89\xfe\x86\
\xfc\x01\xa9sl\x22\xaa\xe4\xc5\xfd\x0e\xbc$\xd5\xc8\x5c\
\xa2_\xc9\x1a\xf2\xcf\xbbu\x8f\x87\x897\xea\xa6z+\
\xf9\x03Q\xd7x\x12\xf8\x0b\xe0\xd0\xbeG]\x92\xeak\
6\xf0G\xc0\xe3\xe4\x9f\x87\xeb\x1c\xb7\x12\x0d\x9aR\x9c\
\x84K:\x83\xc4j\xe0C\xc4A Im5\x03\xf8\
m`%\xf9\xe7\xe5\xba\xc6\x17Ix:l\x1a\xf0\xe3\
q&\xde\xb6x\x98X\xfej\xd4\x8b\x1e$i\x9c\xa6\
\x10\xfdM\x96\x92\x7f\x9e\xaec\xbc\xbf\xff!\x1f\x9f\xbf\
/(\xf16\xc4}\xc0;\x81\xbd\x07\x1aiIj\x87\
\xc9D!\xe0\x9bc\xfb\x8b\xad\x0c\xf1\xc9\x80\xf3\x86\xf0\
\x81\x9a\x10\xb7\x03o!\xbe\xd4\x92\xa4\xde\x8c\x10\xd7\x99\
k\xc8?\x8f\xd7%V\x02\x07\x0e2\xd8\xfd\x98\x85o\
\x83\x1a+n\x22\xaa\xd8\x89\x03\x8e\xb1$)\x9cM\xf4\
E\xc9>\xaf\xd7!\xbe2\xe0\x18\xf7\xec3\x15\xf8\x90\
U\x8d\xcb\xb1]\xaf$\x95\xe1d\xe0R\xec.8V\
\x5c8\xe0\xf8\x8e\xe9%\x15\xf8pU\x8c\x7f\x03~f\
\x1c\xe3*I\xea\xcd\x89\xc0?\x11\xf7\xbd\xb3\xcf\xfdU\
\x8c\xb5\xc0\xfc\x81Gw\x0f&\x11o\xa2\xcb\xfepU\
\x89N\xbb\xde\xd3\xc73\xa8\x92\xa4\x81\x1c\x01|\x1c_\
;\xbf\xbb(\xfcV\xc0oU\xe0CU!\xb6\x11\xcb\
P\xc7\x8do8%I\x05\xe8t\x17\x5cK\xfe\xf5\xa1\
J\xf1\xcaq\x8c\xe93\xcc\xc1\xd6\x8dO\x01\x7fMT\
\x9d\x92\xa4j\x99M4X[M\xfe\xf5\xa2\x0aq\x17\
\xb0\xd7\xb8Ft\xd4_V\xe0\xc3d\xc5:\xe0\x7f\x01\
\x07\x8f{\x14%Ie\xdb\x17\xb8\x08XE\xfe\xf5#\
;\xfep\x9cc\xc9!\xc0\x86\x0a|\x90a\xc7Z\xe0\
\xc3\xc0\xfe\xe3\x1d@I\xd2\xd0M\xc5\xee\x82O\x12+\
\xf8\x03\xbb\xa4\x02\x1fb\x98\xf1\x10q?i\xe6x\x06\
M\x92T\x09\x9d\xee\x82\xb7\x91\x7f}\xc9\x88\x8f\x0c:\
p\xf3\x80\xcd\x15\xf8\x00\xc3\x88e\xc0\xafS\xd0=\x13\
IR\xa5\x8c\x00\xaf\x07\xae%\xffz3\xccXOl\
\x94\xec\xdb\xc7+\x90|\xd9q\x17\xf06\xe21GI\
R\xf3\xb5\xad\xbb\xe0_\xf4;@\x07\x10\xf7\x0f\xb2\x13\
/+\xae!zM\x8f\xf4;0\x92\xa4Fx\x1e\xf0\
u\x9a\xdf]p=\xb0_?\x03\xf3{\x15H\xba\x8c\
\xb8\x1axi?\x03!Ij\xb4\xd3\x88kC\xf6\xf5\
\xa9\xccxO\xaf\x831\x91x\x85mv\xc2E\xc6\x1a\
\xe0\x1d\xf8\x8b_\x92\xf4\xd3F\x88}`\xeb\xc8\xbf^\
\x95\x11K\xe9\xf1=5\xaf\xac@\xb2E\xc6\xf7\x89\x0d\
\x8d\x92$u\xb3\x08\xb8\x92\xfc\xebV\x19\xd1\xd3\xeaw\
S6Gl\x07\xfe'\xbe\x96W\x92\xd4\xbb)D\xe7\
\xd7\xeckX\xd1\xf1\xcfc}\xf0\xb94\xe3-K\x1b\
\x80\x0b\xc6\xfa\xb0\x92$\xed\xc1\xdbi\xc6\xf5p\xe7\xeb\
\xe2\xb4n\x1f\xf87+\x90\xe4xc-\xf0\xfcn\x1f\
R\x92\xa4\x1e\x9c\x07l$\xff\xbaVT\x9c\xdf\xed\xc3\
\xd6\xfd\xde\xc7jbG\xa7$IEx\x05\xb0\x89\xfc\
\xeb[\x11\xf1\xf9=}\xc8#\xa8\xf7\xf3\x90\x1b\xf0\x97\
\xbf$\xa9x\xaf\xa7\x19\xb7\x03\x9e`\x0f\x1do\xdfU\
\x81\xe4\x06\x8dm\xc0kv\xf7\xa1$I*\xc0o\x91\
\x7f\xad+\x22^\xb0\xbb\x0f\xf7\xad\x0a$6h|`\
w\x1fH\x92\xa4\x02\xfd\x1d\xf9\xd7\xbb\xf1\xc6\xef\xed\xfa\
\xa1fP\xdf{\x1c\xff\x8a\x0d~$I\xe5\xdb\x1b\xb8\
\x85\xfc\xeb\xdex\xe2\x1b\xbb~\xa8WW \xa9A\xe2\
Q\xe0\xa0\xdd\xcd\x92$I%x\x16\xf5~2`\x0d\
0\xb2\xf3\xaf\xe6\x17\x1640\xc3\xf6N`Uv\x12\
\x92\xa4\xd6\xb8\x0d\xf8\xe3\xec$\xc6a&p\xcc\xce\xff\
\xe2:\xf2\xab\x92~\xe3?\x8a\x1b\x0fI\x92z6\x05\
XB\xfeup\xd0xMg\x05`\x16pb\x91#\
3\x04\xdb\x80wg'!Ij\xa5\xcd\xc0og'\
1\x0e\x0b;\x05\xc0s\xa9_\xbf\xfcK\x89\x8d\x18\x92\
$e\xf8:\xf0\xbd\xec$\x06\xb4h\xe7\x02\xa0Nv\
\x00\x7f\x9a\x9d\x84$\xa9\xf5\xfe$;\x81\x01\xfdd\x05\
\xe0\xa4\xd44\xfaw\x19\xfe\xfa\x97$\xe5\xfb\x16p}\
v\x12\x03\x98[\xd7\x02\xe0\x13\xd9\x09H\x924\xea\xaf\
\xb3\x13\x18\xc0\xb4\x09\xc4N\xc6\x0d\xd4g\x0f\xc0\x0a`\
\x1e\xb1\x09P\x92\xa4l\xd3\x89k\xd3\x8c\xecD\xfa\xb0\
j\x04XH}.\xfe\x00\xff\x88\x17\x7fIRu<\
\x09|5;\x89>M\x1b\x01\x8e\xce\xce\xa2O_\xc8\
N@\x92\xa4]\xfcKv\x02}\x9a\xd6Y\x01\xa8\x8b\
\xd5\xd4s\xb3\x85$\xa9\xd9\xfe\x9d\xe8\x0dP\x17##\
\xc0!\xd9Y\xf4\xe1\xfb\xc0\xf6\xec$$I\xda\xc5\x06\
\xe0\x9a\xec$\xfa1B\xbd^\xa4S\xd7\x86\x0b\x92\xa4\
\xe6\xab\xd55\xaan+\x00.\xffK\x92\xaa\xea\x86\xec\
\x04\xfa1\x02\x1c\x90\x9dD\x1f\xee\xcaN@\x92\xa4=\
\xb89;\x81~\x8c\x00\xfbf'\xd1\xa3\x0d\xc4s\x96\
\x92$U\xd1\xdd\xc0\xd6\xec$z5B}\x1a\x17\xdc\
C\xbc\x03@\x92\xa4*\xda\x06\xac\xcaN\xa2Wu*\
\x00\xd6f' I\xd2\x18j\xb3R=B\xb4\x02\xae\
\x83u\xd9\x09H\x924\x86\xda\x5c\xabF\xc6\xfe\xafT\
\xc6\xfa\xec\x04$I\x1a\x83\x05@\x09&d' I\
\xd2\x18\xea\xb2\xaa^\xab\x02\xa0.{\x15$I\xed5\
3;\x81^\x8d\x00\x1b\xb3\x93\xe8\x91\x05\x80$\xa9\xea\
\xf6\xcbN\xa0W#\xd4\xe7~Em\x06U\x92\xd4Z\
\xb5Z\x01\xa8\xcb\xe6\xba\x05\xc0\xc4\xec$$I\xda\x83\
\x09\xc0\xfe\xd9I\xf4j\x04x\x22;\x89\x1eM!\x8a\
\x00I\x92\xaah\x11\xb0wv\x12\xbd\x1a\x01\x1e\xcaN\
\xa2\x0fGg' I\xd2\x1e\x9c\x94\x9d@?F\x80\
\x95\xd9I\xf4\xe1\xd4\xec\x04$I\xda\x83\x93\xb3\x13\xe8\
\xc7\x085\xea[\x0c\xbc ;\x01I\x92\xf6\xa0v+\
\x00\x0fd'\xd1\x873\x81\xa9\xd9IH\x92\xb4\x8b\xa9\
\xc0\x19\xd9I\xf4c\x04\xb8+;\x89>\xec\x0d\xfcL\
v\x12\x92$\xed\xe2\x5c`\xdf\xec$\xfa1\x02\xdc\x99\
\x9dD\x9f.\xc8N@\x92\xa4]\x9c\x9f\x9d@\xbf&\
\x00\x93\x80\x0d\xc0\xe4\xe4\x5cz\xf5\x040\x97\xfat0\
\x94$5\xdbd\xe2\x89\xbaZ5\xac\x1b\x01\xb6\x02K\
\xb3\x13\xe9\xc3\xbe\xc0+\xb3\x93\x90$i\xd4+\xa9\xd9\
\xc5\x1f\x9e~\x19\xd0\xf5\xa9Y\xf4\xef}\xd9\x09H\x92\
4\xea\xbd\xd9\x09\x0c\xa2S\x00\xdc\x90\x9aE\xffN\x03\
\x9e\x9f\x9d\x84$\xa9\xf5^\x08\x9c\x95\x9d\xc4 \xea\xba\
\x02\x00\xf0\xfe\xec\x04$I\xadW\xfbk\xd1>\xc0&\
`G\xcd\xe2\x9c2\x06C\x92\xa4\x1e\x9cN\xfeup\
<\xf1\x13?\xac@2\xfd\xc6\x12\xea\xf3\xf4\x82$\xa9\
9&\x01\xd7\x91\x7f\x1d\x1c8:\xb7\x00\x00\xbeW\xd8\
\xb0\x0c\xcf\xb1\xc0;\xb3\x93\x90$\xb5\xce{\xa9Y\xef\
\xffn\xce\xa5\x02\x15\xc9\x00\xb1\x018\xbe\x84\xf1\x90$\
iw\x8e\x22\xae=\xd9\xd7\xbf\xf1\xc6O\xec\x05\xac\xab\
@B\x83\xc4\xad\xd4\xe8\x1d\xcc\x92\xa4\xda\x9a\x02\x5cN\
\xfeu\xaf\xd0\x02\x00\xe0_*\x90\xd0\xa0\xf1\xb7\xbb\x99\
(I\x92\x8a\xf4\xb7\xe4_\xefJ)\x00\xdeR\x81\x84\
\xc6\x13\xbf\xf3\xd3s%IR!\xdeC\xfeu\xae\xb4\
\x02`\x0e\xb0\xa5\x02I\x0d\x1a\xdb\x817\xed\xfa\xa1$\
I\x1a\xa7\x9f#Z\xe7g_\xe7J+\x00\x00\xbeY\
\x81\xa4\xc6\x13\x9b\x81_\xd8\xdd\x07\x93$i\x00\xaf\xa0\
\x19\x9b\xfe\xc6,\x00~\xb9\x02I\x8d7\xb6\x03\xef\xda\
\xdd\x87\x93$\xa9\x0f\x17\x10?,\xb3\xafkC)\x00\
\xa6\x03OV \xb1\x22\xe2\x03\xc4+\x8f%I\xea\xd7\
\xaf\x03\xdb\xc8\xbf\x96\x0d\xad\x00\x00\xf8T\x05\x12+*\
\xbe\x0e\x1c\xb0\xa7\x0f*I\xd2.\xa6\x00\x1f'\xff\xfa\
\x95R\x00\x9cZ\x81\xc4\x8a\x8c\xfb\x81\xb3\xf7\xf4a%\
I\x1a\xb5\x08\xb8\x92\xfc\xebVZ\x01\x00pu\x05\x92\
+2\xb6\x01\x97\xe0j\x80$\xe9\xa7M\x06~\x93\xe6\
\xdc\x02\x1fW\x01pa\x05\x92+#\x1e\x01~\x15_\
\x22$I\x8a.\xb2\xef\x04\xee%\xff\xfaT\x99\x02`\
2p_\x05\x12,+\xee%\x9e\x14\xd8\xa7\xdb H\
\x92\x1ai:q\x0dx\x90\xfc\xebQ\xe5\x0a\x00\x80\xdf\
\xaa@\x82e\xc7\xc3\xc0\x07\x81Yc\x0d\x86$\xa9\xf6\
f\x13\xe7\xfc\xc7\xc8\xbf\xfedGW\xd3\x88%\xf3\xec\
$\x87\x11O\x10\xbb>\x0f\x1ekP$I\xb53\x97\
\xb8\xf0\xaf%\xffzS\x95\x18\xd3\xefU \xc9a\xc6\
z\xe0c\xc0\xe1\xbd\x0c\x8e$\xa9\xd2\x16\x12\x1b\xc07\
\x91\x7f}\xa9Z\x8ci\x1a\xb0\xa2\x02\x89\x0e;6\x03\
\x9f\x05\x8e\xe9e\x90$I\x95r<q\x0e\xaf\xf3\xfb\
m\xca\x8e\x9e\xfcZ\x05\x12\xcd\x8am\xc0eDo\x04\
IR\xb5\x9d\x04\x5cJ\xb4\x84\xcf\xbe~T=z2\
\x11XR\x81d\xb3\xe3r\xe0\x9c^\x07M\x9244\
g\x13?\xd6\xb2\xaf\x13u\x8a\x9e\xbd\xb4\x02\xc9V%\
.\x07^\x85\xef\x19\x90\xa4L\x13\x88sq[:\xf7\
\x15\x1d}\xf9b\x05\x12\xaeR\xdc\x04\xbc\x89X!\x91\
$\x0d\xc7\x08q\xe1\xbf\x96\xfc\xeb@\x9d\xa3/\x07\x01\
k*\x90t\xd5\xe2n\xa2\xa1\xc4^\xfd\x0e\xa8$\xa9\
gS\x88\x1f]w\x90\x7f\xdeoB\xf4\xed7+\x90\
tUc%p\x11v\x17\x94\xa4\x22M#~d-\
'\xff<\xdf\xa4\xe8\xdbD\x9a\xf7\xa2\xa0\xa2\xe3a\xe0\
w\x81\x99\x83\x0c\xb0$\x09\x80\xfd\x80?\xa0=\x0d\xe9\
\x86\x1d\x03YDt\xce\xcbN\xbe\xea\xd1\xe9.x\xc8\
`\xc3,I\xadt \xd1\xb5o5\xf9\xe7\xf1&\xc7\
\xc0\xdeZ\x81\xe4\xeb\x12\x1b\x89\x86\x14\x8b\x06\x1aiI\
j\x87\xf9\xc4\x8f\xa6\xf5\xe4\x9f\xb7\xdb\x10\xe3\xf2O\x15\
\xf8\x00u\x8aNw\xc1c\x07\x19lIj\xa8\x85\xc4\
\x85\x7f#\xf9\xe7\xe96\xc5\xb8\xcc\xa2\x9d\xefP\x1eo\
t\xba\x0b\x9e\xde\xf7\x88KRs\x9c@\xfc(\xdaJ\
\xfey\xb9\x8d1n\xa7\x03OU\xe0\x83\xd45\xfe\x0d\
xA\xdf\xa3.I\xf5\xf5|\xe0\x9b\xe4\x9f\x7f\xdb\x1e\
\x858\x1f\xfb.\x8f7\xae\x1b\x1dG\xbb\x0bJj\xaa\
\xb3\x81\xef\x90\x7f\xbe5\x22\x0a\xf3\xc7\x15\xf80M\x88\
\x9b\x89F\x17\x93\xfa\x1b~I\xaa\xa4N\xd7>\x1f\x1f\
\xaf^\x14f\x02\xf0\x85\x0a|\xa0\xa6\xc42\xec.(\
\xa9\xbe&\x13?f|\x91\x5cu\xa3P\xd3\x80\xab*\
\xf0\xa1\x9a\x14\xcb\x81w\x8f\x8e\xad$U\xdd\xde\xc0;\
p\x83x\x1d\xa2p3\xf1\x05\x0de\xc4#Dc\x8c\
\xfd{\x9e\x09I\x1a\x9e\xe9\xc4\xaa\xe5\x83\xe4\x9f/\x8d\
\xde\xa2\x14\x07\x02\xb7U\xe0\xc351\xd6\x11\xcf\xcb\x1e\
\xda\xf3lHRyf\x13?N\x1e#\xff\xfch\xf4\
\x17\xa5\x99\x0b\xdc^\x81\x0f\xd8\xd4\xd8D<?{T\
\xaf\x13\x22I\x05\x9aK\x5c\xf8\xd7\x92\x7f>4\x06\x8b\
R\xcd\xc3\xd76\x96\x1d[\x88B\xe0\xb8\x1e\xe7D\x92\
\xc6c!p\x09v\xedkB\x94n\x7f\xe0\x8a\xa4\x0f\
\xd7\xa6\xd8Nt\x17<\xa3\xb7i\x91\xa4\xbe\x1cO\xfc\
\xd8\xd8B\xfe\xf9\xce(&\x86b\x1av}\x1af\x5c\
N<w+I\xe3u\x12q\xe1\xdfF\xfe\xb9\xcd(\
6\x86f\x0a\xf0\x8f%}\x08c\xf7q%\xf0j\xec\
.(\xa9\x7f/\x06\xfe\x83\xfc\xf3\x98Q^\x0c\xd5\x04\
\xe0\x22|\xf1\xc3\xb0\xe3\x16\xec.(il\x13\x88\xd5\
\xc3+\xc9?o\x19\xe5G\x8a\x97\xe1##\x19q\x0f\
\xf1\x9c\xee\xdecO\x91\xa4\x16\xe9\xb4\xeb\xb5\x87K\xbb\
\x22\xcd<\xec\x0d\x9d\x15\x0f\x11\x8f\xef\xcc\x1ck\x92$\
5\xda\x14bu\xd0G\xb6\xdb\x19\xa9\xf6\x01.\xc67\
\x09f\xc5c\xd8]Pj\xa3i\xc0{\x80\x07\xc8?\
\x0f\x19yQ\x09\xe7\x12=\xef\xb3\x07\xa3\xad\xf1$\xd1\
]\xf0\xb0\xb1&JR\xad\xcd n\x03\xae$\xff\xbc\
c\xe4Ge\xcc$V\x03\xb2\x07\xa4\xcd\xd1\xe9.\xb8\
x\x8c\xb9\x92T/\x07\x12\xab}\xab\xc9?\xcf\x18\xd5\
\x89\xca9\x0fW\x03\xb2c\x0b\xf0\x0f\xc0\xb3\xc7\x98+\
I\xd56\x1f\xf8\xdf\xc0\x06\xf2\xcf+F\xf5\xa2\x92\xf6\
!\xaa\xd5\xa7\xc8\x1f\xa0\xb6\xc7\xb7\x813\xbb\xce\x96\xa4\
\xaaYH\xdc\xd6\xb3]\xaf\xd1-*\xed0bI:\
{\x90\x8c\xa7\xbb\x0b\xdaTH\xaa\xae\x13\x88s\xa6\xbd\
V\x8c^\xa2\x16^\x88\x1d\xa9\xaa\x12W\x03\xaf#\x9e\
\x1b\x96T\x0d\xcf\x07\xbeA\xfe\xf9\xa1\xed\xb1\x85z\xf5\
\xb8\xa9\x95NOj\xab\xdb\xfc\xb8\x13x\x1b0\xb9\xeb\
\x8cI*\xd3\xd9\xc4m\xba\xec\xf3A\xdbc\xe7\xd7\xb3\
\x7f\xa1\x02\xf9\xf4\x1a\xb5\xf4,|+UU\xe2^\xec\
.(\x0dS\xa7k\xdf\x8f\xc8?\xfe\xdb\x1e\xeb\x88\xbd\
\x16\x87\xee4?\x16\x00C\xb2\x80\x18|w\xb8\xe6\xc7\
\xc3\xc4\xc6\xcdY]\xe6K\xd2\xe0&\x13]\xfb\x96\x90\
\x7f\xbc\xb7=\xd6\x02\x1ff\xf7M\xd4,\x00\x86l\x0e\
q\xf1YC\xfe\x80\xb6=\x9e \x8a\xb2\x83\xbaM\x98\
\xa4\x9eM%.\xfcw\x92\x7f|\xb7=zi\xa3n\
\x01\x90d_\xe2m\x83u\xda\x84\xd1\xd4\xe8t\x17<\
\xbc\xeb\x8cI\xda\x93\xe9\xc4\xed\xb5\x07\xc9?\x9e\xdb\x1e\
\xf7\xd2\xfb\xadN\x0b\x80d\x9d\x03\xc7>\xd7\xf9\xd1\xd9\
\x1csL\xd7\x19\x93\xd41\x9b\xf8\x95\xe9\x0f\x99\xfc\xb8\
\x8b\xfe7;[\x00TD\xe7MWw\x90?\xd0m\
\x8fm\xc0e\xc0s\xbb\xce\x98\xd4^s\x89\x0b\xffZ\
\xf2\x8f\xd7\xb6\xc7\x8d\xc4\xb5cb\xb7\x09\xdb\x03\x0b\x80\
\x8a\xe9\xec\x9a\xbd\x8e\xfc\x017\xa2\xa9\xd0\x8b\xbb\xce\x98\
\xd4\x1e\x0b\x88\xdbev>\xcd\x8f\x22\x1a\x9eY\x00T\
\xd4\x04br\xaf$\x7f\xe0\x0d\xbb\x0b\xaa\xdd\x8e\xc7\xc7\
\x99\xab\x12E\xfe(\xb1\x00\xa8\x81\xb3\x89%\xe9\xec\x09\
0\xc6\xb7\xdc&\xd5M\xa7\xa1\xd96\xf2\x8f\xbd6G\
\xe7\xb6\xe4\xa9\xdd\xa7\xabo\x16\x005r\x12p)\xb0\
\x9d\xfc\xc9h{\xdcEl\xde\x9c\xdau\xc6\xa4z\xf2\
GG5b3Q\x80\x1d\xdb}\xba\x06f\x01PC\
.\xc7U'\xee#\x0a\x81}\xba\xce\x98T}\x9d\xdb\
\x8eW\x90\x7f\x5c\xb5=:O$-\xea:c\xe3g\
\x01PcG\xe0\x86\x9c\xaaD\xa7\xbb\xe0~\xdd&L\
\xaa\xa0\xce\xc6\xe3k\xc9?\x8e\xda\x1e\x9dv\xbd\x87t\
\x9d\xb1\xe2X\x004@\xe7\x91\x1c\xbb\x0b\xe6G\xa7\xbb\
\xe0\xc1\xdd&L\xaa\x80\xce\xa3\xc7\xb7\x93\x7f\xdc\xb4=\
\x1e%\xce\xe1\xbbk\xd7[&\x0b\x80\x069\x00\x9br\
T%6\x02\x17\x03\xf3\xbaM\x98\x94`\x1aq\xdbj\
9\xf9\xc7I\xdb\xa3\x97v\xbde\xb2\x00h \xbb\x0b\
V'\xca\xde\xc4#\xf5j\x06q^XI\xfeq\xd1\
\xf6\xb8\x87j\xbc\x99\xd4\x02\xa0\xc1:K|K\xc9\x9f\
\xbc\xb6G\xe71\x9e\xd3\xba\xce\x98T\xbc\x03\x89_\x99\
\xab\xc9?\x0e\xda\x1e\xb7\x12\xe7\xe4I\xdd&l\x88,\
\x00Z`\x048\x1f\xb8\x8d\xfcI4\x9en*$\x95\
i\x1e\xb1\x1fe=\xf9\xdf\xf9\xb6GU\xfb\x87X\x00\
\xb4H\xe71\x9f\xab\xc8\x9fL\xc3\xee\x82*\xc7\x91\xc4\
\x85\x7f#\xf9\xdf\xf1\xb6G\xd5\x8fq\x0b\x80\x96\xb2\xd1\
Gu\xe2&\xaa\xb5,\xa8z:\x81\xd8o\xb2\x95\xfc\
\xeft\xdb\xe3r\xe0E\xdd\xa7\xab\x12,\x00Z\xee\xcb\
\xe4O\xac\x11q\x07\xf0_\x89\xbd\x1bR\xaf\xce\x06\xbe\
\x81\x1dB\xab\x12\xff\xdc}\xba*\xa56\x05\xc0HY\
#\xd0r\x9b\xb3\x13\xd0O\x1c\x0d\xfc\x1dp?p\x11\
\xf1\xb8\x96\xb4'\x9dU\xbc\x1f\x00?Gu\x97\x99\xdb\
f[v\x02Md\x01\xa0\xb6\x98\x0b|\x18\xb8\x97\x9c\
\xe6 \xaa\xaeN\xd7\xbe\x1f\x11\x17\xfeW\xe6\xa6#\x0d\
\x87\x05\x80\xdaf6\xf0\x87\xc4\xfb\x06\x86\xd9\x1eT\xd5\
3\x99\xd8'r+\xf05|\x9cT-c\x01\xa0\xb6\
\x9a\x0e\xfc&\xb0\x8c\xd8\xe4uTn:\x1a\xa2N/\
\x8f%\xc0g\xb0\xa1\x94Z\xca\x02@m7\x15x#\
\xd1\xbb\xfdR\xe0\xb8\xdctT\xa2N7\xcf{\x88\x0b\
\x7f\xd9o\x85\x93*\xcd\x02@\x0a\x9d\xc6N\xb7\x10\x9b\
\xc0N\xcfMG\x05\xea\xbc\xcf\xe3>\xe0cx\xdbG\
\x02,\x00\xa4]\x8d\x10\x9b\xc0\xae\xc2\xee\x82u\xd7y\
\xa3\xe7\xdd\xc4\xbe\x0f7~J;\xb1\x00\x90\xf6\xecy\
\xc4\xe6\xb0\xeb\x88\xd5\x01\x1f\x09\xab\x87\x05\xc4\x06\xcf{\
\x88\x0b\x7f\xd6[\xe1\xa4J\xb3\x00\x90\xc6v2\xb1?\
\xe0f\xec.Xe\xc7\x13\x1b:\xef$6xf\xbf\
\x15N\xaa4\x0b\x00\xa9w\xc7\x13\x9b\xc7\x96\x12\x9b\xc9\
\xf6\xcaMG\xa3\x9eC\x5c\xf8o\x226tZ\xa0I\
=\xb0\x00\x90\xfaw\x04\xb1\x99\xec^\xe2\x1e\xb3K\xcc\
9:]\xfbn .\xfc\x9e\xcf\xa4>x\xc0H\x83\
\x9bK\xdcc\xbe\x1b\xbb\x0b\x0e\xd39\xc0\x15\xd8\xb5O\
\x1a\x17\x0b\x00i\xfc\x0e\xe0\x99\xdd\x05\x0f\xcdM\xa7\x91\
:\xedz\xaf\x05\xbe\x0d\x9c\x99\x9b\x8eT\x7f\x16\x00R\
qv\xed.xtn:\x8d\xb0s\xd7\xbe\xaf\x01\xa7\
\xe4\xa6#5\x87\x05\x80T\xbc)\xc4=\xe9\x1f\x13\xf7\
\xa8O\xceM\xa7\x96\xa6\x11\x1b-\xef\x226^.\xce\
MGj\x1e\x0b\x00\xa9<\x9d\xa6B\xd7\x02_\x06N\
\xc8M\xa7\x16f\x01\xbfOl\xb0\xfc\x18pxj6\
R\x83Y\x00H\xe5\x9b\x00\xbc\x16\xb8\x1e\xb8\x18\x98\x93\
\x9bN%\xed\x07\xfc\x09\xb1\x8f\xe2C\xc4[\x1b%\x95\
\xc8\x02@\x1a\x9e\x89\xc0\xdb\x88=\x02\x1f\xc4>\x02\x10\
\xb7K\xdeE<I\xf1;\xc0\xbe\xb9\xe9H\xeda\x01\
 \x0d\xdf4\xe2\xa9\x81\xa5\xc0o\xd0\xce\x8eu\x93\x81\
\xb7\x12\xc5\xd0\xc7\x88\x15\x00ICd\x01\xa0of'\
\xd0b\x87\x03\x9f z\xd6\xbf\x97x\x8a\xa0\xe9f\x02\
\xef#.\xfc\x9f\xc4G&3y\xec\xb7\x9c\x05\x80^\
N\xecR\xff\x22\xb0=9\x97\xb6\x9a\x0b\xfc/\xe0~\
\xe2\xd7\xf0q\xb9\xe9\x94\xe2\x08\xe0\xa3\xc4g\xfc\x08p\
Xn:\xad\xb5\x1d\xf8\x12\xf18\xe5\xcb\x93s\x91\x1a\
\xe9\x0b\xc0\x8e\x9a\xc4\xce\x16\x03\x7f\x0fl\xae@^m\
\x8f\xef\x01\xbfD\xbdo\x0f\xcc\x00.\x04\xfe\x1fq\xe1\
\xc9\x1e\xd36\xc7f\xe0\xd3\xc01\xbb\xccQv^\xbd\
\xc6\xa5\xd4G]\xcf\xff*H\xdd\xbf\x00\xf3\x88\xa5\xe9\
\xf5\x15\xc8\xaf\xed\xf1$q\xf2{\x03\xf5\xb8E0\x1d\
8\x0f\xf8\xbfD\xee\xd9\xe3\xd7\xf6x\x0a\xf8\xdf\xc0\xfc\
=\xccWv~\xbd\x86\x05@9\xa1\x124\xe5\x0b0\
\x87x4kM\x05\xf24`\x03\xd1\x0d\xef]DO\
\x81\xaa\xdc\xc2;\x9a\xd8\xcc\xf8\xef\xc0F\xf2\xc7\xc9\x80\
'\x80?\x03\x0e\xea2oT \xcf^\xc3\x02\xa0\x84\
\xf0\xb5\x99\xea\xe6a\xe0w\x89\x13\xc9;\x88\x0b\x8f\xcf\
\xb0\xe7\xd9\x9b\xe8\x87\xff\xaa\xd1\x7f~\x8c\xb8Up\x15\
p#p3\xf0P\xc99\xec\x07\x9cH\xf4\xe2?\x13\
8\x038\xb0\xe4\xffO\xf5\xee1b\xf5\xee\xaf\x80\xd5\
\xc9\xb9\xa8\xe2,\x00\xd4\x8b\xb5\xc4J\xc0\xc7\x88G\xb7\
\xde\x8b\x1d\xda\xaa\xe0\x00b\xb9\xfd\xbc\x9d\xfe\xddCD\
!\xb0\x0cx\x80\xd8t\xb7\x1cXA,\xc9o`\xcf\
\x17\x86)\xa3\xff\x9b\x07\x12\x1b\x13\xe7\x10\xbf \x8f&\
\xf6\x87\x1c\x8b\x05`U\xad 6Y^B\xcc\xb34\
&\x0b\x00\xf5c\x03\xf1\xeb\xe2o\x80_\x06.\xc2\x17\
\xdeT\xcd\x5c\xe0%=\xfc\xf7\xd6\x13\x1b\xc3\xa6\x02\xfb\
\x94\x9a\x91\xca\xb4\x8cx\xaa\xe2\xd3\xc0\xa6\xdcTT7\
U\xb9\x87\xa8z\xd9L<-p,\xf0j\xe0\x9a\xdc\
t4\x80i\xc4r\xbe\x17\xffz\xba\x0dx3\xb12\
s1^\xfc5\x00\x0b\x00\x8d\xc7v\xe2mw\xa7\x01\
\xcf\x07\xfe#7\x1d\xa9\xf1n$.\xfc'\x12\xaf\x9c\
\xde\x9a\x9b\x8e\xea\xcc\x02@E\xb9\x1c8\x87(\x04\xbe\
N\xec2\x95T\x8c\x1f\x12\xabm'\x13\x17\xfem\xb9\
\xe9\xa8\x09,\x00T\xb4\xcb\x89]\xea\xcf!\x9e\x05\xf7\
D%\x0d\xee;\xc0\xf3\x80\xb3\x89\xd56\x0bk\x15\xc6\
\x02@e\xb9\x19x\x13\xb1I\xf0\x13x\x8fR\xea\xd5\
vb\x10\x04o\x1c\x00\x00\x13\xe6IDAT\x15\xed\
TbC\xe7\x15\xb9\xe9\xa8\xa9,\x00T\xb6eD\xff\
\x80N!\xb0!7\x1d\xa9\xb2\xb6\x10\xabf\xcf\x22V\
\xd1\xae\xcdMGMg\x01\xa0a\xb9\x9f(\x04\x16\x00\
\xff\x03\x9b\x94H\x1d\x9b\x88\xe7\xf7\x17\x11\xabf\xb7\xe7\
\xa6\xa3\xb6\xb0\x00\xd0\xb0=\x02|\x90\xe8M\xfen`\
ej6R\x9eu\xc4\xaa\xd8\x91\xc0\xdb\x89\x22Y\x1a\
\x1a\x0b\x00eY\x07|\x9cxM\xec\xdb\x89nuR\
\x1b<J\xac\x82\xcd'V\xc5V\xe4\xa6\xa3\xb6\xb2\x00\
P\xb6\xce\xf2\xe7B\xe2\xf9f\x97?\xd5T\x0f\x01\xef\
'n\x83}\x10o\x83)\x99\x05\x80\xaab\x0b\xf1|\
\xf3\xb3\xb0\xbb\xa0\x9a\xe5\x1e\xe2v\xd7\x02\xe2\xc5Z\xeb\
S\xb3\x91FY\x00\xa8j\xec.\xa8\xa6\xb8\x95X\xd5\
:\x9a\xb8\xdd\xb517\x1d\xe9\x99,\x00Tev\x17\
T\x1d\xdd\x00\xbc\x018\x01\xdb\xf5\xaa\xc2,\x00T\x07\
\x9d\xee\x82'awAU\xd7\xce\xedz\xbf\x88\x05\xab\
*\xce\x02@ur\x13\xf1\x9c\xf4b\xec.\xa8j\xd8\
A\xacN\x9d\xc9\xd3\xedz\xa5Z\xb0\x00P\x1d\xdd\x8d\
\xdd\x05\x95k\xe7v\xbd\xaf\x02\xae\xcaMG\xea\x9f\x05\
\x80\xeal\xd7\xee\x82kR\xb3Q\x1bl&nC\x1d\
G\x5c\xf8\xaf\xcbMG\x1a\x9c\x05\x80\x9a\xa0\xd3]p\
\x1ev\x17T9vm\xd7{Gn:\xd2\xf8Y\x00\
\xa8I\xec.\xa8\xa2u\xda\xf5\xfa\x9dR\xe3X\x00\xa8\
\x89\xec.\xa8\xf1z\x84g\xb6\xebuUI\x8dc\x01\
\xa0&\xdb\xb5\xbb\xa0\xafW\xd5XVa\xbb^\xb5\x84\
\x05\x80\xda\xa0\xd3]\xf0T\xec.\xa8\xdd[F\xec\x1f\
9\x82h\xd7\xeb\x93%j<\x0b\x00\xb5\x8d\xdd\x05\xb5\
\xb3[\x88\xdbD\x8b\xb1]\xafZ\xc6\x02@mew\
\xc1v\xbb\x9eh\xd7{\x22\xb6\xebUKY\x00\xa8\xed\
v\xee.x\x09\xb1o@\xcd\xd5i\xd7{\x0a\xb6\xeb\
U\xcbY\x00H\xe1n\xe21\xaf\xa3\xb0\xbb`\xd3t\
\xda\xf5\x9e\x81\xedz\xa5\x9f\xb0\x00\x90\x9e\xe9>\xe2\xb1\
\xaf\x85\xc0\xff\xc1\xa5\xe1:\xdb\x0a|\x0ex6q\xbb\
\xe7G\xb9\xe9H\xd5b\x01 \xed\xde*\xe0\xbf\x11\x17\
\x8f\xaf$\xe7\xa2\xfe\xec\x00\xbe\x00\x1c\x0b\xbc\x11\xb8-\
7\x1d\xa9\x9a,\x00\xa4\xeen\x07^G,\x1f\xff \
9\x17\x8d\xed\x0a\xe2\x09\x8f\x0b\x80\xbb\x92s\x91*\xcd\
\x02@\xea\xcd\x8f\x80\x17\x10;\xc7\xefL\xceE?\xed\
\x16\xe0\x15\xc0\xf3\x88\x8d~\x92\xc6`\x01 \xf5n\x07\
\xb1s\xfcX\xe2\x17\xe6\xf5\xb9\xe9\x88\xd8\xbc\xf9\x16\xe0\
9\xc07\x92s\x91j\xc5\x02@\xea\xdf6\xe2\x1e\xf3\
)\xd8P(\xcb\x8dD\x03\x9fc\x80O\x13\xdd\x1e%\
\xf5\xc1\x02@\x1a\x9f]\x1b\x0a\xf9\xd4@\xb9:\xcf\xf1\
\x9f\x84\x0d|\xa4q\xb1\x00\x90\x8a\xd1i(t$\xf0\
\x01\xe0\x9e\xdct\x1ae\x03\xf0\x19\xa2k\x9f\xcf\xf1K\
\x05\xb1\x00\x90\x8a\xb5\x1c\xf8\x10\xb0\x88\xb8=p\x09\xb0\
>5\xa3\xfa\xba\x8exA\xcf\xe1\xc0\x85\xc0\xcd\xa9\xd9\
H\x0dc\x01 \x95c;q{\xe0\xed\xc0a\xc0;\
\x80\xabp\xaf\xc0XV\x02\x1f!6Z>\x97xA\
\xcf\xe3\xa9\x19I\x0d5);\x01\xa9\x05\xd6\x00\x7f=\
\x1a\x87\x10{\x06^\x0b\xfc,051\xaf\xaaXN\
,\xeb\x7f\x15\xf8O\xbc\xaf/\x0d\x85\x05\x804\x5c+\
\x80\x8bGc\x1f\xe0\xc5\xc0\xf9DQ0+1\xafa\
[B\x5c\xf4\xbfNl\xecseD\x1a2\x0b\x00)\
\xcf\x06\xe2\x22x\x190\x91\xd8\xe4\xf6\xfc\xd1x\x1ep\
P^j\x85\xbb\x83\xe8\xd2\xf7\x03\xe0;\xc4\xaf~I\
\x89,\x00\xa4j\xd8F4\x16\xba\x9e\xb8\xef\x0dp4\
Q\x08\xfc\x0c\xd1\xe8\xe6X\xeaq\xcb`\x13p\x03\xf1\
\xcb\xfer\xe2\xc2\xffpjF\x92~\x8a\x05\x80T]\
KG\xe3S\xa3\xff<\x91x\xcc\xf0\xd9D1p<\
p\x1c\xb0\x98\x9c\xc2`\x03\xf1\xae\x84%\xa3\xf1c\xe2\
\xc5;\xcb\x88\x82FR\x85Y\x00H\xf5\xb1\x8dx\x0f\
\xc1\xee\xdeE0\x9b\xb8ep\xe8\xe8\x9f\x87\xec\xf4\xe7\
,\xe2X\x9fA\x14\x11\xfb\x02\x13x\xe6\x9e\x83u\xc4\
\xe6\xbb\xcd<\xfd\xd8\xe2\x9a\xd1XI\xfc\x82\x7fp\xf4\
\xcf\x95\xa3\xb1\x0a;\xf0I\xb5e\x01 5\xc3\xa3\xa3\
qkv\x22\x92\xea\xc1>\x00\x92$\xb5\x90\x05\x80$\
I-d\x01 IR\x0bY\x00H\x92\xd4B\x16\x00\
\x92$\xb5\x90\x05\x80$I-d\x01 IR\x0bY\
\x00H\x92\xd4B\x16\x00\x92$\xb5\x90\x05\x80$I-\
d\x01 IR\x0bY\x00H\x92\xd4B\x16\x00\x92$\
\xb5\x90\x05\x80$I-d\x01 IR\x0bY\x00H\
\x92\xd4B\x16\x00\x92$\xb5\x90\x05\x80$I-d\x01\
 IR\x0bY\x00H\x92\xd4B\x16\x00\x92$\xb5\x90\
\x05\x80$I-d\x01 IR\x0bY\x00H\x92\xd4\
B\x16\x00\x92$\xb5\x90\x05\x80$I-d\x01 I\
R\x0bY\x00H\x92\xd4B\x16\x00\x92$\xb5\x90\x05\x80\
$I-d\x01 IR\x0bY\x00H\x92\xd4B\x16\
\x00\x92$\xb5\x90\x05\x80$I-d\x01P\x8em\xd9\
\x09\xf4ajv\x02\x92R\xec\x95\x9d@\x1f\xb6f'\
\xd0D\x16\x00\xe5\xd8\x92\x9d@\x1f\xf6\xc9N@R\x8a\
:\x1d\xfb\x9b\xb3\x13h\x22\x0b\x80rX\x00H\xaa\xba\
i\xd9\x09\xf4\xc1\x02\xa0\x04\x16\x00\xe5\xb0\x00\x90Tu\
\x16\x00-g\x01P\x8e\xf5\xd9\x09\xf4\xc1\x02@j\xa7\
:\x1d\xfb\x1b\xb3\x13h\x22\x0b\x80r\xac\xcdN\xa0\x0f\
\xb3\xb3\x13\x90\x94\xe2\xc0\xec\x04\xfa\xb0&;\x81&\xb2\
\x00(G\x9d\xbe\xac\xf3\xb3\x13\x90\x94\xa2N\xc7~\x9d\
\xce\xa9\xb5a\x01P\x8e:}Y\xebt\x12\x90T\x9c\
:\x1d\xfbu:\xa7\xd6\x86\x05@9Vg'\xd0\x87\
:\x9d\x04$\x15g^v\x02}\xb0\x00(\x81\x05@\
9Vd'\xd0\x07\x0b\x00\xa9\x9d\x16d'\xd0\x87:\
\x9dSk\xc3\x02\xa0\x1cu\xfa\xb2.\xceN@R\x8a\
\xa3\xb3\x13\xe8\xc3\xca\xec\x04\x9a\xc8\x02\xa0\x1c\x0fS\x9f\
\xd6\x95\x07\x03\x87f'!i\xa8\x16\x00s\xb2\x93\xe8\
\xd1V\xe0\xa1\xec$\x9a\xc8\x02\xa0\x1c\xdb\x81U\xd9I\
\xf4\xe1\xb9\xd9\x09H\x1a\xaaS\xb2\x13\xe8\xc3*\xe2\x9c\
\xaa\x82Y\x00\x94gYv\x02}\xb0\x00\x90\xda\xe5\xd4\
\xec\x04\xfaP\xa7si\xadX\x00\x94\xe7\xce\xec\x04\xfa\
`\x01 \xb5K\x9d\x8e\xf9\xbb\xb2\x13h*\x0b\x80\xf2\
\xd4\xa9\x008\x13\x98\x9c\x9d\x84\xa4\xa1\x98\x02\x9c\x96\x9d\
D\x1f,\x00Jb\x01P\x9e:}ig\x02ge\
'!i(\xce\x06fd'\xd1\x87:\x9dKk\xc5\
\x02\xa0<\xb7e'\xd0\xa7\x97e' i(^\x9e\
\x9d@\x9f\x96d'\xd0T\x16\x00\xe5\xb9\x13\xd8\x90\x9d\
D\x1f\xeavR\x904\x98:\x1d\xeb\x9b\x80;\xb2\x93\
h*\x0b\x80\xf2l\x03n\xcdN\xa2\x0f'\x00\x87g\
'!\xa9T\x0b\x80c\xb3\x93\xe8\xc3\xad\xd4\xa7\xa7J\
\xedX\x00\x94\xeb\xe6\xec\x04\xfat~v\x02\x92J\xf5\
\x86\xec\x04\xfatcv\x02Mf\x01P\xaek\xb3\x13\
\xe8\xd3\x85\xd9\x09H*\xd5\x9b\xb3\x13\xe8\xd3\xf5\xd9\x09\
4\x99\x05@\xb9\xae\xccN\xa0O\xcf\x06N\xceNB\
R)N\x07\x8e\xcbN\xa2OWd'\xd0d\x16\x00\
\xe5\xba\x15X\x9b\x9dD\x9f.\xccN@R).\xcc\
N\xa0OOR\xaf}T\xb5c\x01P\xae\xed\xc0\x8f\
\xb2\x93\xe8\xd3\x7f\x01\xf6\xcaNBR\xa1\xf6\x01.\xc8\
N\xa2OW\xe3\x06\xc0RY\x00\x94\xef\xf2\xec\x04\xfa\
t\x00\xf5\xfb\xa5 \xa9\xbb\xff\x0a\xcc\xcaN\xa2Ou\
;w\xd6\x8e\x05@\xf9\xbe\x93\x9d\xc0\x00\xde\x07L\xca\
NBR!&\x01\xff=;\x89\x01|;;\x81\xa6\
\xb3\x00(\xdf\xd5\xc0\x9a\xec$\xfat$\xf0\xf3\xd9I\
H*\xc4/\x12\xcf\xff\xd7\xc9:\xeaw\xfb\xb4v,\
\x00\xca\xb7\x0d\xf8^v\x12\x03x?0!;\x09I\
\xe32\x01\xf8\xed\xec$\x06\xf0]`Kv\x12Mg\
\x010\x1c\xff\x9e\x9d\xc0\x00N\x04^\x93\x9d\x84\xa4q\
y=p|v\x12\x03p\xf9_\x8dq\x08\xf1D\xc0\
\x8e\x9a\xc5\xdd\xc0\xd4\x12\xc6CR\xf9\xa6\x10\xef$\xc9\
>\x8f\x0c\x12\x0b\x8a\x1f\x8e\xa1\xf9\x02\xf9\xe3\xd7S\xb8\
\x020\x1c+\x88\xbd\x00us$\xf0\x8e\xec$$\x0d\
\xe4=\xc0\xa2\xec$\x06p\x03pov\x12m`\x01\
0<_\xcdN`@\x7f\x00\xcc\xceNBR_\xe6\
\x00\xbf\x93\x9d\xc4\x80\xeaz\xae\xac\x1d\x0b\x80\xe1\xf9\x97\
\xec\x04\x064\x0b\xf8Pv\x12\x92\xfa\xf2\xc7\xc0\xcc\xec\
$\x06\xf4\x95\xec\x04\xa42\x5cG\x05\xee\xfb\x0c\x10\xdb\
\x81\x97\x960\x1e\x92\x8a\xf7b\xea\xb9\xe7h\x07\xb0\xa4\
\x84\xf1\x186\xf7\x00h\xb7\xfe1;\x81\x01M\x00.\
\x06\xf6\xcdNDRW\xfb\x02\x7fO}\x1f\xe1\xfd\xbf\
\xd9\x09\xb4\x89\x05\xc0p\xfd\x13\xd1\x17\xa0\x8e\xe6\x03\x1f\
\xcdNBRW\x7f\x09\xcc\xcbNb@;\x80\xcfg\
'!\x95\xe9[T`\xe9g\xc0\xd8\x0e\xbc\xbc\xf8!\
\x91T\x80W\x90\x7f\x8e\x18O|\xb7\xf0\x11\xc9\xe1-\
\x00\xed\xd1'\xb3\x13\x18\x87\x09\xc0\xe7\x80\x85\xd9\x89H\
z\x86\x05\xc0\xa7\x93s\x18\xaf:\x9f\x1b\xa5\x9eL&\
\xfa\x02\xa4W\x7f\xe3\x88\x9b\x80iE\x0f\x8c\xa4\x81\xec\
M}7\x18w\xe2Q\x9a\xf3\x1arW\x00\xb4G[\
\x80\xcfd'1N'`\xb5.U\xc1\x04\xe0S\xc0\
\xc9\xd9\x89\x8c\xd3g\x81\x8d\xd9IH\xc3p\x04\xb0\x95\
\x0aT\x80\xe3\x8c\xf7\x16=0\x92\xfa\xf2~\xf2\xcf\x03\
\xe3\x8d\xed\xc0\xe2\xa2\x07&QmV\x00\xca\x1a\x00\x8d\
\xed\x8b\xe4O~\x11\x07\xee\xaf\x14=0\x92z\xf2&\
\xea\xfb\xbc\xff\xce\xf1\xb5\xa2\x07&\x99\x05\x80\xc6t*\
\xf9\x93_Dl\x05~\xbe\xe0\xb1\x91\xd4\xddk\x89\xdb\
\x89\xd9\xc7\x7f\x11\xf1\xc2b\x87&\x9d\x05\x80zr\x05\
\xf9_\x80\x22b\x13v\x0a\x94\x86\xe5E\xc4\xfd\xf2\xec\
\xe3\xbe\x88\xb8\xa9\xe0\xb1\xa9\x82\xda\x14\x00n\x02\xcc\xf5\
g\xd9\x09\x14d\x0a\xf0%\xe2\xc4$\xa9<\xe7\x10K\
\xe6MyM\xf7\x9ff' e\x99\x00\x5cK\x05*\
\xc1\x82b\x13p~\xa1#$\xa9\xe3\xb5\xc0S\xe4\x1f\
\xe7E\xc5R`b\xa1#T\x0d\xb5Y\x01(k\x00\
\xd4\xbb\xf3\xc8\xff\x12\x14\x19[\x81\xb7\x15:B\x92.\
\xa49\xf7\xfc;\xf1KE\x0eP\x85X\x00\xa8g\x13\
\x88\xfb`\xd9_\x84\x22c;\xf0\xfb\xd4\xf7\x85$R\
UL\x00>@\xfe1]t4\xf5\xd7?X\x00\xa8\
O\xaf$\xff\x8bPF|\x0d\x98U\xe08Im2\
\x83f<.\xbc\xbbxC\x81\xe3T5\x16\x00\xea\xdb\
w\xc9\xff2\x94\x11?\x06\x8e-n\x98\xa4V8\x0e\
\xb8\x9d\xfc\xe3\xb7\x8c\xb8\x9af\xaf\x0e\xd6\xa5\x00\xd8^\
\xd6\x00\xa8\x7f\xa7\xd3\x8c\xa6\x1e\xbb\x8b'hv\xc5/\
\x15\xe9\x02`\x1d\xf9\xc7mY\xf1\xc2\xc2F\xaa\x9a>\
E\xfe\x18\xf7\x12O\x965\x00\x1a\xcc\xe7\xc9\xffR\x94\
\x19\x9f\x07f\x176ZR\xb3\x1cH}~=\x0e\x1a\
\x97\x156Z\xd5\xf5\x09\xf2\xc7\xb9\x97XQ\xd6\x00h\
0\x87\xd1\xec\xca\x7f\x07\xf0\x10\xd1\xc2T\xd2\xd3\xce\x07\
\x1e&\xff\xf8,36\x01G\x175`\x15\xf6>\xf2\
\xc7\xba\x97\xb8\xaa\xac\x01\xd0\xe0\x9a\xf0r\x8f^\xe2K\
\xc0\xbc\x82\xc6L\xaa\xab\x05\xc0\xbf\x90\x7f<\x0e#\xfe\
\xb8\x98!\xab\xbcW\x93?\xd6\xbdD\xdd\xdfJ\xdbH\
Sh\xee\xe6\x9f]c\x13\xf0q|R@\xed3\x1d\
\xf8 \xcdj\xec\xd3-\xee\x07\xa6\x151p5p0\
\xf5\xd8\xcf\xf5\xce\xb2\x06@\xe3\xf3\xb3\xd4\xe3\x0bTT\
<\x0c\xbc\x03\x98\x5c\xc4\xe0I\x156\x19\xf8\x0d\xe0\x11\
\xf2\x8f\xbba\xc6k\x8b\x18\xbc\x1aYB\xfe\x98\x8f\x15\
\xc7\x95\xf6\xe95n\x97\x90\xff\x05\x19v\xac ~\x15\
\xb9\x22\xa0\xa6\x99\x01\xbc\x0b\xb8\x8f\xfc\xe3l\xd8\xf1\xf9\
\x02\xc6\xafn\xfe\x94\xfcq\xef\x16Ki\xf6\xa3\x98\xb5\
7\x13x\x80\xfc/JF\xac\x06>\x0c\x1c2\xeeQ\
\x94r\x1d\x0a|\x04XC\xfeq\x95\x11\x8f\x02s\xc6\
=\x8a\xf5s\x1c\xf9c\xdf-\xfe\xa0\xbc\x8f\xae\xa24\
\xb5C`\xaf\xb1\x09\xf82\xf1\xbe\x84\xa6\xbc\xfdL\xcd\
\xb7\x17\xf0z\xe0+\xc0f\xf2\x8f\xa3\xcc\xf8\xe5q\x8e\
e\x9d}\x9b\xfc\xf1\xdf]l\x00\x0e*\xf1s\xab@\
\x17\x93\xff\x85\xa9B\xac&n\x8b\xbc\x80\xe6\xf6\x10W\
}M$\xbe\x9b\x9f$\xbe\xab\xd9\xc7K\x15\xe2\xd2q\
\x8dh\xfd\xbd\x90\xfc9\xd8]|\xa2\xc4\xcf\xac\x82\xed\
C{\x9e\x0a\xe85\xd6\x11\xd5\xf5E\xc0)x/K\
9\x8e$\xde|y)\xf08\xf9\xc7E\x95\xe2\x01\xe0\
\x80\xc1\x87\xb61\xbeB\xfe\x5c\xec\x1c\x8f\x11\x0d\xa7T\
#\xcf\xc5\xa5\xc4nq?\xd1~\xf3\x97piK\xe5\
9\x88\xf8\x8e}\x0aXN\xfe\xf7\xbe\xaa\xb1\x0dx\xf1\
\x80c\xdc4\xf3\x81\xb5\xe4\xcfI'\xdeZ\xee\xc7U\
Y~\x8b\xfc/O\x1db;p3\xf0\x17\xc0kh\
\xe7\x06$\x15c\x0e\xf1\xf8\xda_\x02\xb7\xd0\xaeGs\
\xc7\x13\x7f2\xc8`7\xd8\x05\xe4\xcf\xc9\x0e\xbc%S\
k\x13\x88\xeey\xd9_\xa2:\xc6R\xe0\xd3\xc4r\xed\
\xf1\xc0H\x7fC\xaf\x16\x18!\xbe\x1bo':\xa4-\
%\xff{[\xc7\xf8\x0f\xdc\xa3\xb3;\x7fN\xee\xbc\xdc\
\x08\xec\xbbkR\xde;\xad\x97\x99\xc05\xc0Q\xd9\x89\
\xd4\xdc\x1a\xe0\xca\xd1\xf8!1\xa6\xebR3\xd2\xb0\xcd\
\x00N\x03\xce\x1a\x8d3\x89\xe3K\x83[\x01\x9cL\xbc\
\xefC\xcf4\x81\xf8\x11\x92\xf1\x1e\x94e\xc0\xd9\xc0\xca\
]\xff\x03\x0b\x80\xfay6q\xd1\x9a\x91\x9dH\x83l\
\x07\xee\x06n *\xe5\x1bG\xff\xbe*3)\x15\xe6\
`\xe09\xa3q\xd2\xe8\x9f\x0bq%\xa8H\x9b\x88\xfb\
\xfe?\xccN\xa4\xc2F\x88\xd6\xe7\xc3l\xc1{\x13\xf0\
s\xec\xe6\xe2\xaf\xfaz5\xb1\xd1&{\xb9\xaf\xe9\xb1\
\x12\xf8&\xd1\xd5\xeb\x0d\xc4\x9b\xcc&\xf50?\xca1\
\x09X\x0c\xfc\x021g\xffF\x14q\xd9\xdf\xa36\xc4\
[z\x98\x1f\x85w\x02\x1b)\x7fN\xbe\xc0n\x96\xfd\
w\xe6\x0a@}]Dt\xcb\xd3pm&\x96\xd4n\
\x07\xee \xee\x15w\xfe\xfeXb^mr\x00p\x0c\
q\xb1_L\x14f\xc7\x12\x8f\xe5\xf9>\x89\xe1\xfb(\
\xf0\xde\xec$j\xe6$\xa2g\xc4)%\xfco?\x0e\
\xfc6\xf0wc\xfd\x17-\x00\xea\xed\xd3\xc0\x9b\xb3\x93\
\xd0O<F\x14\x02\xb7\x03\xf7\x10\x8f'\xdeO<\x13\
\xbd\x9cX&\xd5\xd8\xa6\x02\x87\x03\x87\x11\xaf\x8c\x9e\x07\
\x1c\xc1\xd3\x17}\x9f/\xaf\x8e\xaf\x13OJl\xcbN\
\xa4\x86&\x12\x8f\xe5\xfd.\xc5\xbc\x1a\xfd)\xe0o\x81\
?\x22Z0\x8f\xc9\x02\xa0\xde&\x03_\x03^\x96\x9d\
\x88z\xb2\x8a(\x04:q\x1f\xb1q\xea!\xa2xx\
t4\xb6d%X\xb2)\xc4\xc5{\xf6h\xcc%\xde\
\xf7\xd0\xb9\xc8\x1fF\x5c\xf8\xed\xe5P\x0fW\x11\xf7\xfd\
7d'RsS\x88\xdbVo&\xde\x04\xdb\xef\xde\
\x94\xa5\xc0\xe7\x88\x15\x85\xbe\xf6-Y\x00\xd4\xdft\xe0\
?\x81S\xb3\x13Qa\x9e ^\x91\xdc)\x08:\xc5\
\xc1j\xe2\xde\xe1:`=\xb1\xa2\xb0f\xf4\xdf=5\
\xfa\xf7M\xa3\xff\xd9\xae\xb6\x00O\xf6\xf8\xff?\x9d\xdd\
/\xa5O#\xfa\xdc\xcf\x04\xf6\x1e\xfd\xfb,\xe2\x17\xfb\
4bc\xea^\xc0~\xc4\x05~\xe7\x8b\xfd\x1c\xc6\xb8\
\x1f\xa9Z\xb9\x9d\xd8Y\xeem\xafb\xcd!\x8a\x80\xb3\
\x89\xdbZ\x0b\x89\xe3m?\xe2\xf8}\x92XU\xbc\x03\
\xb8\x9a8\xf7/\x19\xf4\xff\xcc\x02\xa0\x19\x0e\x04~@\
,\x8fJR\x99\x1e\x04\x9eG\xac`\xa9\xc6|\x0c\xa6\
\x19\x1e!\x96\xe2\xee\xceNDR\xa3=\x0c\x9c\x8b\x17\
\xffFp\x05\xa0Y\x0e\x07\xbeGl\x98\x92\xa4\x22=\
J,O\xdf\x9a\x9d\x88\x8a\xe1\x0a@\xb3,\x07^2\
\xfa\xa7$\x15\xe5q\xe2\x97\xbf\x17\xff\x06\xb1\x00h\x9e\
\xbb\x89\x0d$wf'\x22\xa9\x11\x1e\x02^Dt\xc7\
T\x83x\x0b\xa0\xb9\x0e\x02\xbeE\xb4\x0e\x96\xa4A\xdc\
O\xac*.\xcdND\xc5s\x05\xa0\xb9V\x11\x1b\x03\
\xaf\xc9NDR--\x05~\x06/\xfe\x8de\x01\xd0\
l\x8f\x10\x9bv.\xcbNDR\xad\xfc\x88\xb8\x95\xe8\
n\xff\x06\xf3\xbd\xcd\xcd\xb7\x05\xb8\x94h\xc6b\xb3 \
Ic\xf9\x0a\xf1\xc2\xb1\xb5\xd9\x89\xa8\x5c\x16\x00\xed\xb0\
\x03\xf8\x06\xd1!\xee\xc5\xb8\xf2#i\xf7\xfe\x1c\xf8U\
\x9a\xdb\x8eZ;q\x13`\xfb\x9c\x0b|\x9eh-)\
I\x10-\xa4\x7f\x8dx\xc1\x98Z\xc2\x02\xa0\x9d\x8e\x22\
\x96\xf9\x8e\xcbNDR\xba\x07\x80\xd7\x01\xd7f'\xa2\
\xe1r)\xb8\x9d\xee\x04\x9eK\xbc:RR{\xfd?\
bo\x90\x17\xff\x16r\x0f@{m%\x9e\x0e\xb8\x87\
\xb8-0%7\x1dIC\xb4\x0d\xf8\x10\xf0+\xc4\xdb\
%\xd5B\xde\x02\x10\xc0\xf1\xc0?\x00'd'\x22\xa9\
t\xcb\x817\x12\xef\x0dQ\x8b\xb9\x02 \x887|\xfd\
\x1d\xb0\x1dx>\xde\x1a\x92\x9a\xea\x8b\xc0+\x81\xdb\xb3\
\x13Q>W\x00\xb4\xab\xb3\x80\xcf\x00\x8b\xb2\x13\x91T\
\x98\x87\x89]\xfe_\xceND\xd5\xe1\x0a\x80v\xb5\x1c\
\xf8$q\x8f\xf0,\xfc\x8eHu\xd7\xf9\xd5\x7f]v\
\x22\xaa\x16W\x00\xd4\xcd\xb3\x81\x8b\x813\xb3\x13\x91\xd4\
\xb7e\xc4\xaf\xfeog'\xa2j\xf2^\xaf\xba\xb9\x85\
\xe8\x07\xfe\xab\xc4+A%U\xdfz\xe0\x03\xc4\xe6^\
/\xfe\xda#\x97w5\x96\x1d\xc0\xf5\xc0\xff!\xda\x83\
\x9e\x09LJ\xcdH\xd2\xee\xec\x00\xbe\x04\xbc\x16\xf8\x1a\
\xf1\xa8\xaf$\x15f\x11\xf0\x8f\xc4\x1e\x81\x1d\x86aT\
\x22\xbe\x0b\x9c\x81$\x0d\xc1\xb3\x88\xb7\x0cn'\xff\xe4\
g\x18m\x8d[\x80\xf3\x91\xa4\x04g\x10\xcb\x8d\x16\x02\
\x861\xbc\xb8\x168\x0f7rK\xaa\x80\xe3\x81\xcf\x12\
\xfb\x04\xb2O\x8e\x86\xd1\xd4\xb8\x1cx\x15^\xf8U\x00\
\xbfD*\xda|\xe0\xd7\x81\xb7\x02\x07$\xe7\x225\xc1\
&\xe2v\xdb_\x01\xd7$\xe7\xa2\x06\xb1\x00PY\xf6\
\x06~\x91(\x06\x9e\x9b\x9c\x8bTG\x0f\x00\x97\x8c\x86\
\x8f\xe1\xaap\x16\x00\x1a\x86c\x817\x03\x17\x02ss\
S\x91*m\x13\xf1\xec\xfeg\x89\xb6\xbd>\xca\xa7\xd2\
X\x00h\x98&\x03/\x03\xde@\xdc\xc7\x9c\x99\x9b\x8e\
T\x09\xdb\x80\xef\x13-{\xbf\x00<\x9e\x9b\x8e\xda\xc2\
\x02@Y\xa6\x02/%v2\x9f\x0b\x1c\x9c\x9b\x8e4\
T\x9b\x80\x1f\x02\xff<\x1a.\xf1k\xe8,\x00T\x15\
G\x02\xe7\x8c\xc6\xb9\xb8:\xa0\xe6Y\x06|g4\xfe\
\x1dx\x227\x1d\xb5\x9d\x05\x80\xaah\x12p\x22O\x17\
\x04/ n\x1fHu\xb2\x0a\xf8\x01q\xc1\xffW\xe0\
\xc1\xdct\xa4g\xb2\x00P\x1d\xec\x0f\xbc\x88(\x06^\
\x08,N\xcdF\xda\xbd\xd5\xc4\xbd\xfco\x13\x17\xfd;\
r\xd3\x91\xba\xb3\x00P\x1d\xcd\x04N%\xdeT\xf8\xbc\
\xd1?\xf7J\xcdHm\xb4\x92h\xcc\xf3\xc3\xd1?o\
 :bJ\xb5`\x01\xa0&\xe8\xdc2\xe8\x14\x04?\
\x0b\xccN\xcdHM\xb3\x15\xb8\x89\xb8\xd8_G\xbc|\
\xe7\xfe\xcc\x84\xa4\xf1\xb2\x00P\x13M z\x0f\x9cE\
\xac\x14\x9cL\xb4*v\x95@\xbdZF\xfc\xa2\xbf\x96\
\xb8\xe8_\x0b<\x95\x9a\x91T0\x0b\x00\xb5\xc5$b\
\xef\xc0)\xc0q\xc4\xdb\x0c\xcf\xc4v\xc5m\xb7\x8d\xb8\
W\x7f\x1b\xb0\x84\xf8u\x7f\x15\xf0HfR\xd20X\
\x00\xa8\xcd&\x00\x0b\x81\x93\x88U\x82\x93\x88\x95\x83y\
\x99I\xa94\xeb\x88\x8b\xfc\x8d\xc0\xf5\xc4/\xfc[\x80\
\x8d\x99IIY,\x00\xa4\x9f6\x15XD\xac\x14\x1c\
I\xac\x16\x1c\x07\x1c\x03LK\xccK\xbdYI\xfc\xa2\
_6\x1aKF\xff\xf9\x1e\xe2\x8dz\x92\xb0\x00\x90\xfa\
1B\xbc\xedp1Q\x0c\x1c3\xfa\xcf\xf3\x80\x05\xc0\
>i\x99\xb5\xcb6\xe2\x19\xfb{\x81\xfb\x80\xdb\x89e\
\xfc\xa5\xa3\x7fz\xaf^\xea\x81\x05\x80T\x9c\xbd\x89\x96\
\xc6G\xee\x14\x87\xec\xf4\xef\xe6\x03\x13\xd3\xb2\xab\x8f\x8d\
\xc0\x0a\x9e\xfe\x05\xbfr\x97\x7f^\x0elI\xcbNj\
\x08\x0b\x00ix\xa6\x00\x07\x12\x8f(\xce\xd9\xe9\xef\xb3\
G\xff>w\xa7\x7f\xeeD\x13\x8e\xd1u\xc4\xa6\xbaG\
\x80Gw\x8a\xdd\xfd\xbb\x95\xa3\xff}I%k\xc2\xc9\
Ej\xaa\x09\xc0,\xe2\xd6\xc2^;\xfd}o\xa2\x19\
\xd2\x9e\xfe\xbe'#c\xfc\xe7\x00\x9b\x81\xf5]\xfe\xf3\
\xf5\xc4/\xf4\xb5\xc0\x86\xd1\xbf\xaf!\x96\xdd7\x12\xdd\
\xf06\x8e\xfe\xf3\x9a\xd1\xff\xfe\xa61\xfe?%I\x92\
$I\x92$I\x92$I\x92$I\x92$I\x92$\
I\x92$I\x92$I\x92$I\x92$I\x92$I\
\x92$I\x92$I\x92$I\x92$I\x92$I\x92\
$I\x92$I\x92$I\x92$I\x92\xa4\xc1\xfd\x7f\
n\x8e\xfd'\xe7i\xf3\xdf\x00\x00\x00\x00IEND\
\xaeB`\x82\
\x00\x00)~\
\x89\
PNG\x0d\x0a\x1a\x0a\x00\x00\x00\x0dIHDR\x00\
\x00\x02\x00\x00\x00\x02\x00\x08\x06\x00\x00\x00\xf4x\xd4\xfa\
\x00\x00\x00\x09pHYs\x00\x00\x0e\xc3\x00\x00\x0e\xc3\
\x01\xc7o\xa8d\x00\x00\x00\x19tEXtSof\
tware\x00www.inksca\
pe.org\x9b\xee<\x1a\x00\x00 \x00ID\
ATx\x9c\xed\xdd{\x98]u}\xef\xf1\xf7LB\
\x02$\x04B \xdc\xe4\x12\x84pG\xc4\x82\x08\x08\xa2\
\xa0\xe2\x15/\xb1\x8a\xa0m\xb5x9\x22V\x8f\x8f\x9e\
>\xe7\xb4\xd6\xd6\xb6\xdaj\xd5*jmU(X\x05\
\xabUQ9E\xf1\x06\x08\x05\x94p+\x01\x85\x00\x22\
\xd7\x84[\x80\x5c\x98\xe4\xfc\xf1\x9b9\x19\xc7\xc9\xcc^\
{\xaf\xb5\xbek\xad\xdf\xfb\xf5<\xdf'\x01e\xf6\xf7\
\xf7[\xb3\xf7\xef\xb3\xd7u\x08\xa9?C\xc0A\xc0q\
\xc0a\xc0>\xc0\xee\xc0\x96\xc0\x1c\xe0A`\x15p\x0b\
p\x13p\x09p1poD\xb3RK\xec\x08<\x17\
8\x1a\xd8\x17\xd8\x9b\xf4~\x9a\x0f<6Zw\x00\xcb\
\x80\xff\x02~\x08\x5c\x0fl\x88hVR^v\x01>\
\x00\xfc\x8a\xf4\xa1S\xa4FH!\xe0\x0d\xc0\xac\x9a\xfb\
\x96\x9aj6\xf0F\xd2b>B\xf1\xf7\xd5/\x81?\
\x07v\xae\xbbqIy\xd8\x11\xf8,\xb0\x9a\xe2\x1fP\
\x93\xd5\x1d\xc0\xdb\x80\x19u\x0eBj\x90\x99\xc0;\x80\
_S\xce{j5p&\xb0C\x9d\x83\x90\xd4]C\
\xc0\xdb\x81\x87(\xe7Cjb\xfd\x1cxFm\xa3\x91\
\x9a\xe10\xe0\x1a\xaayO=\x08\xbc\x85\xf4\xde\x95\xa4\
\xbe\xcc\x07\xfe\x83j>\xa4\xc6\xd7\x1a\xe0\x9d5\x8dI\
\x8a\xf6'\xa4\xdf\xf9\xaa\xdfW_\x07\xb6\xa9iL\x92\
:d'`)\xd5\x7fH\x8d\xafO\x03\xc3u\x0cN\
\x0a0\x03\xf8\x0c\xf5\xbe\xa7n\x00\x9eR\xc7\xe0$u\
\xc3.\xc0m\xd4\xfbA5Vg\xe3\xaeKu\xcf0\
p\x0e1\xef\xa9[\xf1\x04AI=\x98\xcf\xc6\xcb\x8a\
\xa2\xea\xef+\x1f\xa5T\xaf\x8f\x13\xfb\x9e\xba\x16\xd8\xba\
\xf2QJj\xad!\xd2q\xc3\xc8\x0f\xaa\xb1z}\xc5\
c\x95\xea\xf2\xfb\xc4\xbf\x9f6\x00\xdf\xc2\xbdk\x926\
\xe1\xed\xc4\x7fH\x8d\xd5\xc3\xc0n\xd5\x0eW\xaa\xdc\x22\
\xe0Q\xe2\xdfOcuZ\xb5\xc3\x95\xd4F;\x90.\
\x1f\x8a\xfe\x80\x1a__\xaft\xc4R\xf5\xbeE\xfc\xfb\
h|\xad\x04\x16V:bI\xad\xf3Y\xe2?\x9c&\
\xabc\xab\x1c\xb4T\xa1\xe7\x11\xff\xfe\x99\xac>]\xe5\
\xa0%\xb5\xcbN\xc0\x13\xc4\x7f0MV\x17U8n\
\xa9J?$\xfe\xfd3Y\xad\xc6\xab\x02$\x8d\xfa\x00\
\xf1\x1fJS\xd5\x81\x95\x8d\x5c\xaa\xc6\xfe\xc4\xbfo\xa6\
\xaa?\xabn\xe8j\x0bo\xba\xa2!\xe0\x94\xe8&\xa6\
qrt\x03RAo\x8cn`\x1a\xa7\xe2\x15\x01R\
\xf6\x0e&\xfe\xdb\xc8tuCe\xa3\x97\xaa\xb1\x8c\xf8\
\xf7\xcdtu@e\xa3W+\xb8\x07@\xcf\x8dn\xa0\
\x07\xfb\xe31K\xb5\xc7\xce\xc0\xe2\xe8&z\xd0\x86\xf7\
\xbe*d\x00\xd0\xefE7\xd0#\x9f\x18\xa8\xb68<\
\xba\x81\x1e\xb5\xe5\xbd\xaf\x8a\x18\x00\xb4ot\x03=\xda\
'\xba\x01\xa9Gm\xf9]m\xcb{_\x151\x00\xa8\
-O\x0a\xf3\xae\x80j\x8b]\xa3\x1b\xe8Q[\xfaT\
E\x0c\x00\xda*\xba\x81\x1e\xb5\xa5Oint\x03=\
\x9a\x17\xdd\x80b\x19\x00\xb4Et\x03=\x9a\x13\xdd\x80\
\xd4\xa3-\xa3\x1b\xe8Q[\xfaTE\x0c\x00\xf2Z`\
)O\xbe\xf73g\x00\x90$)C\x06\x00I\x922\
d\x00\x90$)C\x06\x00I\x922d\x00\x90$)\
C\x06\x00I\x922d\x00\x90$)C\x06\x00I\x92\
2d\x00\x90$)C\x06\x00I\x922d\x00\x90$\
)C\x06\x00I\x922d\x00\x90$)C\x06\x00I\
\x922d\x00\x90$)C\x06\x00I\x922d\x00\x90\
$)C\x06\x00I\x922d\x00\x90$)C3\xa3\
\x1b\xd0o\xd9\x1a\xd8~\xf4\xcf\x19\xc0\xbc\xd1\x7f\xbf%\
0;\xaa\xa9\x86\xd8\x15X\x12\xdd\x84\xd4\x83]\xa3\x1b\
(\xa0\xaa\xf7\xd4\x1a\xe0\xf1\xd1\xbf?\x02\x8c\x00\x0f\x03\
\xf7\x8f\xfe\xa9\x06\x18\x8an #;\x01{\x02\x8b\x80\
=Fk\x11\xb0\x03\xb0`\xb46\x0b\xeaM\x92\xea\xb2\
\x0eX1Z\xf7\x00\xcbG\xeb\xb6\xd1?\x7f5\xfa\xef\
U1\x03@\xf9f\x01\x07\x03O\x1b\xfd\xf3\xa0\xd1\xbf\
o\x1b\xd9\x94$\xb5\xc8\x0a`)p\xddh-\x05\xae\
\x05\xd6F6\xd55\x06\x80\xc1\xcd\x03\x0e\x07\x8e\x06\x8e\
\x1a\xad-B;\x92\xa4\xeeYG\x0a\x01\x97\x02\x97\x00\
?\x04\x1e\x08\xed\xa8\xe5\x0c\x00\xc5\xcd\x04\x9e\x05\x9c\x08\
\xbc\x108\x04\xe7Q\x92\xea\xb6\x01\xf8\x05p!\xf0=\
\xe0r\xe0\xc9\xd0\x8eZ\xc6\x85\xab7\xf3\x80\x97\x01/\
\x07\x8e\x07\xb6\x89mG\x924\xc1C\xc0E\xc07\x81\
o\x01\x8f\xc6\xb6\xd3|\x06\x80M\xdb\x82\xb4\xd8/\x01\
^\x09\xcc\x89mG\x92\xd4\xa3\xd5\xc0\xf7\x81\xf3\x81o\
`\x18\x98\x94\x01\xe0w=\x1b\xf8c\xe0U\xa4\xcb\xef\
$I\xed\xf5\x18\xf0\xef\xc0\xe7I\xe7\x0eh\x94\x01 \
\xd9\x06x\x0d\xf0\x0e\xd2Y\xfb\x92\xa4\xeeY\x06|\x11\
\xf8\x02\xe9\x9e\x04Y\xcb=\x00\x1c\x08\xbc\x1b8\x19o\
\xb4#I\xb9X\x03\x9c\x03|\x0c\xb81\xb8\x970\xb9\
\x06\x80\xa3\x81\xf7\x01/&\xdf9\x90$\xa5\xcb\x0a?\
\x0c\x5c@\xba\xb2 \x1b9-~C\xc0K\x81\x0f\x00\
O\x8fmE\x92\xd40W\x91\xd6\x87\xef\x04\xf7Q\x9b\
\x5c\x02\xc0\xf1\xc0\x87H7\xec\x91$iS\xae \xad\
\x17\xdf\x8en\xa4j]\x0f\x00G\x03\x7fK\xba;\x9f\
$I\xbd\xfa)\xe9P\xf1\xcf\xa2\x1b\xa9JW\x03\xc0\
S\x80\xbf\x06N\xa1\xbbc\x94$U\xef\x02\xe0t\xd2\
\x83\x8a:eFt\x03%\xdb\x92tV\xffy\xc0a\
\xb8\xf8K\x92\x06\xb3\x18x\x0b\xb0\x15\xe9v\xc3\x9dy\
 Q\x97\x16\xc8\x97\x02\x9f\xa6]\xcf\xe2\x96$\xb5\xc7\
\xed\xc0\xdb\x81\xefF7R\x86\xe1\xe8\x06J\xb0\x108\
\x9bt\xefg\x17\x7fIRUv']%p\x1e\xb0\
}p/\x03k\xfb!\x807\x90\x16\xfe#\xa2\x1b\x91\
$e\xe3\x00\xe0\x0f\x81\xbbI\x8f(n\xa5\xb6\x1e\x02\
\xd8\x06\xf8\x0c\xf0\xda\xe8F$IY\xfb\x06\xe9\xf91\
+\xa2\x1b)\xaa\x8d\x01\xe0y\xc0Y\xc0.\xd1\x8dH\
\x92\x04\xdcK\xda#\xf0\xbd\xe8F\x8ah\xd3!\x80\xd9\
\xc0\xdf\x01g\x02\xf3\x82{\x91$i\xcc\x5c\xe0u\xa3\
\x7f\xfe\x18\x18\x89m\xa77m\xd9\x03\xf0\x14\xd2s\x9d\
=\xd6/Ij\xb2\xabI\x8f\x93\xbf=\xba\x91\xe9\xb4\
\xe1*\x80cH\xf7hv\xf1\x97$5\xdd3Hk\
\xd6\xf3\xa2\x1b\x99N\xd3\x0f\x01\x9c\x06|\x05w\xf9K\
\x92\xdacK\xd2c\xe6\xd7\x02\x97\x05\xf7\xb2IM=\
\x040\x0b\xf8g\xe0\xd4\xe8F$I\x1a\xc0Y\xa4/\
\xb3\x8d\xbb\x83`\x13\x03\xc0|\xe0\xeb\xc0s\x82\xfb\x90\
$\xa9\x0c\x17\x93\xce\x0bx(\xba\x91\xf1\x9a\x16\x00\x16\
\x91\xee\xb2\xb4_t#\x92$\x95\xe8F\xe0\xc54\xe8\
\xa1BM\x0a\x00\x87\x92\xae\xa1\x5c\x18\xdd\x88$I\x15\
\xb8\x078\x11\xb8&\xba\x11hN\x008\x0c\xb8\x10\xd8\
6\xba\x11I\x92*\xf4\x10\xf0\x22\xe0g\xd1\x8d4\xe1\
2\xc0c\x81\x1f\xe0\xe2/I\xea\xbem\x80\x8b\x80\xe3\
\xa3\x1b\x89\x0e\x00/\x22\xed\xf6\xdf*\xb8\x0fI\x92\xea\
2\x87\xf4 \xbb\x13#\x9b\x88<\x04p\x02i\x026\
\x0f\xecA\x92\xa4(k\x81W\x00\xdf\x8dx\xf1\xa8\x00\
p$\xf0\x9f\xa4\x14$IR\xae\x9e \xed\x09\xf8q\
\xdd/\x1c\x11\x00\x9eI:\xfe\xe1n\x7fI\x92\xe0\x11\
\xd29\x01W\xd6\xf9\xa2u\x07\x80\x83\x81\x1f\x91n\xf6\
#I\x92\x92\x95\xa4\x93\xe2\xaf\xaf\xeb\x05\xeb\x0c\x00;\
\x03\x97\x03\xbb\xd6\xf8\x9a\x92$\xb5\xc5]\xa4\x07\xdf\xfd\
\xba\x8e\x17\xab\xeb*\x80\xadHw\xf8s\xf1\x97$i\
r\xbb\x90N\x8e\x9f[\xc7\x8b\xd5\x11\x00f\x00\xe7\x02\
\x87\xd4\xf0Z\x92$\xb5\xd9\xd3\x81\xf3\x80\x99U\xbfP\
\x1d\x8f\x03\xfe4\xf0\xfa\x1a^G\x92\xa4.\xd8\x9bt\
s\xbc\xefU\xf9\x22U\x07\x80S\x81\xbf\xae\xf85$\
I\xea\x9a\xc3\x81;\x81_T\xf5\x02U\x9e\x04x\x08\
p\x19\xb0E\x85\xaf!IRW\xad\x06\x8e\x06\xae\xae\
\xe2\x87W\x15\x00\xb6\x05\xae\x22=\xdeW\x92$\xf5\xe7\
v\xe0\xf7\x80\x07\xca\xfe\xc1U\x04\x80a\xd2\x93\xfdN\
\xa8\xe0gw\xd5Z\xd2\xae\x9e\xe5\xa4\xcb@V\x8c\xab\
\xf5\xc0*`]Ts\x92T\xd0f\xa43\xd9\x87\x81\
\x05\xe3\xea)\xc0\x1e\xa4+\xc26\x8bj\xae\x85.$\
=;gC\x99?\xb4\x8a\x00\xf0^\xe0#\x15\xfc\xdc\
\xae\xb8\x9fth\xe4\xe7\xc0u\xc0\xb5\xc0m\xa4\x85^\
\x92r0\x83\x14\x04\x9e\x06\x1c\x04\x1c\x0a<\x0b\xd8>\
\xb0\xa7\xa6{\x0f\xf0\xb1\xe8&\xa6r(\xb0\x86\x94R\
\xacT\x0f\x02\xe7\x03o\x02\x16\xf7?\xb5\x92\xd4y\xfb\
\x00o\x06\xbe\x06<D\xfc\xe7w\x93j5)05\
\xd2\x96\xc0\x7f\x13?IM\xa8{I\x97?>\x87\x1a\
\xae\xe5\x94\xa4\x0e\x9a\x09\x1c\x07\x9cI\xfaL\x8d\xfe\x5c\
oB]OCO\xac?\x93\xf8\xc9\x89\xac5\xa4\x9b\
7<\x9fz\xee\xaf I\xb9\x98\x01\xbc\x90\xb475\
\xf7\xbd\xcc\xff8\xe0\x5c\x96\xee8\xd21\xec\xe8\x89\x89\
\xa8\xbb\x80\xf7\x03\x0b\x07\x9eEI\xd2tv\x00\xfe\x14\
\xf8\x0d\xf1\x9f\xff\x11\xb5\x1e8f\xe0Y,\xc9\x16\xc0\
-\xc4OJ\xddu#\xf0F`\xd6\xe0S(I*\
h6\xf0\x87\xe4y\xe8\xf9&`\xf3\xc1\xa7pp\x1f\
!~2\xea\xac\xdb\x80\xd3p7\xbf$5\xc10\xb0\
\x04\xb8\x99\xf8\xf5\xa1\xce\xfa\xcb2&o\x10\x87\x92\xae\
O\x8f\x9e\x88:j\x05\xf0\x0e<\xa9O\x92\x9ah3\
\xe0\x0c`%\xf1\xebE\x1d\xb5\x168\xb8\x94\x99\xeb\xc3\
\x10p\xc54\x0dv\xa1F\x80O\x91\xeen(Ij\
\xb6\x05\xc0gH\x9f\xdd\xd1\xebG\xd5u\x09\xd5\xde\xd2\
\x7f\x93\xde\xd8G\xb3m\xab\x9b\x81c\xcb\x9a0IR\
m\x8e\x04n ~\x1d\xa9\xba^[\xd6\x84\xf5j.\
\xe9\xec\xf7\xe8\x81WUO\x92\x9eb\xe8\x09~\x92\xd4\
^\xb3\x81\x0f\xd3\xed\xbd\x01\xb7\x93\xee\xc3S\x9b\x0fU\
0\x88\xa6\xd4\xed\xf8\xad_\x92\xba\xe48\xd2\xf3V\xa2\
\xd7\x97\xaa\xea\xcf\xcb\x9b\xaa\xa9\xed\x06<Q\xc3\x80\x22\
\xea;\xc0\xfc\xf2\xa6J\x92\xd4\x10\x0bH\x0f\xd5\x89^\
g\xaa\xa8\xc7\x80]\xca\x9b\xaaM\xfb|\xc0\xe0\xaa\xae\
\xf5\xc0_\x90.'\x91$u\xd3\x0c\xd2\x1e\xec.\xde\
\xb8\xee\xcc\x12\xe7iR{\xd0\xbd\xdb0\xae\x03\xfe\xa8\
\xc49\x92$5\xdb)\xa4\xcb\xe8\xa2\xd7\x9f2k-\
\xb0\xa8\xccI\x9a\xe8\xac\x06\x0c\xb2\xccZ\x05\x9cX\xea\
\x0cI\x92\xda\xe0x\xe0\x11\xe2\xd7\xa12\xeb\xf3\xa5\xce\
\xd08\x8b\xe9\xd6M\x7fV\x92.\x13\x91$\xe5\xe9p\
\xe0~\xe2\xd7\xa3\xb2\xeaI\xd2#\x95K\xd7\xa5o\xff\
\xb7\x03\xfb\x95;=\x92\xa4\x16\xda\x1f\xb8\x83\xf8u\xa9\
\xac\xfa\xe7r\xa7'\x9d]\xd8\x95c\xffwQ\xf1q\
\x12IR\xab,\xa2;O\x17\x5c\x0d\xecX\xe6\xe4|\
\xb8\x01\x83*\xa3\x1e\x02\x0e)sb$I\x9dp \
\xddy\x8e\xc0_\x955)[\x01\x0f6`@\x83\xd6\
\xe3\xc0\xb3\xcb\x9a\x14IR\xe7<\x8btM}\xf4z\
5h\xad$\xdd\xb1w`g4`0\x83\xd6:\xe0\
eeL\x86$\xa9\xd3N\x22\x9dL\x17\xbdn\x0dZ\
\xa7\x0f:\x11C\xc0M\x0d\x18\xc8\xa0\xf5\xa6A'B\
\x92\x94\x8d\xb7\x12\xbfn\x0dZ7\x0e:\x09\xcfi\xc0\
 \x06\xadO\x0e:\x09\x92\xa4\xec|\x89\xf8\xf5k\xd0\
:z\x90\x098\xb7\x01\x03\x18\xa4.\xc3'\xfaI\x92\
\x8a\x9bC\xfb\x1f'|V\xbf\x83_@\xbb\x1f\xfa\xf3\
 \xe9\xc1E\x92$\xf5\xe3\x00\xda}R\xe0\xe3L\xf1\
\x80\xbb\xa9\x1e~s\x0a\xb0\xf9\xb4\xd3\xd3\x5c\x7fL\xba\
\xb9\x83$I\xfd\xb8\x01xGt\x13\x03\xd8\x028\xb9\
\x9f\xff\xf0r\xe2\xd3K\xbf\xf5\xa5~\x06,I\xd2$\
\xda|8\xfc\x92\xa2\x83]D{\x1f\x97x7S\xec\
\xf2\x90$\xa9\xa0\x85\xb4\xf7&A\xeb\x81\xdd'\x1b\xd4\
\xa6\x0e\x01\xbc\x86t\x09`\x1b\x9dN:\xfe/IR\
\x19\xee\x03\xfewt\x13}\x1a\x02^U\xe4?\xb8\x9a\
\xf8\xd4\xd2O}\xb7\xc8 %I\xea\xd1\x0c\xe0J\xe2\
\xd7\xb9~\xea\x8a^\x07\xb9W\x03\x9a\xed\xa7\xd6\x02\xfb\
\xf6:HI\x92\x0a:\x0c\x18!~\xbd+Z\xeb\x81\
=&\x0ef\xb2C\x00/\xeecR\x9a\xe03\xa4\xbb\
\x16J\x92T\x85+\x81\xcfG7\xd1\x87!z\x5c\xdb\
/$>\xad\x14\xadU\xa4\x934$I\xaa\xd2\x8e\xa4\
\xeb\xeb\xa3\xd7\xbd\xa2\xf5\xed\xe9\x06\xb6EK\x07\xf6\xa1\
\xe9\x06&IRI\xce$~\xdd+Z\xab\x80\xd9S\
\x0d\xeaE\x0dh\xb2h=\x0cl;\xd5\xa0$I*\
\xd1\x1e\xa4\xf3\xce\xa2\xd7\xbf\xa2u\xc2\xf8AL<\x07\
\xe0\x85\x83\xccH\x90\x7f!]\x9f)IR\x1d\x96\x93\
n\x0e\xd46S\xae\xf1K\x89O(Ej\x1d\x9b\xb8\
\xc1\x81$I\x15\xda\x0bx\x92\xf8u\xb0H]\xb9\xa9\
\xc1\xcck\xe1`\xbe\xba\xa9\xc1H\x92T\xb1\xaf\x11\xbf\
\x0e\x16\xa9u\xa4\xa7\x1c\x02\xbf}\x08\xe0Y\xa4\x1b\x1d\
\xb4\xc9?E7 I\xcaV\xdb\xd6\xa0\x99\xc0\x11c\
\xff0>\x00\x1cU\x7f/\x03\xb9\x15\xf8at\x13\x92\
\xa4l]\x04\xfc*\xba\x89\x82\xfe\xffZ?>\x00\x1c\
\x19\xd0\xc8 \xbeH\xba\xbb\x91$I\x116\x00\xe7D\
7Q\xd0\xef|\xd9\x1f\xa2}O:\xda\xbb\xa4\xc9\x90\
$\xa9_\xfb\x10\xbf\x1e\x16\xa9\x07&\x0e`\xf7\x064\
U\xa4\xae\x9ejkH\x92T\xa3\xb6]A\xb73l\
<\x04p`\xc9\x93Q\xb5\xafG7 I\xd2\xa8\x7f\
\x8fn\xa0\xa0\x83`c\x008$\xb0\x91~\xf8\xd8_\
IRS\x5c\x18\xdd@A\x07\xc3\xc6\x00pP`#\
E\xdd\x03\x5c\x13\xdd\x84$I\xa3\xae\x02\xee\x8bn\xa2\
\x80\xdf\xda\x03\xb0o`#E}\x9ft\x0cC\x92\xa4\
&X\x0f\x5c\x1c\xddD\x01\xfb\xc1\xc6\x00\xb0G\x5c\x1f\
\x85]\x12\xdd\x80$I\x13\xb4imZ\x04)\x00l\
\x0bl\x1d\xdbK!\x97F7 I\xd2\x04mZ\x9b\
\x16\x00\xf3\x86i\xd7\xb7\xffG\x81\x1b\xa3\x9b\x90$i\
\x82\xeb\x80U\xd1M\x14\xb0\xc70\xa3\xbb\x02Z\xe2Z\
\xbc\xfb\x9f$\xa9yF\x80\x1b\xa2\x9b(`\xd10\xb0\
[t\x17\x05\x5c\x17\xdd\x80$I\x9bpmt\x03\x05\
\xec>\x0cl\x1f\xddE\x01\xd7G7 I\xd2&\xb4\
i\x8d\xda~\x18\xd8.\xba\x8b\x02\xda\xf6\xd4%IR\
>n\x8dn\xa0\x80\x05m\x0b\x00\xcb\xa3\x1b\x90$i\
\x13n\x8bn\xa0\x80\xed\x86I\x97\x03\xb4\xc1\x06\xe0\xf6\
\xe8&$I\xda\x84\xe5\xd1\x0d\x14\xd0\xaa\x00\xf0\x08\xf0\
Dt\x13\x92$m\xc2c\xa4\xcb\xd5\xdb`\xc100\
7\xba\x8b\x1e\xfd\xce3\x8c%Ij\x98\x15\xd1\x0d\xf4\
h\xee00;\xba\x8b\x1e\xb5eR%I\xf9j\xcb\
Z5{\x18\x98\x15\xddE\x8f\xda\xb2[E\x92\x94\xaf\
\xb6\xacU\xb3\xdb\xb4\x07`Mt\x03\x92$M\xa3-\
kU\xab\xf6\x00\xac\x8dn@\x92\xa4i\xb4*\x00l\
\x16\xddE\x8f\x9e\x8cn@\x92\xa4i\xb4\xe5\xcb\xea\xac\
\xe1\xe8\x0e\x0a\xd8\x10\xdd\x80$I\xd3h\xcdZ\xd5\xa6\
\x00 I\x92Jb\x00\x90$)C\x06\x00I\x922\
d\x00\x90$)C\x06\x00I\x922d\x00\x90$)\
C\x06\x00I\x922d\x00\x90$)C\x06\x00I\x92\
2d\x00\x90$)C\x06\x00I\x922d\x00\x90$\
)C\x06\x00I\x922d\x00\x90$)C\x06\x00I\
\x922d\x00\x90$)C\x06\x00I\x922d\x00\x90\
$)C\x06\x00I\x92243\xba\x81\x02v\x05\x96\
D7!I\xd2\x14v\x8dn\xa0WC\xc0\x86\xe8&\
$IR\xbd<\x04 IR\x86\x0c\x00\x92$e\xc8\
\x00 IR\x86\x0c\x00\x92$e\xc8\x00 IR\x86\
\x0c\x00\x92$e\xc8\x00 IR\x86\x0c\x00\x92$e\
\xc8\x00 IR\x86\x0c\x00\x92$e\xc8\x00 IR\
\x86\x0c\x00\x92$e\xc8\x00 IR\x86\x0c\x00\x92$\
e\xc8\x00 IR\x86\x0c\x00\x92$e\xc8\x00 I\
R\x86\x0c\x00\x92$e\xc8\x00 IR\x86\x0c\x00\x92\
$e\xc8\x00 IR\x86\x0c\x00\x92$e\xc8\x00 \
IR\x86\x0c\x00\x92$e\xc8\x00 IR\x86\x0c\x00\
\x92$e\xc8\x00 IR\x86\x0c\x00\x92$e\xc8\x00\
 IR\x86\x0c\x00\x92$e\xc8\x00 IR\x86\x0c\
\x00\x92$e\xc8\x00 IR\x86\x0c\x00\x92$e\xc8\
\x00 IR\x86\x0c\x00\x92$e\xc8\x00 IR\x86\
\x0c\x00\x92$e\xc8\x00 IR\x86\x0c\x00\x92$e\
\xc8\x00 IR\x86fF7P\xc0\xe5\xc0\xc7\xa2\x9b\
\x90$i\x0a\xef\x06\x8e\x88n\xa2\x17m\x0a\x00w\x02\
\xe7G7!I\xd2\x14\x96\xd0\x92\x00\xe0!\x00I\x92\
2d\x00\x90$)C\x06\x00I\x922d\x00\x90$\
)C\x06\x00I\x922d\x00\x90$)C\x06\x00I\
\x922d\x00\x90$)C\x06\x00I\x922d\x00\x90\
$)C\x06\x00I\x922d\x00\x90$)C\x06\x00\
I\x922d\x00\x90$)C\x06\x00I\x922d\x00\
\x90$)C\x06\x00I\x922d\x00\x90$)C\x06\
\x00I\x922d\x00\x90$)C\x06\x00I\x922d\
\x00\x90$)C\x06\x00I\x922d\x00\x90$)C\
\x06\x00I\x922d\x00\x90$)C\x06\x00I\x922\
d\x00\x90$)C\x06\x00I\x922d\x00\x90$)\
C\x06\x00I\x922d\x00\x90$)C\x06\x00I\x92\
2d\x00\x90$)C\x06\x00I\x922d\x00\x90$\
)C\x06\x00I\x922d\x00\x90$)C\x06\x00I\
\x922d\x00\x90$)C\x06\x00I\x922d\x00\x90\
$)C\x06\x00I\x922d\x00\x90$)C\x06\x00\
I\x922d\x00\x90$)C\x06\x00I\x922d\x00\
\x90$)C\x06\x00I\x922d\x00\x90$)C\x06\
\x00I\x922d\x00\x90$)C\x06\x00I\x922d\
\x00\x90$)C\x06\x00I\x922d\x00\x90$)C\
\x06\x00I\x922d\x00\x90$)C\x06\x00I\x922\
d\x00\x90$)C\x06\x00I\x922d\x00\x90$)\
C\x06\x00I\x922d\x00\x90$)C\x06\x00I\x92\
2d\x00\x90$)C\x06\x00I\x922d\x00\x90$\
)C\x06\x00I\x922d\x00\x90$)C\x06\x00I\
\x922d\x00\x90$)C\x06\x00I\x92243\xba\
\x01\xb5\xd2\xe6\xc0\x11\xc03\x80\xc5\xc0>\xc0\xae\xc0\x5c\
`\xceh=\x08<\x06\xac\x02~\x09\xdc\x04,\x03.\
\x03n\xac\xbf\xe5l-\x04\x8e\x01\x0e\x00\xf6%m\xaf\
\xf9\xc06\xa4\xed\x05i\x1b=D\xdaf\xcbH\xdb\xea\
\x06\xe0\xa7\xc0}5\xf7\x9b\xab!`\x7f\xe0H\xd2\xfb\
i\x1f`/6\xbe\xa7\xe6\x93\xdeOc\xef\xa9;\x80\
\x9bI\xdb\xeb\xe7\xc0\xe5\xc0\xea\xda\xbbV\xebmhI\
\x9dW\xd5\x04\xa8';\x01\xef\x01~\x00<\xc1`\xdb\
\xf2n\xe0\xdf\x80W\x01\xb3\xeb\x1cD&\x0e\x03>\x06\
\x5c\x07\xac\xa7\xff\xed\xb4~\xf4g|\x14\xf8\xbdZG\
\x90\x87\xd9\xc0\xab\x81\xaf\x00\xf70\xd8{\xeaq\xd2{\
\xf3\xdd\xc0\x8eu\x0eB\xbf\xe3<\xe2\xd7\xcb^+\xbc\
\x01\x03@s\x0d\x01/\x03\xbe\x07<I5\xdbu%\
p&\xe9\x1b\x8f\xfa7\x0f\xf8\x9f\xa4\xbd+U\xbd\x07\
o\x18}\x8d\xadj\x1aSW\xed\x0b|\x86\xf4\xbb_\
\xc5vz\x12\xf8.\xe9\xbd;T\xd3\x98\xb4\x91\x01\xa0\
\x822\x00\xd4g\x18x\x1dp-\xf5m\xdf\x11\xe0\xab\
\xc0\xc15\x8c\xafK\xb6\x05\xfe\x82\xea\x16\x93\xc9j%\
\xf0\x01\xd2ni\xf5\xee\x10\xe0|\xd2\xefz]\xdbj\
)\xf0Z<\xdf\xabN\x06\x80\x0a\xca\x00P\x8fCH\
\xc7\xe9\xa3\xb6\xf3\x08p6\xb0\xa0\xea\x81\xb6\xdc\x10\xf0\
\x06\xd21\xfa\xa8m\xb5\x028\x03\x17\x97\xe9l\x03|\
\x82\xea\xf6\xa2\xf5RW\x01\x87W=P\x01\x06\x80J\
\xca\x00P\xad\xcd\x81\x8f\x13\xfb!5\xbe\xee!\x9d#\
\xa0\xdf\xb5\x17p)\xf1\xdbh\xac.\x01\x9eZ\xe9\x88\
\xdbk\x09p/\xf1\xdbh\x03\xe9\xbd\xfd1<\xef\xa6\
j\x06\x80\x0a\xca\x00P\x9d=Hg\x11Go\xe3\xc9\
\xeal`\x8b\xcaF\xde>\xaf \x9d\xad\x1f\xbd]&\
\xd6#\xa4]\xcdJf\x93\xbe\xf5Go\x97\xc9\xea\xe7\
\xa4\x10\xa9j\x18\x00*(\x03@5N$}xG\
o\xdf\xa9\xeaJ`\x87\xaa&\xa0%\x86\x81\x7f ~\
[LW\x1f\xc5C\x02;\x01W\x13\xbf-\xa6\xaa\x87\
\x81\x17T5\x01\x993\x00TP\x06\x80\xf2\xbd\x1eX\
K\xfc\xb6\xed\xa5n\x05\xf6\xaef\x1a\x1ao\x16\xf0e\
\xe2\xb7A\xafu.\xb0Y%3\xd1|\x8b\x80[\x88\
\xdf\x06\xbd\xd4:\xe0\x8f\xaa\x99\x86\xac\x19\x00*(\x03\
@\xb9\xde\xca`\xd7\x88G\xd4\xdd\xe4w\xb9\xe0,\xe0\
;\xc4\xcf}\xd1\xba\x80\xfcB\xc0~\x0c~=\x7f\xdd\
\xb5\x1e8\xad\x8a\xc9\xc8\x98\x01\xa0\x822\x00\x94\xe7$\
\x9as\xb2_\xd1\xba\x93t\xd7\xc1\x1c\x0c\x01g\x11?\
\xe7\xfd\xd6\x97\xc9\xe7p\xc0.\xc0r\xe2\xe7\xbc\x9f\x1a\
!\x9d\xac\xa8r\x18\x00*(\x03@9\x8e#\xdd2\
4z{\x0eR\xd7\x92n|\xd3um8\xe6?]\
\xfd]\xe9\xb3\xd2<\xdb\x90n\x92\x14=\xd7\x83\xd4j\
\xd2-\xa358\x03@\x05e\x00\x18\xdc\x0e\xc0o\x88\
\xdf\x96e\xd4WK\x9e\x9b\xa6YB\xfc\x1c\x97U\xaf\
+yn\x9a\xe6k\xc4\xcfq\x19u\x0f\xe9\x04F\x0d\
\xc6\x00PA\x19\x00\x063\x0c\x5cD\xfcv,\xb3\xde\
R\xea\x0c5\xc7SI\x0f\xe7\x89\x9e\xdf\xb2\xea!`\
\xcfRg\xa89\xdeA\xfc\xfc\x96Y\x17\x033J\x9d\
\xa1\xfc\x18\x00*(\x03\xc0`\xdeM\xfc6,\xbb\x1e\
\xa7{\x0b\xcb\x10\xcd\xba\xc9OY\xf5\x13\xbaw_\xfa\
\xbd\x19\xfc\xc1XM\xac3\xca\x9c\xa4\x0c\x19\x00*(\
\x03@\xffv\xa2[\xdf(\xc7\xd7\x85%\xceS\x13\xbc\
\x99\xf89\xad\xaa\xdeX\xe2<5A\x1b\xaf\xce\xe8\xa5\
\x1e\x01v.q\x9er\xd3\x9a\x00\x90\xcb\x19\xba\xb9\xfb\
\x07`\xeb\xe8&*\xf2\x02\xe0\xe5\xd1M\x94d[\xe0\
o\xa2\x9b\xa8\xd0GH'\xccu\xc1\xab\x80\x17E7\
Q\x91\xad\xc8\xe3\xe4\xcd\xec\x19\x00\xba\xef`\xe05\xd1\
MT\xecCt\xe3w\xf9]\xc0v\xd1MTh!\
\xf0\xce\xe8&J0Dz\x1ab\x97\xbd\x0e80\xba\
\x09U\xab\x0b\x1f\x9a\x9a\xda\x9f\xd2\xbdc\xaf\x13\x1d\x00\
\xbc$\xba\x89\x01\xcd#\x9dP\xd6ug\x90\xbea\xb6\
\xd9+\xe8\xfe\xe28\x04\xbc?\xba\x09U\xcb\x00\xd0m\
{\x02\xaf\x8en\xa2&\xff+\xba\x81\x01\x9d\x06\xcc\x8f\
n\xa2\x06\xdb\x02\x7f\x1c\xdd\xc4\x80\xde\x17\xdd@M^\
K\xba\xb5\xb1:\xca\x00\xd0mo$\x9fKz\x8e \
\xed\x09h\xab\xae\x9d 7\x957E70\x80\xfd\x81\
\xc3\xa3\x9b\xa8\xc9\x0c\xe0\xd4\xe8&T\x1d\x03@w\x0d\
\x01\xa7D7Q\xb3\x93\xa3\x1b\xe8\xd3at\x7f\x97\xf2\
x\xfb\x03O\x8fn\xa2O9\x055H\x01\xa0\xeb\x87\
\x10\xb3e\x00\xe8\xaeg\xd1\xbdk\xe4\xa7\xd3\xd6\x00\xd0\
\xf5;\xe5M\xa6\xad\xdb\xaa\xad}\xf7k/R@U\
\x07\x19\x00\xba\xeb\x84\xe8\x06\x02\xecA;\x1f\x19\xfc\xfc\
\xe8\x06\x02\x1c\x1f\xdd@\x1f\xf6\x03\x9e\x12\xddD\x80\x1c\
?K\xb2`\x00\xe8\xae\xe3\xa2\x1b\x08\xf2\xdc\xe8\x06\x0a\
ZH\xda%\x9e\x9b\xa7\xd1\xbeK\x1e\xdb\xf6\xbbU\x96\
\x5c?K:\xcf\x00\xd0M\xb3I'\xc5\xe5\xe8\xd8\xe8\
\x06\x0a:\x86<\x8f\xb1\x0e\xd1\xbe\xa7\xcf\xb5\xad\xdf\xb2\
\x1c\x05l\x16\xdd\x84\xcag\x00\xe8\xa6\xbdH! G\
m\xbb\x12 \xa7\x93\xff&j\xdb\xb6j[\xbfe\xd9\
\x9c\xf4\x80*u\x8c\x01\xa0\x9b\xf6\x89n \xd0b\xda\
u\xe9c\xce\xdb\xaaMc\x9fA\xde\x8b`\x9b\xb6\x95\
zd\x00\xe8\xa6\xc5\xd1\x0d\x04\xda\x1c\xd85\xba\x89\x02\
\xdax\xd2bY\xda\xf4{\xba;\xe9w+W\x06\x80\
\x0e2\x00t\xd3\x82\xe8\x06\x82\xb5i\xfcm;\x11\xae\
Lm\x1a{\x9bz\xadB\x9b\xdeS\xea\x91\x01\xa0\x9b\
\xda~\xaf\xf5A\xb5i\xfcm\xea\xb5lm\x1a\xfb\xdc\
\xe8\x06\x82\xb5i[\xa9G\x06\x80n\xca\xfd\xc3j^\
t\x03\x05\xe4\xbc\xad\xda\xb4\xa8\xb4\xa9\xd7*\xe4>\xfe\
N2\x00H\x92\x94!\x03@7\xad\x8an \xd8#\
\xd1\x0d\x14\x90\xf3\xb6z4\xba\x81\x02\xda\xd4k\x15r\
\x1f\x7f'\x19\x00\xba)\xf77k\x9b\xc6\xdf\xa6^\xcb\
\xd6\xa6\xb1\xe7\x1c\xd4\xa0]\xdbJ=2\x00t\xd3\x03\
\xd1\x0d\x04[\x11\xdd@\x019o\xab6\x8d\xbdM\xbd\
V!\xf7\xf1w\x92\x01\xa0\x9bn\x89n \xd0j\xe0\
\xce\xe8&\x0a\xb89\xba\x81@\xcb\xa2\x1b(\xe0v\xd2\
\xefV\xaer\xfe=\xed,\x03@7\xdd\x14\xdd@\xa0\
\x9b\x81\x91\xe8&\x0ah\xd3\x22X\xb66\x8d}\x04\xf8\
Ut\x13\x81r\xfeL\xe9,\x03@7\xfd\x12X\x13\
\xddD\x90\x1b\xa2\x1b(\xe8\xfa\xe8\x06\x02\xb9\xad\xda\xe1\
\x09\xe0\xd6\xe8&T>\x03@7\xad\x05~\x16\xddD\
\x90\x1fE7P\xd0O\x81\x0d\xd1M\x04XO\x1a{\
\x9b\xfc$\xba\x81 \x97\x01\xeb\xa2\x9bP\xf9\x0c\x00\xdd\
\xf5\xc3\xe8\x06\x82\x5c\x1c\xdd@A\xf7\xd1\xbeo\xc2e\
XJ\xfbN,k\xdb\xefVYr\x1dw\xe7\x19\x00\
\xba\xeb\xa2\xe8\x06\x02\xdcF:\xfc\xd169n\xab\xef\
G7\xd0\x87\x9bh\xd7\x09\xa6e\xc9\xf1\xf73\x0b\x06\
\x80\xee\xba\x9c\xfc\x8e\xdb\xfd[t\x03}\xfart\x03\
\x01\xda:\xe6\xb6\xfe\x8e\xf5\xeb\x97\xc0U\xd1M\xa8\x1a\
\x06\x80\xee\xda\x00\x9c\x13\xddD\xcd\xda\xba\xa8\x5cE^\
'\x98\xdd\x08\x5c\x13\xddD\x9f\xce\x8an\xa0f\xffJ\
\x9e\xe7\xa8d\xc1\x00\xd0mg\xd1\xaeK\xe2\x06\xf13\
\xda},=\xa7\x85\xe5_\xa2\x1b\x18\xc0\x8d\xc0\x15\xd1\
M\xd4\xe4I\xe0\xec\xe8&T\x1d\x03@\xb7\xdd\x0a\x9c\
\x1f\xddDM\xfe6\xba\x81\x01}\x0ex0\xba\x89\x1a\
\xac\x04>\x1f\xdd\xc4\x80>\x1c\xdd@M\xbe\x02,\x8f\
nB\xd51\x00t\xdf_\x92.\xb9\xea\xb2\xa5\xc0\xb7\
\xa3\x9b\x18\xd0\xa3\xc0?F7Q\x83\x8f\xd3\xfe\xfb\xca\
\xff\x07\xdd?d\xb3\x81|\x82N\xb6\x0c\x00\xddw#\
p^t\x13\x15\xfb?t\xe38\xe5\xc7\x81\xfb\xa3\x9b\
\xa8\xd0\xbd\xc0'\xa3\x9b(\xc1\x06\xe0\xcf\xa2\x9b\xa8\xd8\
\xb9t?\xe4d\xcf\x00\x90\x87?\x01\x1e\x8en\xa2\x22\
\x17\xd2\xfeo\xffc\x1e\x04\xde\x1f\xddD\x85\xdeKw\
~\x0f\xbf\x01|'\xba\x89\x8a<\x02\xbc/\xba\x09\xd5\
cCK\xaa\xeb\xdfb\xab\xf6.\xe2\xb7a\xd9\xf58\
\xb0\xa8\xccIj\x80!\xe0\x12\xe2\xe7\xb6\xec\xfa\xf1\xe8\
\xd8\xbad/\xd2mr\xa3\xe7\xb6\xec:\xbd\xccI\xca\
\xd0y\xc4o\xc3^+\xbc\x81^\xcb\x000\x98a\xe0\
?\x89\xdf\x8ee\xd6i\xa5\xcePs<\x15x\x88\xf8\
\xf9-\xab\x1e\x04\xf6,u\x86\x9a\xe3\x7f\x10?\xbfe\
\xd6\xc5\xc0\x8cRg(?\x06\x80\x0a\xca\x000\xb8\x85\
\xc0o\x88\xdf\x96e\xd4WK\x9e\x9b\xa6y5\xf1s\
\x5cV\xbd\xb2\xe4\xb9i\x9as\x89\x9f\xe32\xea\x1e`\
\xc7\x92\xe7&G\x06\x80\x0a\xca\x00P\x8ecI\xcf5\
\x8f\xde\x9e\x83\xd4R`\xab\xb2'\xa6\x81>J\xfc\x5c\
\x0fZ9\x9cI\xbe5p\x1d\xf1s=H=\x01\x1c\
]\xf6\xc4d\xca\x00PA\x19\x00\xca\xf3r\xd2M>\
\xa2\xb7i?u\x07\xb0k\xf9S\xd2HC\xc0\x17\x89\
\x9f\xf3~\xeb\x5c\xf29\xd1xg\xd2\xb3(\xa2\xe7\xbc\
\x9f\x1a!\xedqR9\x0c\x00\x15\x94\x01\xa0\x5co!\
\xdd\x1f z\xbb\x16\xa9\xbb\x81\xc5ULF\x83mF\
:\xdb<z\xee\x8b\xd6\xb7G{\xcf\xc9\xbe\xa4\xdd\xe8\
\xd1s_\xa4F\xe8\xee\xb94Q\x0c\x00\x15\x94\x01\xa0\
|'\x03k\x88\xdf\xb6\xbd\xd4\xaf\x80\xbd\xab\x99\x86\xc6\
\x9bI\xba}n\xf46\xe8\xb5\xfe\x95\xfc\x16\xff1\x8b\
\x80\x9b\x89\xdf\x06\xbd\xd4\x1a\xe0u\xd5LC\xd6\x0c\x00\
\x15\x94\x01\xa0\x1a\xcf\xa7\xf9g\x9c_N:\x811g\
C\xc0\xdf\x11\xbf-\xa6\xaa\xf5\xa4c\xfe]\xbb\xdc\xaf\
\xa8\x1d\x80+\x89\xdf\x1eS\xd5\x83\xc0\x09UM@\xe6\
\x0c\x00\x15\x94\x01\xa0:\xbb\x93\x1e\xa6\x13\xbd\x8d'\xab\
\xcf\x01\xb3\xaa\x1bz\xeb\x9cD\xba\x9f~\xf4v\x99X\
\x0f\x03\xaf\xa9p\xdcm3\x1b\xf8\x04\xcd<\xccv5\
\xe9RSU\xc3\x00PA\x19\x00\xaa5\x9bt\xd6\xf9\
:\xe2\xb7\xf5\x06\xd2\xf1\xfe\x93*\x1dq{\xed\x09\xfc\
\x84\xf8m4V?\xa6{7d*\xcb+i\xcey\
\x01\xebH{\x91\x0c\xd4\xd52\x00TP\x06\x80z<\
\x0d\xb8\x94\xb8\xed<B\xfa\xd6\xbfu\xd5\x03m\xb9!\
\xe0\x0d\xa4\xfb\xebGm\xab\x15\xa4\x13\xc8r\xdf\xe5?\
\x9d\xadI{\x03\x22\xaf\xbc\xb9\x128\xac\xea\x81\x0a0\
\x00TR\x06\x80\xfa\x0c\x01K\x80k\xa8o\xfb>\x09\
|\x198\xa0\x86\xf1u\xc96\xa4\x07\xd3\xac\xa0\xbem\
\xf5\x00\xe9\x01L\x86\xb4b\x0e\x02\xfe\x8d\x14r\xeb\xda\
V\xbf ]\xe2gH\xab\x8f\x01\xa0\x822\x00\xd4o\
\x08x\x09p\x01\xd5\x1d\x1ax\x00\xf8\x14\xf9\x9e\xe1_\
\x96\xb9\xc0\xbbIOp\xab\xea=x\x1d\xe9\xc1Rs\
k\x1aSW-\x06>Mu\xa1m\x1d\xe9=\xfb\x12\
\x5c\xf8#\x18\x00*(\x03@\xac\x1d\x803H\xcf\x13\
x\x8c\xc1\xb6\xe5]\xc0\xd9\xa4\x1b\x12y<\xb2|O\
'\x1d\xeb\xbd\x86\xc1\xbem\x8e\x90\xbeA~\x048\xa4\
\xd6\x11\xe4a\x16\xe9<\x97s\x18\xfc\x16\xdd\x8f\x01\xff\
\x17x'^1\x13\xad5\x01`h\xf4/mp>\
\x9ee\xdc\x14\xb3\x81g\x02\x87\x02\xfb\x8c\xd6n\xc0\x1c\
\xd2\xb7\xc3\xb9\xa4\xcb\x8cV\x8d\xd6\xcd\xc0\xb2\xd1\xba\x0c\
\xb8\xa9\xfe\x96\xb3\xb5\x1dp\x0c\xb0?\xb0\x1f\xe9\xdb\xe7\
\xb6\xa4C\x07c\xdf\xe4W\x91.\x05]I\xdaF7\
\x017\x00?%\xed\xa1Q=\xf6\x03\x8ed\xe3{j\
o6\xbe\x9f\xe6\xb3\xf1\xfd\xb4\x0a\xb8\x93\x8d\xef\xa9\xab\
\x81+\x80\xb5\xf5\xb7\xacI\x9cG:\x84\xda\x0a\xe1)\
\xa4\xc7r\x0f\x80$\xa9\xe9Z\xb3\x07 \x97\xfbtK\
\x92\xa4q\x0c\x00\x92$e\xc8\x00 IR\x86\x0c\x00\
\x92$e\xc8\x00 IR\x86\x0c\x00\x92$e\xc8\x00\
 IR\x86\x0c\x00\x92$e\xc8\x00 IR\x86\x0c\
\x00\x92$e\xc8\x00 IR\x86\x0c\x00\x92$e\xc8\
\x00 IR\x86\x0c\x00\x92$e\xc8\x00 IR\x86\
\x0c\x00\x92$e\xc8\x00 IR\x86\x0c\x00\x92$e\
\xc8\x00 IR\x86\x0c\x00\x92$e\xc8\x00 IR\
\x86\x0c\x00\x92$e\xc8\x00 IR\x86\x0c\x00\x92$\
e\xc8\x00 IR\x86\x0c\x00\x92$e\xc8\x00 I\
R\x86\x0c\x00\x92$e\xc8\x00 IR\x86\x0c\x00\x92\
$e\xc8\x00 IR\x86\x0c\x00\x92$e\xc8\x00 \
IR\x86\x0c\x00\x92$e\xc8\x00 IR\x86\x0c\x00\
\x92$e\xc8\x00 IR\x86\x0c\x00\x92$e\xc8\x00\
 IR\x86\x0c\x00\x92$e\xc8\x00 IR\x86\x0c\
\x00\x92$e\xc8\x00 IR\x86\x0c\x00\x92$e\xc8\
\x00 IR\x86\x0c\x00\x92$e\xc8\x00 IR\x86\
\x0c\x00\x92$e\xc8\x00 IR\x86\x0c\x00\x92$e\
\xc8\x00 IR\x86\x0c\x00\x92$eh\x18\xd8\x10\xdd\
D\x8f\x0c+\x92\xa4\xa6k\xcbZ\xb5~\x18X\x1b\xdd\
E\x8f6\x8bn@\x92\xa4i\xcc\x8en\xa0Gk\xdb\
\x14\x00\xda2\xa9\x92\xa4|\xb5e\xadZ3\x0c\xac\x8e\
\xee\xa2Gm\x99TIR\xbe\xda\xb2V\xadi\xd3\x1e\
\x80\xf9\xd1\x0dH\x924\x8dm\xa3\x1b\xe8\xd1\xeaa`\
Mt\x17=\xda.\xba\x01I\x92\xa6\xb1 \xba\x81\x1e\
\xad\x19\x06\x1e\x8e\xee\xa2Gm\x99TIR\xbe\xda\xb2\
V=<\x0c<\x10\xddE\x8f6\xa7=\x13+I\xca\
\xcfB`Vt\x13=\xba\xbfM\x01\x00`\x8f\xe8\x06\
$I\xda\x84E\xd1\x0d\x14\xf0\x80\x01@\x92\xa4r\xec\
\x11\xdd@\x01\x0f\x0c\x03+\xa2\xbb(`qt\x03\x92\
$mB\x9b\xd6\xa8\x95\xc3\xc0=\xd1]\x14ppt\
\x03\x92$m\xc2A\xd1\x0d\x14p\xcf0p{t\x17\
\x05\x18\x00$IM\xd5\xa65\xea\xb6a\xe0\xb6\xe8.\
\x0aX\x0c\xcc\x89nB\x92\xa4\x09\xb6\x02\xf6\x8an\xa2\
\x80\xe5c{\x00\xd6Gw\xd2\xa3\x99\xc03\xa3\x9b\x90\
$i\x82#\x80\x19\xd1M\xf4h\x04\xb8c\xecY\x00\
m:\x0f\xe0\xc8\xe8\x06$I\x9a\xe0\xa8\xe8\x06\x0a\xf8\
5\xb0n\xec\xb9\xc5\xb7FvR\xd01\xd1\x0dH\x92\
4A\x9b\xd6\xa6[\x01\xc6\x02\xc0\xf5\x81\x8d\x14u\x0c\
07\xba\x09I\x92F\xcd\xa1]{\xa7\xaf\x83\x8d\x01\
\xe0\xba\xc0F\x8a\x9a\x0d\x1c\x1b\xdd\x84$I\xa3\x8e\xa7\
=\x8f\x01\x86\x09\x01`i`#\xfdxqt\x03\x92\
$\x8dj\xdb\x9at=\xc0\xd0\xe8?\xcc\x03\x1e\x1a\xf7\
\xcfMw?\xb03\xf0dt#\x92\xa4\xac\xcd\x04~\
\x03l\x1f\xddH\x8f\xd6\x03[\x03\xab\xc6\xf6\x00<\x02\
,\x0fk\xa7\xb8\xed\xf10\x80$)\xde\xf3h\xcf\xe2\
\x0f\xe9\x04\xc0U\xb0\xf1\x10\x00\xc0\x7f\xc5\xf4\xd2\xb7\xd7\
E7 I\xca^\xdb\xd6\xa2+\xc6\xfe2>\x00\x5c\
\x1a\xd0\xc8 ~\x9ft\xe8B\x92\xa4\x08[\x03K\xa2\
\x9b(\xe8\x92\xb1\xbf\xb49\x00\xcc%\x85\x00I\x92\x22\
\x9c\x0cl\x19\xddDA\x93\xae\xf53I\xe7\x02lh\
Q\xfd\xbc\x84\xc9\x90$\xa9\xa8!\xe0\x1a\xe2\xd7\xc1\x22\
\xf5 \xfc\xb0\xa4v\x00\x00\x08\xffIDAT\xe3\xbe\
\xf8\x8f\xdf\x03\xf0$\xe3\x8e\x0d\xb4\xc4\xd3\x81\xe7F7\
!I\xca\xce\x09\xc0\xd3\xa2\x9b(\xe82\xc6=\xfbg\
x\xc2\xffxq\xbd\xbd\x94\xe2=\xd1\x0dH\x92\xb2\xf3\
\xde\xe8\x06\xfa0\xe5\x1a\x7f\x08\xf1\xbb(\x8a\xd6z\xd2\
\x9e\x00I\x92\xeap\x18\xf1k_?u\xc0T\x83\x1a\
\x02\xeej@\x93E\xeb[S\x0dJ\x92\xa4\x12]H\
\xfc\xbaW\xb4\xee\xece`_h@\xa3\xfd\xd43{\
\x19\x9c$I\x038\x8a\xf8\xf5\xae\x9f\xfa\xa7^\x06\xb7\
\xa4\x01\x8d\xf6S\x97\xd1\x9e[\x19K\x92\xdag\x18\xb8\
\x9c\xf8\xf5\xae\x9f:\xa9\x97\x01n\x05<\xde\x80f\xfb\
)\xef\x0b I\xaa\xca\xdb\x88_\xe7\xfa\xa9\xc7H\xf7\
\xce\xe9\xc97\x1a\xd0p?u;\xe9\xb9\xcc\x92$\x95\
i!\xb0\x92\xf8u\xae\x9f:\x7f\xb2\x01M\xbc\x0cp\
\xccW\x8b\xccJ\x83\xec\x06|0\xba\x09IR\xe7|\
\x04\x98\x1f\xddD\x9f\xbeR\xe4\xff\xbc%\xe9iA\xd1\
\xa9\xa5\x9f\x1a\x01\x9eUd\xb0\x92$M\xe1h\xd2%\
\xe7\xd1\xeb[?\xf5(\xb0E\xd1\x01\x9f\xd7\x80\xc6\xfb\
\xad\xeb\xfb\x19\xb0$I\x13\xcc\x05n\x22~]\xeb\xb7\
\xbe\xdc\xcf\xa0_\xda\x80\xc6\x07\xa9O\xf63hI\x92\
\xc69\x9b\xf8\xf5l\x90za?\x83\x9eA\xbaq@\
t\xf3\xfd\xd6z\xe0%\xfd\x0c\x5c\x92$\xe0\xcd\xc4\xaf\
e\x83\xd4r6}\xae\xdf\xb4>\xd8\x80\x01\x0cR+\
\x81\xa7\xf6;xIR\xb6\x0e$]>\x17\xbd\x8e\x0d\
R\x7f6\xc8\x04\xecJzJ`\xf4 \x06\xa9\xa5\xb4\
\xefy\xcd\x92\xa48s\x80\x1b\x89_\xbf\x06\xa9\x11\xd2\
\x95q\x03\xf9n\x03\x062h}\x83tHC\x92\xa4\
\xa9\xcc\x04\xbeI\xfc\xba5h]P\xc6d\xbc\xb0\x01\
\x03)\xa3\xce\xc2[\x05K\x926m\x08\xf8g\xe2\xd7\
\xab2\xea\x84\xb2&\xe5\x9a\x06\x0c\xa6\x8c\xfa\xcb\xb2&\
D\x92\xd49\x7fM\xfc:UF-\xa5\xc4/\xbc\x7f\
\xd0\x80\x01\x95U\xef*kR$I\x9d\xf1v\xe2\xd7\
\xa7\xb2\xea\x942'f\x16pW\x03\x06UF\x8d\x00\
\xaf/sr$I\xadv\x0aim\x88^\x9f\xca\xa8\
;\x80\xcd\xca\x9d\x1ex_\x03\x06Vf\x08xG\xb9\
\xd3#Ij\xa1w\xd2\x9d\xc5\x7f\x03\xf0\xeer\xa7'\
\x99\x03\xdc\xdb\x80\xc1\x95Y\x7f\x8b'\x06JR\x8e\x86\
\x80\x0f\x10\xbf\x0e\x95YwS\xe1e\xef\xefi\xc0\x00\
\xcb\xae/\x91.\xfb\x90$\xe5a\x06\xf09\xe2\xd7\x9f\
\xb2\xeb\xf42'i\xa2-\x80\xdf4`\x90e\xd77\
H{8$I\xdd6\x97n\x5c\xe7?\xb1\xee\x046\
/q\x9e&uz\x03\x06ZE\xfd7pP\x89\xf3\
$Ij\x96\xfd\x80\xeb\x88_o\xaa\xa8\xb7\x948O\
\x9b4\x1b\xf8e\xc0\xe0\xea\xa8\xc7\x80?,o\xaa$\
I\x0d\xf1f\xe0q\xe2\xd7\x99*j\x19\x15\x9c\xf9\xbf\
)\xaf\xa8a@\x91u6i7\x91$\xa9\xdd\xe6\x02\
\xe7\x10\xbf\xaeTY/*m\xb6z\xf4\x83\x92\x1ao\
j\xdd\x08\x1cY\xdalI\x92\xeav4p\x13\xf1\xeb\
I\x95uai\xb3U\xc0\xfe\xc0\xba>\x9amS\xad\
'\xed\x0dXX\xd2\x9cI\x92\xaa\xb7-\xf0\x09\xbau\
}\xffd\xb5\x8e\xf4\xd8\xe2\x10g\xf6\xd0`\x17j\x05\
p\x1a0\x5c\xce\xb4I\x92*0\x0c\xbc\x0dXI\xfc\
\xbaQG}\xbc\x9ci\xeb\xcf\xd6t\xe7\x16\xc1\xbd\xd4\
\x15\xc0Q\xa5\xcc\x9c$\xa9LG\x01W\x12\xbfN\xd4\
Uw\x00[\x952s\x03x\x09\xf1\x13Qw]\x02\
\xbc\xb4\x8c\xc9\x93$\x0d\xe4`\xe0<\xe2\xd7\x85\xba\xeb\
eeL^\x19\xbeF\xfcdD\xd4/\x80%x;\
aI\xaa\xdb\xd1\xc0\xb7I\xe7jE\xaf\x05u\xd7\x97\
K\x98\xbf\xd2\xecH>\xc7\x5c&\xab\xa5\xa4\x9b0\xcc\
\x1bt\x22%I\x9b\xb45\xf0V\xe0\x1a\xe2?\xf7\xa3\
\xea\x01`\x87A'\xb2l\xaf%~b\xa2k\x15\xf0\
E\xe0\x04|\xbe\x80$\x95a&\xf0\x02\xd2s[\x1e\
#\xfes>\xba\x96\x0c4\x9b\x15:\x9b\xf8\xc9iJ\
\xdd\x07|\x96t\x9c\xc6\x9b\x0aIR\xef\xe6\x02/'\
=\xb0\xe7~\xe2?\xcf\x9bR_\x18dR'*\xfb\
\xd8\xf5<\xd2q\xf1=K\xfe\xb9m\xb7\x06\xb8\x14\xf8\
\xc9\xe8\x9f\x97\x93\xf6\x16H\x92\xd2\xd9\xecG\x90\xce\xe4\
?f\xf4\xcfY\xa1\x1d5\xcf/\x81C\x81G\xcb\xfa\
\x81U\x9c\xbcv$\xf0c\xdc\x05>\x95\x11\xe0\x16\xd2\
C)\xae\x05n\x06\x96\x03\xb7\x91\xd2\xae$u\xd1B\
`\x0f`\x11\xb0\x98\xf4\x00\xb6\x83\x81\xbdH\x8f\xe8\xd5\
\xe4\xd6\x01\xcf&]\x8a^\x9a\xaa\xce^\x7f?\xf07\
\x15\xfd\xec\xae[C\xba\xf1\xd0X=\x09<\x01\xac\x8e\
lJ\x92\x0a\xd8\x9c\xf4\xf8\xf8\x99\xc0v\xc0\x82\xd1\xf2\
[}\x7f\xde\x0b\xfc}\xd9?\xb4\xaa\x000D\xba.\
\xf3\xd5\x15\xfd|I\x92r\xf0\x1f\xc0+I\xe7\x00\x94\
\xaa\xca\xeb\xd7\xe7\x92vW\xec_\xe1kH\x92\xd4U\
\xcb\x80\xc3\x81G\xaa\xf8\xe1U\xde\xdb~\x15)\xb5T\
\xd2\xb8$I\x1d\xf6(\x15\xaf\xa1U?\xdcf\x19p\
*\xe9\xa47I\x924\xbd\x11\xe0d\xd2c\xe9+S\
\xc7Y\x97\xcb\x80{I\xcf\x0c\x90$IS{\x17p\
N\xd5/R\xd7e\x17W\x03\xf3I\xd7yJ\x92\xa4\
\xc9}\x14\xf8\xab:^\xa8\xce\x87\xd8\x0c\x93\x1e\x1a\xf4\
\x8a\x1a_S\x92\xa4\xb6\xb8\x008\x89\x9a\x0e\x9b\xd7\xfd\
\x14\xbb-\x80\xef\x02\xcf\xa9\xf9u%Ij\xb2KI\
\xcf<x\xac\xae\x17\x8cx\x8c\xed\x1c\xe0B\xd2\xa3\x1c\
%I\xca\xdd\x15\xa4\x87\xc8\x95v\x9b\xdf^D=\xc7\
~k\xe0b\xd2}\x8d%I\xca\xd5\xb5\xc0q\xc0\xca\
\xba_8*\x00@\xba'\xf4\x8f\x80\xfd\x02{\x90$\
)\xca\x7f\x93\x0e\x89\xdf\x17\xf1\xe2U\xdf\x07`*\xf7\
\x91\x06~M`\x0f\x92$E\xb8\x01x\x1eA\x8b?\
\xc4\x06\x00H\x03?\x0e\xf8Yp\x1f\x92$\xd5\xe5*\
\xe0X\xe0\xee\xc8&\xa2\x03\x00\xc0C\xa4\x93\x1f~\x10\
\xdd\x88$I\x15\xfb1\xf0\x5c\xd2\xd3^C5!\x00\
@\xba\xec\xe1e\xc07\xa3\x1b\x91$\xa9\x22_\x07N\
\xa4\xe6\xb3\xfd7\xa5\xae;\x01\xf6b\x1d\xf0\xd5\xd1\xbf\
?'\xb0\x0fI\x92\xca\xf6I\xe0M\xa4\xb5\xae\x11\x9a\
\x14\x00\xc6\xfc\x88t\x5c\xe4D\x9a\xb3\x87B\x92\xa4~\
\x8c\x00g\x00\x1f\x046\x04\xf7\xf2[\x22/\x03\x9c\xce\
\xcbH\x0fC\xd8*\xba\x11I\x92\xfa\xf0\x08\xf0z\xd2\
-~\x1b\xa7\xc9\x01\x00`1\xe9\x98\xc9\x01\xd1\x8dH\
\x92T\xc02\xe0U\xa4\xcb\xfd\x1a\xa9\xe9\xbb\xd8o&\
=A\xf0k\xd1\x8dH\x92\xd4\xa3o\x02\xcf\xa4\xc1\x8b\
?4\xf3\x1c\x80\x89\xd6\x92\x02\xc0j\xd2\xc9\x81M\x0f\
-\x92\xa4<\xad\x03\xdeO:\xe6\xbf:\xb8\x97i5\
\xfd\x10\xc0D\x87\x03\xe7\x02{E7\x22I\xd28\xcb\
\x81SHO\xf5k\x856\xec\x01\x18\xef.\xe0K\xc0\
\x02\xe0\x19\xb1\xadH\x92\x04\xc0\xbf\x02/\x01~\x15\xdd\
H\x11m\xdb\x030\xdek\x813\x81\xf9\xd1\x8dH\x92\
\xb2\xb4\x12x+p~t#\xfdh\xdb\x1e\x80\xf1\xae\
'\xed\x0d\xd8\x01xZl+\x92\xa4\xcc\x5c\x00\xbc\x18\
\xb8<\xba\x91~\xb5y\x0f\xc0x/&\xed\x0d\xd8-\
\xba\x11IR\xa7\xfd\x068\x9dt\x89z\xab\xb5y\x0f\
\xc0x\xb7\x00_ \xdd4\xe8P\xbcR@\x92T\xae\
u\xc0\xa7H\xd7\xf6/\x0d\xee\xa5\x14]\xd9\x030\xde\
>\xc0\xc7\x80\x17E7\x22I\xea\x84\x1f\x00\xef\x22\x1d\
z\xee\x8c.~S^F:$p\x02pcp/\
\x92\xa4\xf6\xba\x05x\x0dp<\x1d[\xfc\xa1\x9b{\x00\
\xc6\x9b\x05\xbc\x19\xf8S`\x97\xe0^$I\xed\xf0k\
\xe0C\xc0\xbf\xd0\xa0\xa7\xf7\x95\xad\xeb\x01`\xcc,\xe0\
\x0f\x80\x0f\x00;\x85v\x22Ij\xaa\xfb\x81\x8f\x92\x1e\
\xdd\xfbDp/\x95\xcb%\x00\x8c\x99\x03\xbc\x8dt,\
\xc7=\x02\x92$\x80;\x81\x8f\x03\x9f\x05\x1e\x0f\xee\xa5\
6\xb9\x05\x801\x9b\x01'\x01\xef\x05\x0e\x0b\xeeE\x92\
\x14\xe3Z\xe0\xd3\xc0Y\xc0\x9a\xe0^j\x97k\x00\x18\
3D:Y\xf0\x0c\xe0\x05t\xe7\xb2HI\xd2\xe4F\
\x80\x0b\x81O\x00\x17\x05\xf7\x12*\xf7\x000\xde\xce\xc0\
\xa9\xc0[\x80E\xc1\xbdH\x92\xcau\x17p\x0ei7\
\xff\xf2\xd8V\x9a\xc1\x00\xf0\xbbf\x90\xf6\x06\x9c\x0a\xbc\
\x94t\xde\x80$\xa9}V\x01\xdf\x06\xce\x06\xfe\x13X\
\x1f\xdbN\xb3\x18\x00\xa6\xb69\xe9\x10\xc1\x12\xe0\x15\xc0\
\xdc\xd8v$I\xd3X\x0d|\x9f\xf4\x80\x9e\xaf\x93B\
\x80&a\x00\xe8\xdd\x5c\xe0\xf9\xc0\x89\xc0\x0b\x81\xa7\xc4\
\xb6#I\x1au'\xe9\xb8\xfe\xf7H\xc7\xf5]\xf4{\
`\x00\xe8\xdfA\xa4 p\x1cp\x140/\xb6\x1dI\
\xca\xc6\xc3\xc0e\xc0\xc5\xa4E\xff\x86\xd8v\xda\xc9\x00\
P\x8ea\xe0@\xe0\xd9\xc0\x91\xc03\x81=q~%\
iP\xeb\x81[\x81+H\x8b\xfeOI\x0b\xbe\xc7\xf3\
\x07\xe4\x02U\x9d\xb9\xa4Pp\xf0h\xed\x0f<\x95t\
\x03\x22/7\x94\xa4\xdf6B\xba\x05\xef\xad\xa4\x05\xfe\
\xda\xd1\xba\x01w\xe9W\xc2\x00P\xbf\xcd\x80\xddH\x97\
\x1a.\x02v\x04\x16\x8c\xd6v\xe3\xfe\x0e\xb0\x0di\x1b\
mA:!Q\x92\xda`5\xe9V\xba\x1b\x80\x87F\
\xff\xdd\x0a\xe0\x81\xd1?\xc7\xfe~\x0f\xe9\x92\xbc\xdb\x80\
;\xe8\xf0}\xf7\x9b\xe8\xff\x01v\x0d\xcf\xb79SJ\
|\x00\x00\x00\x00IEND\xaeB`\x82\
\x00\x00\x1d\xd6\
\x89\
PNG\x0d\x0a\x1a\x0a\x00\x00\x00\x0dIHDR\x00\
\x00\x02\x00\x00\x00\x02\x00\x08\x06\x00\x00\x00\xf4x\xd4\xfa\
\x00\x00\x00\x09pHYs\x00\x00\x0e\xc3\x00\x00\x0e\xc3\
\x01\xc7o\xa8d\x00\x00\x00\x19tEXtSof\
tware\x00www.inksca\
pe.org\x9b\xee<\x1a\x00\x00\x1dcID\
ATx\x9c\xed\xdd\xcd\xaf\xad\xe7Y\x1e\xf0\xebl\xc8\
\xb1\x8fl\xc7\x0e8\xce\xa8\x88$6C\xf2EG\x85\
\x8c@b@\x05i\xa0J@\xa2\xa5\xb4\x9d\x92\xc0_\
\x00\x04$\x12 L:\xa8Z\x84Z\xd40\x01\x05\x92\
\x14|b&Q\x9d4\xc3\x84\xd81\xa93\xa6\x98\xd8\
N\xd2\x18%\xa9\xd4\xe3\x0e\xd6^>\xfb\x9c\xb3?\xd6\
\xc7\xfb\xde\xef\xf3<\xef\xef']\xa2I+\xfa\xae\xb5\
\x9e\xf7\xbe\xee\xbd\xd6Y{_\xcb\xfc\xde\x98\xe4G\x93\
\xbc=\xc9\x13I\x1e?\xfd\xef\x1eN\xf2\xe0\xe9\xff\x9b\
W\x92|3\xc9\x8bI\x9e?\xcd\x17\x92<\x9d\xe4k\
\x05\xd7\x08\x00S{,\xb7\xfb\xef\xf1l:\xf0\xd1\x9c\
\xdf\x7f_\xcb\xbd\xfd\xf7b\xf1\xf5N\xe2\x9dI~7\
\xc93In%y\xf5\xc0\xdcJ\xf2\xec\xe9\xff\xaew\
\x96>\x02\x00\xd8\xdf\x8f$\xf9\xbdl\xba\xeb\xd8\xfe{\
&\xc9\x87\x93\xbc\xa3\xf4\x11\x1c\xe0\xc1$\x1fL\xf2\x5c\
\x0e\x7f\xc0W\xe5o\x93\xfcj\x92\x87\x8a\x1e\x13\x00\x5c\
\xe5\xa1$\xbf\x96\xe4+\x99\xaf\xff\x9eK\xf2\x81\xdc~\
\xe7\xa0\x09\x8f$\xf9P\x92\x973\xdf\x03\xbf;/\x9f\
\xfe\xff\xf9H\xc1\xe3\x03\x80\xf3\xbc!\xc9o'\xf9z\
\xea\xfa\xef\xa5$\xbf\x91\xcd\xc7\x08\x8b\xb9\x96\xe4\x17\x93\
\xfc}\xea\x1e\xf8yO\xc4\xaf$\xf9\x9e\x99\x1f+\x00\
lm\xfb\xef\x85,\xd7\x7f/f\xd3\x7f'3?\xd6\
{\xbc9\xc9g\x8f\xb8\xf0\xa9\xf3\xb9$o\x99\xf5\x11\
\x03@\xf2\xd6$\x9f\xcf\xf2\xbd\xb7\xcd\xd3I~p\xce\
\x07|\xd6\xbfH\xed\xdb\xfd\xbb\xe6\xff$\xf9\x85\x19\x1f\
7\x00\xeb\xf6\xb3\xa9}\xbb\x7f\xd7|3\xc9\xfbg|\
\xdc\xb9\x96\xcd\xbf\xc6_\xfa\x81^\x95\xdf\xcf\x02o\x89\
\x000\xac\x93$\x7f\x90\xe5\xfb\xed\xaa|8\x9b\xae\x9e\
\xd4\xf7&\xf9\xc3\x06\x1e\xdc\xae\xf9\xd3$\xf7O\xfd$\
\x00\xb0:\xd7\x93|,\xcb\xf7\xda\xae\xf9\xe3$\xaf\x9b\
\xea\xc1\xbf.\xc9\xa7\x1axP\xfb\xe6f\x92\x1bS=\
\x09\x00\xac\xce\x8dl\xbad\xe9>\xdb7\x9f\xca\x04K\
\xc0\xb5$\x7f\xd4\xc0\x8394\x9fI\xf2\xc0\xb1O\x02\
\x00\xabs#\xc9SY\xbe\xc7\x0e\xcd\xc7r\xe4\xc7\xe1\
=|\xe6\x7fU\x9e\x8aw\x02\x00\xd8]\xef\xe5\xbf\xcd\
G\x0e}\x02~\xb6\x81\x8b\x9f*\xde\x09\x00`\x17\xa3\
\x94\xff6{\x7f;\xe0\x07\xd2\xe6W\xfd,\x01\x00\xcc\
e\xb4\xf2\x7f5\xc97\xb2\xf9\xdd=;9I[\xbf\
\xe4g\xca\xf88\x00\x80\xf3\x8cX\xfe\xdb|6;\xfe\
{\x80\x7f\xd3\xc0\xc5\xce\x19\xef\x04\x00p\xd6\xc8\xe5\xbf\
\xcd\xbf\xbe\xeaIx}\x92\xbfk\xe0B-\x01\x00T\
XC\xf9\xbf\x9a\xcd\xdf-\xb8\xf4\x0f\xe8}\xa8\x81\x8b\
\xac\x8a\x8f\x03\x00\xd6m-\xe5\xbf\xcdo^\xf4D<\
\x90\xcd_\x17Z\xfa\x02+\xe3\x9d\x00\x80uZ[\xf9\
\xbf\x9a\xcd?\xee\x7f\xe8\xbc'\xe3\x83\x0d\x5c\xdc\x12\xf1\
N\x00\xc0\xba\xac\xb1\xfc\xb7\xf9\xe0yO\xc8\x97\x1b\xb8\
\xb0\xa5\xe2\x9d\x00\x80uXs\xf9\xbf\x9a\xe4\xb9\xbb\x9f\
\x90w5pQK\xc7\x12\x000\xb6\xb5\x97\xff6\xef\
Ln\x7f/\xf0}\x07?\x9d\xe3xw\x92?\x8f\x8f\
\x03\x00Ft#\xc9'\x92\xfc\xf8\xd2\x17\xd2\x80;~\
;\xe0\xb3Y~#i%\xde\x09\x00\x18\x8b\x9f\xfc\xef\
\xcc\x97\xb6O\xcc\xa3In5pA-\xc5\x12\x000\
\x06\xe5\x7fon%y\xec$\xc9\x8fe\xf3g\x7f\xb9\
\xcd\xc7\x01\x00\xfd\xf3\xb6\xff\xf9\xae%\xf9g'I\xde\
\xbe\xf4\x954\xea\xc7\x93<\x19\xef\x04\x00\xf4H\xf9_\
\xeem'I\x9eX\xfa*\x1a\xf6\xee$\x7f\x19K\x00\
@O\x94\xff\xd5\x1e?I\xf2\xf8\xd2W\xd1\xb8w'\
\xf9x|\x1c\x00\xd0\x83\x1bI\xfe\x22\xca\xff*O\x9c\
$y\xd3\xd2W\xd1\x81\x9f\x88\x8f\x03\x00Z\xb7\xfd\xc9\
\xff'\x96\xbe\x90\x0e\xbc\xe9$\xc9\x83K_E'|\
\x1c\x00\xd0.o\xfb\xef\xe7\xc1$\xf9n\x96\xffJB\
O\xf1\x15A\x80\xb6\xf8\xaa\xdf\xfe\xf9\xceI|\x05p\
_\xde\x09\x00h\x87\x9f\xfc\x0fs\xed$\xc9+K_\
E\x87,\x01\x00\xcbS\xfe\x87\xfb\xd6I\x92o-}\
\x15\x9d\xb2\x04\x00,G\xf9\x1f\xe7\x95\x93$/,}\
\x15\x1d\xf3\x15A\x80z\xbe\xeaw\xbc\x7f8I\xf2\xd5\
\xa5\xaf\xa2s\xbe\x22\x08P\xc7W\xfd\xa6\xf1\xbfN\x92\
<\xbf\xf4U\x0c\xc0\xc7\x01\x00\xf3\xf3\xb6\xfft\xbez\
\x92\xe4\x8bK_\xc5 |\x1c\x000\x1fo\xfbO\xeb\
o\x12\x7f\x0ex\xea\xf8=\x01\x00\xd3\xf2=\xffis\
+\xc9c\xdb'\xf7\xd9\x06.h\xa4X\x02\x00\xa6\xa1\
\xfc\xa7\xcf\x97\x92\xe4\xe4\xf4\x09\xfe\xab\xdd^\x07v\xe4\
\xe3\x00\x80\xe3y\xdb\x7f\x1eO\x9e\xfd\x0f\xef\xca\xf2\x1b\
\xc9\x88\xf1N\x00\xc0a\xfc\xe4?_\xdeq\xf7\x93\xfd\
\xe5\x06.j\xc4X\x02\x00\xf6\xa3\xfc\xe7\xcbs\xdb'\
y\xfb\x11@\x92\xfc\xe7\xcb^\x0d\x0e\xe6\xe3\x00\x80\xdd\
y\xdb\x7f^\xff\xe9\xbc\xff\xf2\x81$/f\xf9\xedd\
\xd4x'\x00\xe0r~\xf2\x9f7/'yh\xfbd\
\x9f}\x07\xe0\x1f\x93\xfc\xc7\x0b_\x16\x8e\xe5\x9d\x00\x80\
\x8b\xf9\xc9\x7f~\xff!\x97\xfc\xfd\x9f\xd7'\xf9\xdfY\
~K\x199\xde\x09\x00\xb8\x93\x9f\xfc\xe7\xcf\x0bI\x1e\
\xb9\xea\x85\xf8\xe5\x06.t\xf4X\x02\x006\x94\x7fM\
~i\x97\x17\xe3$\xc9\xe7\x1a\xb8\xd8\xd1\xf3\xe9\xf88\
\x00X\xb7\x1b\xd9\xcc\xc2\xa5\xe7\xf1\xe8\xf9\x5c\xee\xfc\xc8\
\xffRoI\xf2\x8d\x06.z\xf4x'\x00X+?\
\xf9\xd7\xe4[I~h\xc7\xd7\xe45?\xd7\xc0\x85\xaf\
!\xde\x09\x00\xd6\xe6\xbe$\x9f\xca\xf2\xf3w\x0d\xf9\xf9\
\x1d_\x93{|\xb4\x81\x8b_C,\x01\xc0Zx\xdb\
\xbf.\xbf\xb7\xe3kr\xaekI\xfeK\x03\x0fb\x0d\
\xb1\x04\x00\xa3\xf3\x93\x7f]\xfe${|\xee\x7f\x91\xeb\
In6\xf0`\xd6\x10K\x000*?\xf9\xd7\xe5f\
6\xdd=\x09\xffX\xa3.\x96\x00`4~\xf2\xaf\xcb\
,\xff\xb8\xdc\x12P\x17K\x000\x0a\xe5_\x97Y\xbf\
Yf\x09\xa8\x8b%\x00\xe8\x9d\xf2\xafK\xc9\xd7\xca-\
\x01u\xb1\x04\x00\xbdR\xfeu)\xfd\x9d2\x96\x80\xba\
X\x02\x80\xde(\xff\xba,\xf2\x0b\xe5,\x01u\xb1\x04\
\x00\xbdP\xfeuY\xf4\xb7\xc9Z\x02\xeab\x09\x00Z\
\xa7\xfc\xeb\xd2\xc4\xaf\x92\xb7\x04\xd4\xc5\x12\x00\xb4J\xf9\
\xd7\xa5\x89\xf2\xdf\xf2\xc2\xd7\xc5\x12\x00\xb4F\x07\xac\xbc\
\x03\x1c\x80\x95\x1f\x00`\x95\xcc~\xb3?\x89\x83\xe0 \
\x00kb\xe6\x9b\xf9wp \x1c\x08`|f\xbdY\
\x7f.\x07\xc3\xc1\x00\xc6e\xc6\x9b\xf1\x97r@\x1c\x10\
`<f\xbb\xd9\xbe\x13\x07\xc5A\x01\xc6a\xa6\x9b\xe9\
{q`\x1c\x18\xa0\x7ff\xb9Y~\x10\x07\xc7\xc1\x01\
\xfae\x86\x9b\xe1Gq\x80\x1c \xa0?f\xb7\xd9=\
\x09\x07\xc9A\x02\xfaaf\x9b\xd9\x93r\xa0\x1c(\xa0\
}f\xb5Y=\x0b\x07\xcb\xc1\x02\xdaeF\x9b\xd1\xb3\
r\xc0\x1c0\xa0=f\xb3\xd9\x5c\xc2As\xd0\x80v\
\x98\xc9fr)\x07\xce\x81\x03\x96g\x16\x9b\xc5\x8bp\
\xf0\x1c<`9f\xb0\x19\xbc(\x07\xd0\x01\x04\xea\x99\
\xbdfo\x13\x1cD\x07\x11\xa8c\xe6\x9a\xb9Mq \
\x1dH`~f\xadY\xdb$\x07\xd3\xc1\x04\xe6c\xc6\
\x9a\xb1Ms@\x1dP`zf\xab\xd9\xda\x05\x07\xd5\
A\x05\xa6c\xa6\x9a\xa9]q`\x1dX\xe0xf\xa9\
Y\xda%\x07\xd7\xc1\x05\x0eg\x86\x9a\xa1]s\x80\x1d\
``\x7ff\xa7\xd99\x04\x07\xd9A\x06vgf\x9a\
\x99Cq\xa0\x1dh\xe0jf\xa5Y9$\x07\xdb\xc1\
\x06.fF\x9a\x91Cs\xc0\x1dp\xe0^f\xa3\xd9\
\xb8\x0a\x0e\xba\x83\x0e\xdcf&\x9a\x89\xab\xe2\xc0;\xf0\
\x80Yh\x16\xae\x94\x83\xef\xe0\xc3\x9a\x99\x81f\xe0\xaa\
\xb9\x01\xdc\x00\xb0Ff\x9f\xd9G\xdc\x08n\x04X\x17\
3\xcf\xcc\xe3\x0c7\x84\x1b\x02\xd6\xc0\xac3\xeb8\x87\
\x1b\xc3\x8d\x01#3\xe3\xcc8.\xe1\x06q\x83\xc0\x88\
\xcc6\xb3\x8d\x1d\xb8Q\xdc(0\x123\xcdLc\x0f\
n\x187\x0c\x8c\xc0,3\xcb8\x80\x1b\xc7\x8d\x03=\
3\xc3\xcc0\x8e\xe0\x06r\x03A\x8f\xcc.\xb3\x8b\x09\
\xb8\x91\xdcH\xd0\x133\xcb\xccbBn(7\x14\xf4\
\xc0\xac2\xab\x98\x81\x1b\xcb\x8d\x05-3\xa3\xcc(f\
\xe4\x06s\x83A\x8b\xcc&\xb3\x89\x02n47\x1a\xb4\
\xc4L2\x93(\xe4\x86s\xc3A\x0b\xcc\x22\xb3\x88\x05\
\xb8\xf1\xdcx\xb0$3\xc8\x0cbAn@7 ,\
\xc1\xec1{h\x80\x1b\xd1\x8d\x08\x95\xcc\x1c3\x87\x86\
\xb8!\xdd\x90P\xc1\xac1kh\x90\x1b\xd3\x8d\x09s\
2c\xcc\x18\x1a\xe6\x06u\x83\xc2\x1c\xcc\x16\xb3\x85\x0e\
\xb8Q\xdd\xa80%3\xc5L\xa1#nX7,L\
\xc1,1K\xe8\x90\x1b\xd7\x8d\x0b\xc70C\xcc\x10:\
\xe6\x06v\x03\xc3!\xcc\x0e\xb3\x83\x01\xb8\x91\xdd\xc8\xb0\
\x0f3\xc3\xcc` nh74\xec\xc2\xac0+\x18\
\x90\x1b\xdb\x8d\x0d\x971#\xcc\x08\x06\xe6\x06w\x83\xc3\
y\xcc\x06\xb3\x81\x15p\xa3\xbb\xd1\xe1,3\xc1L`\
E\xdc\xf0nxH\xcc\x02\xb3\x80Ur\xe3\xd7\xe5f\
\xdc\xf8\xb4\xe7\xbe$\x9f\xcc\xf2\xf7\xc7\x1a\xa2\xfci\x8e\
%\xa0.\x96\x00Z\xa2\xfc\xeb\xa2\xfci\x96%\xa0.\
\x96\x00Z\xa0\xfc\xeb\xa2\xfci\x9e%\xa0.\x96\x00\x96\
\xa4\xfc\xeb\xa2\xfc\xe9\x86%\xa0.\x96\x00\x96\xa0\xfc\xeb\
\xa2\xfc\xe9\x8e%\xa0.\x96\x00*)\xff\xba(\x7f\xba\
e\x09\xa8\x8b%\x80\x0a\xca\xbf.\xca\x9f\xeeY\x02\xea\
b\x09`N\xca\xbf.\xca\x9faX\x02\xeab\x09`\
\x0e\xca\xbf.\xca\x9f\xe1X\x02\xeab\x09`J\xca\xbf\
.\xca\x9faY\x02\xeab\x09`\x0a\xca\xbf.\xca\x9f\
\xe1\x19(u\xb1\x04p\x0c\xf7\xaa{\x15&g\xb0\x18\
,\xb4\xcd=\xea\x1e\x85\xd9\x180\x06\x0cmro\xba\
7av\x06\x8dAC[\xdc\x93\xeeI(c\xe0\x18\
8\xb4\xc1\xbd\xe8^\x84r\x06\x8f\xc1\xc3\xb2\xdc\x83\xee\
AX\x8c\x01d\x00\xb1\x0c\xf7\x9e{\x0f\x16g\x10\x19\
D\xd4r\xcf\xb9\xe7\xa0\x19\x06\x92\x81D\x0d\xf7\x9a{\
\x0d\x9ac0\x19L\xcc\xcb=\xe6\x1e\x83f\x19P\x06\
\x14\xf3po\xb9\xb7\xa0y\x06\x95A\xc5\xb4\xdcS\xee\
)\xe8\x86\x81e`1\x0d\xf7\x92{\x09\xbacp\x19\
\x5c\x1c\xc7=\xe4\x1e\x82n\x19`\x06\x18\x87q\xef\xb8\
w\xa0{\x06\x99A\xc6~\xdc3\xee\x19\x18\x86\x81f\
\xa0\xb1\x1b\xf7\x8a{\x05\x86c\xb0\x19l\x5c\xce=\xe2\
\x1e\x81a\x19p\x06\x1c\xe7so\xb87`x\x06\x9d\
A\xc7\x9d\xdc\x13\xee\x09X\x0d\x03\xcf\xc0c\xc3\xbd\xe0\
^\x80\xd51\xf8\x0c\xbe\xb5s\x0f\xb8\x07`\xb5\x0c@\
\x03p\xad\xae\xc7\xd9w\xf6a\xe5,\x01\x06\xe1\xda(\
\x7fg\x1e8e\x090\x10\xd7B\xf9;\xeb\xc0],\
\x01\x06\xe3\xe8\x94\xbf3\x0e\x5c\xc0\x12`@\x8eJ\xf9\
;\xdb\xc0\x15,\x01\x06\xe5h\x94\xbf3\x0d\xec\xc8\x12\
``\x8eB\xf9;\xcb\xc0\x9e,\x01\x06g\xef\x94\xbf\
3\x0c\x1c\xc8\x12`\x80\xf6J\xf9;\xbb\xc0\x91,\x01\
\x06io\x94\xbf3\x0bL\xc4\x12`\xa0\xf6B\xf9;\
\xab\xc0\xc4,\x01\x06k\xeb\x94\xbf3\x0a\xcc\xc4\x12`\
\xc0\xb6J\xf9;\x9b\xc0\xcc\x0cZ\x83\xb65\xce\xa43\
\x09\x141p\x0d\xdcV8\x8b\xce\x22P\xcc\xe05x\
\x97\xe6\x0c:\x83\xc0B\x0c`\x03x)\xce\x9e\xb3\x07\
,\xcc 6\x88\xab9s\xce\x1c\xd0\x08\x03\xd9@\xae\
\xe2\xac9k@c\x0cf\x83yn\xce\x983\x064\
\xca\x806\xa0\xe7\xe2l9[@\xe3\x0cj\x83zj\
\xce\x943\x05t\xc2\xc06\xb0\xa7\xe2,9K@g\
\x0cn\x83\xfbX\xce\x903\x04t\xca\x007\xc0\x0f\xe5\
\xec8;@\xe7\x0cr\x83|_\xce\x8c3\x03\x0c\xc2\
@7\xd0w\xe5\xac8+\xc0`\x0cv\x83\xfd*\xce\
\x883\x02\x0c\xca\x807\xe0/\xe2l8\x1b\xc0\xe0\x0c\
z\x83\xfen\xce\x843\x01\xac\x84\x81o\xe0o9\x0b\
\xce\x02\xb02\x06\xbf\xc1\xef\x0c8\x03\xc0J)\x80\xf5\
\x16\x80\xd7~\xbd\xaf=@\x12EP]\x04\xf7\xef\xf6\
\xb2\xcc\xcak^\xfb\x9a+\x7f\xa0Y\x0a\xa1\xb6\x10\x96\
\x5c\x02\xbc\xd6\xb5\xaf\xb5\xf2\x07\x9a\xa7\x18j\x8ba\x89\
%\xc0k\x5c\xfb\x1a+\x7f\xa0\x1b\x0a\xa2\xb6 *\x97\
\x00\xafm\xedk\xab\xfc\x81\xee(\x8a\xda\xa2\xa8X\x02\
\xbc\xa6\xb5\xaf\xa9\xf2\x07\xba\xa50j\x0bc\xce%\xc0\
kY\xfbZ*\x7f\xa0{\x8a\xa3\xb68\xe6X\x02\xbc\
\x86\xb5\xaf\xa1\xf2\x07\x86\xa1@j\x0bd\xca%\xc0k\
W\xfb\xda)\x7f`8\x8a\xa4\xb6H\xa6X\x02\xbcf\
\xb5\xaf\x99\xf2\x07\x86\xa5Pj\x0b\xe5\x98%\xc0kU\
\xfbZ)\x7f`x\x8a\xa5\xb6X\x0eY\x02\xbcF\xb5\
\xaf\x91\xf2\x07VC\xc1\xd4\x16\xcc>K\x80\xd7\xa6\xf6\
\xb5Q\xfe\xc0\xea(\x9a\xda\xa2\xd9e\x09\xf0\x9a\xd4\xbe\
&\xca\x1fX-\x85S[8\x97-\x01^\x8bv^\
\x0b\x80UP<\xcb\x17\x8f\xd7`\xf9\xd7\x00`\x95\x14\
\xd0r\x05\xe4\xb9_\xee\xb9\x07 \x8ah\x89\x22\xf2\x9c\
\xd7?\xe7\xd0\x84kK_\x00\xdc\xe5\xfe$\x1fO\xf2\
\x93K_\xc8\x0a<y\xfa?=\xd7\xf3{2\xc9{\
\x92|g\xe9\x0b\x81-\x0b\x00-\xba\x9e\xe4\xcf\x92\xfc\
\xd4\xd2\x17\x02\x13\xf8t\x92\x9f\x8e\xf2\xa71\x16\x00Z\
e\x09`\x04\xca\x9ffY\x00h\x99%\x80\x9e)\x7f\
\x9af\x01\xa0u\x96\x00z\xa4\xfci\x9e\x05\x80\x1eX\
\x02\xe8\x89\xf2\xa7\x0b\x16\x00za\x09\xa0\x07\xca\x9fn\
X\x00\xe8\x89%\x80\x96)\x7f\xbab\x01\xa07\x96\x00\
Z\xa4\xfc\xe9\x8e\x05\x80\x1eY\x02h\x89\xf2\x07(\xe4\
W\xd8J\x0b\xf1\xeb}\x01\x16`\x09\x90%\xa3\xfc\x01\
\x16d\x09\x90%\xa2\xfc\x01\x1a`\x09\x90\xca(\x7f\x80\
\x86X\x02\xa4\x22\xca\x1f\xa0A\x96\x00\x993\xca\x1f\xa0\
a\x96\x00\x99#\xca\x1f\xa0\x03\x96\x00\x992\xca\x1f\xa0\
#\x96\x00\x99\x22\xca\x1f\xa0C\x96\x009&\xca\x1f\xa0\
c\x96\x009$\xca\x1f`\x00\x96\x00\xd9'\xca\x1f`\
 \x96\x00\xd9%\xca\x1f`@\x96\x00\xb9,\xca\x1f`\
`\x96\x009/\xca\x1f`\x05,\x01r6\xca\x1f`\
E,\x01\xa2\xfc\x01V\xca\x12\xb0\xee(\x7f\x80\x15\xb3\
\x04\xac3\xca\x1f\x80\x5cO\xf2\x89,_JR\x93'\
\xa3\xfc\x018e\x09XG\x94?\x00\xf7\xb0\x04\x8c\x1d\
\xe5\x0f\xc0\x85,\x01cF\xf9\x03p%K\xc0XQ\
\xfe\x00\xec\xcc\x120F\x94?\x00{\xb3\x04\xf4\x1d\xe5\
\x0f\xc0\xc1,\x01}F\xf9\x03p4K@_Q\xfe\
\x00L\xc6\x12\xd0G\x94?\x00\x93\xb3\x04\xb4\x1d\xe5\x0f\
\xc0l,\x01mF\xf9\x030;K@[Q\xfe\x00\
\x94\xb1\x04\xb4\x11\xe5\x0f@9K\x80\xf2\x07`\xa5,\
\x01\xca\x1f\x80\x95\xb2\x04(\x7f\xe8\xce\xc9\xd2\x17\x00\x83\
\xb8\xb6\xf4\x05\xac\x88\xe7\x1a\x80\xc5]O\xf2\xc9,\xff\
S\xf1\xdar3\xde\x05\x00`!\xca\xdf\x12\x00\xc0\xca\
(\xff6b\x09\x00\xa0\x8c\xf2o+\x96\x00\x00f\xa7\
\xfc\xdb\x8c%\x00\x80\xd9(\xff\xb6c\x09\x00`r\xca\
\xbf\x8fX\x02\x00\x98\x8c\xf2\xef+\x96\x00\x00\x8e\xa6\xfc\
\xfb\x8c%\x00\x80\x83)\xff\xbec\x09\x00`o\xca\x7f\
\x8cX\x02\x00\xd8\x99\xf2\x1f+\x96\x00\x00\xae\xa4\xfc\xc7\
\x8c%\x00\x80\x0b)\xff\xb1c\x09\x00\xe0\x1e\xca\x7f\x1d\
\xb1\x04\x00\xf0\x1a\xe5\xbf\xae\xdcLr#\x00\xac\x9a\xf2\
_g,\x01\x00+\xa6\xfc\xd7\x1dK\x00\xc0\x0a)\x7f\
\xb1\x04\x00\xac\x8c\xf2\x97\xb3\xb1\x04\x00\xac\x80\xf2\x97\xf3\
b\x09\x00\x18\x98\xf2\x97\xcbb\x09\x00\x18\x90\xf2\x97]\
b\x09\x00\x18\x88\xf2\x97}b\x09\x00\x18\x80\xf2\x97C\
b\x09\x00\xe8\x98\xf2\x97cb\x09\x00\xe8\x90\xf2\x97)\
b\x09\x00\xe8\x88\xf2\x97)c\x09\x00\xe8\x80\xf2\x979\
b\x09\x00h\x98\xf2\x979c\x09\x00h\x90\xf2\x97\x8a\
X\x02\x00\x1a\xa2\xfc\xa52\x96\x00\x80\x06(\x7fY\x22\
\x96\x00\x80\x05)\x7fY2\x96\x00\x80\x05(\x7fi!\
\x96\x00\xbaum\xe9\x0b\x80\x03\x5cO\xf2gI~j\
\xe9\x0b\x81$\x9fN\xf23I\xbe\xbd\xf4\x85\xc0>,\
\x00\xf4F\xf9\xd3\x22K\x00\xdd\xb1\x00\xd0\x13\xe5O\xcb\
,\x01t\xc5\x02@/\x94?=\xb0\x04\xd0\x0d\x0b\x00\
=P\xfe\xf4\xc4\x12@\x17,\x00\xb4N\xf9\xd3#K\
\x00\xcd\xb3\x00\xd02\xe5O\xcf,\x014\xcd\x02@\xab\
\x94?#\xb0\x04\xd0,\x0b\x00-R\xfe\x8c\xc4\x12@\
\x93,\x00\xb4\xe6\xfe$\x1fO\xf2\x93K_\xc8\x0a<\
y\xfa?=\xd7\xf3{2\xc9{\x92|g\xe9\x0b\x01\
h\x91_\xef[\x97'\xb3Y\xb6\xae'\xf9D\x03\xd7\
\xb3\x86\xf8\xb5\xc1\x00\xe7P\xfeu\xd9\x96\xff\xd9\xe7\xde\
\x12P\x13K\x00\xc0\x19\xca\xbf.w\x97\xff\xd9\xd7\xc0\
\x12P\x13K\x00@\x94\x7fe.*\xff\xb3\xaf\x85%\
\xa0&\x96\x00`\xd5\xee\x8b\xf2\xaf\xcaU\xe5\xbfe\x09\
\xa8\x8b%\x00X%\xe5_\x97]\xcb\x7f\xcb\x12P\x17\
K\x00\xb0*\xca\xbf.\xfb\x96\xff\x96%\xa0.\x96\x00\
`\x15\x94\x7f]\x0e-\xff-K@],\x01\xc0\xd0\
\x94\x7f]\x8e-\xff-K@],\x01\xc0\x90\x94\x7f\
]\xa6*\xff-K@],\x01\xc0P\x94\x7f]\xa6\
.\xff-K@],\x01\xc0\x10\x94\x7f]\xe6*\xff\
-K@],\x01@\xd7\x94\x7f]\xe6.\xff-K\
@],\x01@\x97\x94\x7f]\xaa\xca\x7f\xcb\x12P\x17\
K\x00\xd0\x15\xe5_\x97\xea\xf2\xdf\xb2\x04\xd4\xc5\x12\x00\
tA\xf9\xd7e\xa9\xf2\xdf\xb2\x04\xd4\xc5\x12\x004M\
\xf9\xd7\x16\xc2\x92\xe5\xbf\xe5\x8f9\xd5\xbe\xe6\x96\x00\xa0\
9\xca\xbf\xb6\x08Z(\xff-K@\xedko\x09\x00\
\x9a\xa1\xfck\x0b\xa0\xa5\xf2\xdf\xb2\x04\xd4\x9e\x01K\x00\
\xb08\xe5_;\xf8[,\xff-K@\xedY\xb0\x04\
\x00\x8bQ\xfe\xb5\x03\xbf\xe5\xf2\xdf\xb2\x04\xd4\x9e\x09K\
\x00PN\xf9\xd7\x0e\xfa\x1e\xca\x7f\xcb\x12P{6,\
\x01@\x19\xe5_;\xe0{*\xff-K@\xed\x19\xb1\
\x04\x00\xb3S\xfe\xb5\x83\xbd\xc7\xf2\xdf\xb2\x04\xd4\x9e\x15\
K\x000\x1b\xe5_;\xd0{.\xff-K@\xed\x99\
\xb1\x04\x00\x93S\xfe\xb5\x83|\x84\xf2\xdf\xb2\x04\xd4\x9e\
\x1dK\x000\x19\xe5_;\xc0G*\xff-K@\xed\
\x19\xb2\x04\x00GS\xfe\xb5\x83{\xc4\xf2\xdf\xb2\x04\xd4\
\x9e%K\x00p0\xe5_;\xb0G.\xff-K@\
\xed\x99\xb2\x04\x00{S\xfe\xb5\x83z\x0d\xe5\xbfe\x09\
\xa8=[\x96\x00`g\xca\xbfv@\xaf\xa9\xfc\xb7,\
\x01\xb5g\xcc\x12\x00\x5cI\xf9\xd7\x0e\xe65\x96\xff\x96\
%\xa0\xf6\xacY\x02\x80\x0b)\xff\xda\x81\xbc\xe6\xf2\xdf\
\xb2\x04\xd4\x9e9K\x00p\x0f\xe5_;\x88\x95\xffm\
\x96\x80\xda\xb3g\x09\x00^\xa3\xfck\x07\xb0\xf2\xbf\x97\
%\xa0\xf6\x0cZ\x02\x00\xe5_\x18\xe5\x7f9K@\xed\
Y\xb4\x04\xc0\x8a)\xff\xda\x81\xab\xfc\xaff\x09\xa8=\
\x93\x96\x00X!\xe5_;h\x95\xff\xee,\x01\xb5g\
\xd3\x12\x00+r_\x92Oe\xf9\xe1\xb3\x86(\xff\xc3\
X\x02\xea\xf2\xe9X\x02`\x15\x94\x7f]\x94\xffq,\
\x01u\xb1\x04\xc0\xe0\x94\x7f]\x94\xff4,\x01u\xb1\
\x04\xc0\xa0\x94\x7f]\x94\xff\xb4,\x01u\xb1\x04\xc0`\
\x94\x7f]\x94\xff<,\x01u\xb1\x04\xc0 \x94\x7f]\
\x94\xff\xbc,\x01u\xb1\x04@\xe7\x94\x7f]\x94\x7f\x0d\
K@],\x01\xd0)\xe5_\x17\xe5_\xcb\x12P\x17\
K\x00tF\xf9\xd7E\xf9/\xc3\x12P\x17K\x00t\
B\xf9\xd7E\xf9/\xcb\x12P\x17K\x004N\xf9\xd7\
E\xf9\xb7\xc1\x12P\x17K\x004J\xf9\xd7E\xf9\xb7\
\xc5\x12P\x17K\x004F\xf9\xd7\xc5\x1fOi\x93%\
\xa0.\x96\x00h\x84\xf2\xaf\x8b\xf2o\x9b%\xa0.\x96\
\x00X\x98\xf2\xaf\x8b\xf2\xef\x83%\xa0.\x96\x00X\x88\
\xf2\xaf\x8b\xf2\xef\x8b%\xa0.\x96\x00(\xa6\xfc\xeb\xa2\
\xfc\xfbd\x09\xa8\x8b%\x00\x8a(\xff\xba(\xff\xbeY\
\x02\xeab\x09\x80\x99)\xff\xba(\xff1X\x02\xeab\
\x09\x80\x99(\xff\xba(\xff\xb1X\x02\xeab\x09\x80\x89\
)\xff\xba(\xff1Y\x02\xeab\x09\x80\x89(\xff\xba\
(\xff\xb1Y\x02\xeab\x09\x80#)\xff\xba(\xffu\
\xb0\x04\xd4\xc5\x12\x00\x07R\xfeuQ\xfe\xebb\x09\xa8\
\x8b%\x00\xf6\xa4\xfc\xeb\xa2\xfc\xd7\xc9\x12P\x17K\x00\
\xecH\xf9\xd7E\xf9\xaf\x9b%\xa0.\x96\x00\xb8\x82\xf2\
\xaf\x8b\xf2'\xb1\x04T\xc6\x12\x00\x17P\xfeuQ\xfe\
\x9ce\x09\xa8\x8b%\x00\xee\xa2\xfc\xeb\xa2\xfc9\x8f%\
\xa0.\x96\x008\xa5\xfc\xeb\xa2\xfc\xb9\x8c%\xa0.\x96\
\x00VO\xf9\xd7E\xf9\xb3\x0bK@],\x01\xac\x96\
\xf2\xaf\x8b\xf2g\x1f\x96\x80\xbaX\x02X\x1d\xe5_\x17\
\xe5\xcf!,\x01u\xb1\x04\xb0\x1a\xca\xbf.\xca\x9fc\
X\x02\xeab\x09`x\xca\xbf.\xca\x9f)X\x02\xea\
b\x09`X\xca\xbf.\xca\x9f)Y\x02\xeab\x09`\
8\xca\xbf.\xca\x9f9X\x02\xeab\x09`\x18\xca\xbf\
.\xca\x9f9Y\x02\xeab\x09\xa0{\xca\xbf.\xca\x9f\
\x0a\x96\x80\xbaX\x02\xe8\x96\xf2\xaf\x8b\xf2\xa7\x92%\xa0\
.\x96\x00\xba\xa3\xfc\xeb\xa2\xfcY\x82%\xa0.\x96\x00\
\xba\xa1\xfc\xeb\xa2\xfcY\x92%\xa0.\x96\x00\x9a\xa7\xfc\
\xeb\xa2\xfci\x81%\xa0.\x96\x00\x9a\xa5\xfc\xeb\xa2\xfc\
i\x89%\xa0.\x96\x00\x9a\xa3\xfc\xeb\xa2\xfci\x91%\
\xa0.\x96\x00\x9a\xa1\xfc\xeb\xa2\xfci\x99%\xa0.\x96\
\x00\x16\xa7\xfc\xeb\xa2\xfc\xe9\xc1}\xb1\x04T\xc5\x12\xc0\
b\x94\x7f]\x94?=\xb1\x04\xd4\xc5\x12@9\xe5_\
\x17\xe5O\x8f,\x01u\xb1\x04PF\xf9\xd7E\xf9\xd3\
3K@],\x01\xccN\xf9\xd7E\xf93\x02K@\
],\x01\xccF\xf9\xd7E\xf93\x12K@],\x01\
LN\xf9\xd7E\xf93\x22K@],\x01LF\xf9\
\xd7E\xf932K@],\x01\x1cM\xf9\xd7E\xf9\
\xb3\x06\x96\x80\xbaX\x028\x98\xf2\xaf\x8b\xf2gM,\
\x01u\xb1\x04\xb07\xe5_\x17\xe5\xcf\x1aY\x02\xeab\
\x09`g\xca\xbf.\xca\x9f5\xb3\x04\xd4\xc5\x12\xc0\x95\
\x94\x7f]\x94?X\x02*c\x09\xe0B\xca\xbf.\xca\
\x1fn\xb3\x04\xd4\xc5\x12\xc0=\x94\x7f]\x94?\xdc\xcb\
\x12P\x17K\x00\xafQ\xfeuQ\xfep1K@]\
,\x01(\xff\xc2(\x7f\xb8\x9a%\xa0.\x96\x80\x15S\
\xfeuQ\xfe\xb0;K@],\x01+\xa4\xfc\xeb\xa2\
\xfca\x7f\x96\x80\xbaX\x02VD\xf9\xd7E\xf9\xc3\xe1\
,\x01u\xb1\x04\xac\x80\xf2\xaf\x8b\xf2\x87\xe3Y\x02\xea\
b\x09\x18\x98\xf2\xaf\x8b\xf2\x87\xe9X\x02\xeab\x09\x18\
\x90\xf2\xaf\x8b\xf2\x87\xe9Y\x02\xeab\x09\x18\x88\xf2\xaf\
\x8b\xf2\x87\xf9X\x02\xeab\x09\x18\x80\xf2\xaf\x8b\xf2\x87\
\xf9Y\x02\xeab\x09\xe8\x98\xf2\xaf\x8b\xf2\x87:\x96\x80\
\xbaX\x02:\xa4\xfc\xeb\xa2\xfc\xa1\x9e%\xa0.\x96\x80\
\x8e(\xff\xba(\x7fX\x8e%\xa0.\x96\x80\x0e(\xff\
\xba(\x7fX\x9e%\xa0.\x96\x80\x86)\xff\xba(\x7f\
h\x87%\xa0.\x96\x80\x06\xddH\xf2T\x96?\x1ck\
\x88\xf2\x87\xf6X\x02\xea\xf2\x99$\x0f\xec\xf6\xb207\
\xe5_\x17\xe5\x0f\xed\xb2\x04\xd4\xc5\x12\xd0\x00\xe5_\x17\
o}A\xfb|\x14Z\x17K\xc0\x82\x94\x7f]\x94?\
\xf4\xc3\x12P\x17K\xc0\x02\x94\x7f]\x94?\xf4\xc7\x12\
P\x17K@!\xe5_\x17\xe5\x0f\xfd\xb2\x04\xd4\xc5\x12\
P@\xf9\xd7E\xf9C\xff,\x01u\xb1\x04\xccH\xf9\
\xd7E\xf9\xc38,\x01u\xb1\x04\xcc@\xf9\xd7E\xf9\
\xc3x,\x01u\xb1\x04LH\xf9\xd7E\xf9\xc3\xb8,\
\x01u\xb1\x04L@\xf9\xd7E\xf9\xc3\xf8,\x01u\xb1\
\x04\x1cA\xf9\xd7E\xf9\xc3zX\x02\xeab\x098\x80\
\xf2\xaf\x8b\xf2\x87\xf5\xb1\x04\xd4\xc5\x12\xb0\x07\xe5_\x17\
\xe5\x0f\xebe\x09\xa8\x8b%`\x07\xca\xbf.\xca\x1f\xb0\
\x04\xd4\xc5\x12p\x09\xe5_\x17\xe5\x0flY\x02\xeab\
\x098\x87\xf2\xaf\x8b\xf2\x07\xeef\x09\xa8\x8b%\xe0\x0c\
\xe5_\x17\xe5\x0f\x5c\xc4\x12P\x17K@\x94\x7fe\x94\
?p\x15K@]V\xbd\x04(\xff\xba(\x7f`W\
\x96\x80\xba\xacr\x09P\xfeuQ\xfe\xc0\xbe,\x01u\
Y\xd5\x12\xa0\xfc\xeb\xa2\xfc\x81CY\x02\xea\xb2\x8a%\
@\xf9\xd7E\xf9\x03\xc7\xb2\x04\xd4e\xe8%@\xf9\xd7\
E\xf9\x03S\xb1\x04\xd4e\xc8%@\xf9\xd7E\xf9\x03\
S\xb3\x04\xd4e\xa8%@\xf9\xd7E\xf9\x03s\xb1\x04\
\xd4e\x88%@\xf9\xd7E\xf9\x03s\xb3\x04\xd4\xa5\xeb\
%@\xf9\xd7E\xf9\x03U,\x01u\xe9r\x09P\xfe\
uQ\xfe@5K@]\xbaZ\x02\x94\x7f]\x94?\
\xb0\x14K@]\xbaX\x02\x94\x7f]\x94?\xb04K\
@]\x9a^\x02\x94\x7f]\x94?\xd0\x0aK@]\x9a\
\x5c\x02\x94\x7f]\x94?\xd0\x1aK@]\x9aZ\x02\x94\
\x7f]\x94?\xd0*K@]\x9aX\x02\x94\x7f]\x94\
?\xd0:K@]\x16]\x02\x94\x7f]\x94?\xd0\x0b\
K@]\x16Y\x02\x94\x7f]\x94?\xd0\x1bK@]\
J\x97\x00\xe5_\x17\xe5\x0f\xf4\xca\x12P\x97\x92%@\
\xf9\xd7E\xf9\x03\xbd\xb3\x04\xd4e\xd6%@\xf9\xd7E\
\xf9\x03\xa3\xb0\x04\xd4e\x96%@\xf9\xd7E\xf9\x03\xa3\
\xb1\x04\xd4e\xd2%\xe0z\x92\x9b\x0d<\xa85D\xf9\
\x03\xa3\xba\x91\xcd\x8c[z\xce\xae!7\xb3\xe9\xee\xa3\
\x5cK\xf2_\x1bx0k\x88\xf2\x07F\xe7\x9d\x80\xba\
\xfcI\x92\x93\xdd^\x96\xf3\xfdA\x03\x0fb\x0dQ\xfe\
\xc0Zx'\xa0.\x1f\xdd\xf15\xb9\xc7\xbfl\xe0\xe2\
\xd7\x10\xe5\x0f\xac\x8dw\x02\xea\xf2\x0b;\xbe&\xafy\
k\x92o6p\xe1\xa3G\xf9\x03ke\x09\xa8\xc9\xb7\
\x92\xfc\xd0\x8e\xafIN\x92|\xbe\x81\x8b\x1e=\xca\x1f\
X;\x1f\x07\xd4\xe4\xf3\xd9\xf1\xdf\x03\xfc\xbb\x06.v\
\xf4(\x7f\x80\x0d\xef\x04\xd4\xe4\x97\xafz!\xde\x90\xe4\
\x1f\x1a\xb8\xd0\x91\xa3\xfc\x01\xeed\x09\x98?/&\xf9\
\xfe\xcb^\x84\xdfn\xe0\x22G\x8e\xf2\x078\x9f\x8f\x03\
\xe6\xcfo]\xf4\xe4?\x94\xe4\xeb\x0d\x5c\xe0\xa8Q\xfe\
\x00\x97\xf3N\xc0\xbc\xf9F\x92\x87\xb7O\xf6\xd9\x7f\x14\
\xf0\xef\x93<r\xe1\xcb\xc21\x9eJ\xf2\xd3I\xbe\xbd\
\xf4\x85\x004\xec\xbbI~.\x9b\x99\xc9\xf4\x1eN\xf2\
o\xcf\xfb\xbf\xf8J\x96\xdfNF\x8c\x9f\xfc\x01\xf6\xe3\
\x9d\x80\xf9\xf2\xfc\xddO\xf6?m\xe0\xa2F\x8c\xf2\x07\
8\x8c%`\xbe\xbc+\xb9\xfd\x11\xc0\xfbvy5\xd8\
\x8b\xb7\xfd\x01\x0e\xe7\xe3\x80\xf9\xbc\xff\xec\x7f\xf8r\x96\
\xdfHF\x8a\x9f\xfc\x01\xa6\xe1\x9d\x80\xe9\xf3\xcc\xf6\xc9\
}c\x92[\x0d\x5c\xd0(Q\xfe\x00\xd3\xb2\x04L\x9b\
[I\x1e;I\xf2\xeel\xfe\xec/\xc7\xf3\xb6?\xc0\
\xf4|\x1c0\xadkI~\xf4$\xc9\x0f/}%\x83\
P\xfe\x00\xf3\xf9v\x92\x7f\x9e\xe4\xbf/}!\x83\xf8\
\xe1\x93\xec\xf1W\x82\xb8\x90\xf2\x07\x98\xdfw\x93\xbc7\
\x96\x80)<q\x92\xe4\xf1\xa5\xaf\xa2s\xca\x1f\xa0\x8e\
\x8f\x03\xa6\xf1\xc4I\x927-}\x15\x1dS\xfe\x00\xf5\
|\x1cp\xbc\xc7N\x92<\xb8\xf4UtJ\xf9\x03,\
\xc7\xc7\x01\xc7y0I\xfeo\x96\xffJBo\xf1U\
?\x806\xf8\x8a\xe0a\xf9\xee\xc9\xe9\xff\x81\xdd\xf9\xc9\
\x1f\xa0\x1d\xde\x098\xcc\xab'I^Y\xfa*:\xa2\
\xfc\x01\xdac\x09\xd8\xdf+\x16\x80\xdd)\x7f\x80vY\
\x02\xf6\xf3\xcaI\x92\x17\x96\xbe\x8a\x0e(\x7f\x80\xf6\xf9\
\x8a\xe0\xee^8\xc99\x7f\x1b\x98;(\x7f\x80~\xf8\
\x8a\xe0n\x9e\xb7\x00\x5cN\xf9\x03\xf4\xc7\xc7\x01W{\
\xfe$\xc9\x17\x96\xbe\x8aF\xfdu\x94?@\xaf\xb6\x1f\
\x07\xfc\xf5\xd2\x17\xd2\xa8/&\xc9\xf7%\xf9\x7fY\xfe\
;\x89-\xc5\xf7\xfc\x01\xc6\xe0\xf7\x04\xdc\x9b[I\x1e\
\xdd>A\xcf4pA\xadD\xf9\x03\x8c\xc5\x12pg\
\xfe&INN\x9f\x9c\xbf<\xf0I\x1d\x8d\xb7\xfd\x01\
\xc6\xe3\xe3\x80;\xfd\xd5\xd9\xff\xf0\x8e,\xbf\x91,\x1d\
?\xf9\x03\x8c\xcd;\x01\x9b\xbc\xed\xee'\xe6\xd9\x06.\
J\xf9\x030\xa7\xb5/\x01\xcf\x9d\xf7\xa4|\xa0\x81\x0b\
S\xfe\x00\xccm\xcdK\xc0\xaf\x9c\xf7\x84<\x90\xe4k\
\x0d\x5c\x9c\xf2\x07`nk\x5c\x02^\xca\xe9\x9f\x01>\
\xcfo4p\x81Uy*\xca\x1f`\xcdnd\xd3\x05\
K\xf7QU~\xfd\xb2'\xe3\xf5I\xfe\xae\x81\x8b\x9c\
;\x9f\xc9\xe6\x1d\x0f\x00\xd6m-K\xc0\xdf'y\xf8\
\xaa'\xe3\x97\x1a\xb8P\xe5\x0f@\x955,\x01\xffj\
\x97'\xe2Z\x92\xa7\x1b\xb8\xd89\xe2m\x7f\x00\xce3\
\xf2\x12\xf0t6\xdd\xbe\x93\x7f\x92\xcd?\x16X\xfa\xa2\
\xa7\x8c\x9f\xfc\x01\xb8\xcc\x88K\xc0\xd7\x93\xbcy\xdf'\
\xe2\xbd\x0d\x5c\xb8\xf2\x07\xa0\xd2hK\xc0\xfb\x0f}\x22\
>\xdc\xc0\xc5\x1f\x1bo\xfb\x03\xb0\x8fQ\x96\x80\xdf9\
\xe6I\xb8\x96\xe4\x8f\x1ax\x10\x87\xc6O\xfe\x00\x1c\xa2\
\xf7%\xe0\xbfe\x8f\xcf\xfd/\xf2\xba$\x9fl\xe0\xc1\
\xec\x9b\x9b\xf1\x93?\x00\x87\xbb\x91M\x97,\xddg\xfb\
\xe6\x93\xd9t\xf7$\xbe7\xc9\x1f6\xf0\xa0v\xcd\x9f\
&\xb9\x7f\xaa\x07\x0f\xc0j]O\xf2\xb1,\xdfk\xbb\
\xe6\x8f3a\xf9o]K\xf2\x91\x06\x1e\xdcU\xf9\xfd\
\xdc\xfe3\xc7\x00p\xac\x93$\x1f\xcd\xf2\xfdvU~\
'\x13\xbc\xed\x7f\x99\xf7$y\xb9\x81\x07zw\xbe\x99\
\xe4\xe7g|\xdc\x00\xac\xdb{\xb3\xf9Z\xdd\xd2}w\
^\xff\xbdo\xc6\xc7}\x877'\xf9\xec\xcc\x0fh\x9f\
\xfc\xcf$o\x99\xf5\x11\x03@\xf2\xd6$\x9f\xcf\xf2\xbd\
\xb7\xcd\xd3I~p\xce\x07|\x9ekI~1\x9b\xdf\
/\xbc\xd4\x03\x7f)\x9b?m\xf8=3?V\x00\xd8\
\xda\xf6\xdf\x0bY\xae\xff^\xcc\xa6\xff\x16\xfd\xc8\xfb\xe1\
$\xbf\x99\xda\xdf\x1c\xf8r\x92\x0f%y\xa4\xe0\xf1\x01\
\xc0y\xde\x90\xe4\xb7R\xfb\xb1\xc0K\xd9\xfcU\xbf+\
\xff\xb0O\xa5\x07\x93|0\xc9s\x99\xef\x81\xffm\x92\
_M\xf2P\xd1c\x02\x80\xab<\x94\xe4\xd7\x92|%\
\xf3\xf5\xdf\x97\x93| \x9b\xaem\xda;\xb2\xf9\xc6\xc0\
3In\xe5\xf0\x07|\xeb\xf4\x7f\xc7G\x92\xbc\xb3\xf4\
\x11\x00\xc0\xfe\xde\x95\xe4w\x93<\x9b\xe3\xfb\xefK\xd9\
\xfc\xcb\xfe\xb7\xcfq\xa1\xb3~]\xe0\xd4\xa3I~,\
\xc9\xdb\x92<q\x9aG\xb3y\xfb~\xbb\xc9\xbc\x92\xe4\
\x1b\xd9|\xa6\xf1\xfci\xbe\x98\xe4\x7f\x9c\xfew\x00\xd0\
\x9b7\xe6\xce\xfe{<w\xf6\xdf\xabI\xfe1\x9b\xfe\
\xfbZ\x92\xaff\xd3\x7f_\xc8\xa6\xff^\x9a\xf3\xe2\xfe\
?\xce2\xa2\xa9\xf1\x7f.7\x00\x00\x00\x00IEN\
D\xaeB`\x82\
\x00\x00\x1a\xbf\
\x89\
PNG\x0d\x0a\x1a\x0a\x00\x00\x00\x0dIHDR\x00\
\x00\x02\x00\x00\x00\x02\x00\x08\x06\x00\x00\x00\xf4x\xd4\xfa\
\x00\x00\x00\x09pHYs\x00\x00\x0e\xc3\x00\x00\x0e\xc3\
\x01\xc7o\xa8d\x00\x00\x00\x19tEXtSof\
tware\x00www.inksca\
pe.org\x9b\xee<\x1a\x00\x00\x1aLID\
ATx\x9c\xed\xddo\x8c\xeei}\xd7\xf1\xcf5\xbb\
\x14\xdd\xf2\xd7\x1a\x11\xda\x0a\x89,\xd6&\x8a\xd5\x82\xa1\
RSl\x8dZZ\x0cb\xbb\xa5,\x0b\xd54}@\
\x89\xc4\x07\x12%Q[5\xd1T\xd3Z\x82DI\x93\
\x16(\xe2\x82\xd6l\x09h6\x16\xb0m\xaaQS\x0d\
\xd16\xac\x15\x8bXJ\x0dm\xb7\xfc\xeb\xb2{\xf6\xf2\
\xc1\xcc\x9c\xcc\x9e\x9d3g\xfe\xdc\xf7\xf7\xfa\xfd~\xd7\
\xeb\x95l\xd8={\xce\xcc\xf5\x00\xf8\xbc\xef\xebw\xcf\
L\xeb\xbd\x07\x00\x98\xcb\xc1\xe8\x03\x00\x00\xf5\x04\x00\x00\
LH\x00\x00\xc0\x84\x04\x00\x00LH\x00\x00\xc0\x84\x04\
\x00\x00LH\x00\x00\xc0\x84\x04\x00\x00LH\x00\x00\xc0\
\x84\x04\x00\x00LH\x00\x00\xc0\x84\x04\x00\x00LH\x00\
\x00\xc0\x84\x04\x00\x00LH\x00\x00\xc0\x84\x04\x00\x00L\
H\x00\x00\xc0\x84\x04\x00\x00LH\x00\x00\xc0\x84\x04\x00\
\x00LH\x00\x00\xc0\x84\x04\x00\x00LH\x00\x00\xc0\x84\
\x04\x00\x00LH\x00\x00\xc0\x84\x04\x00\x00LH\x00\x00\
\xc0\x84\x04\x00\x00LH\x00\x00\xc0\x84\x04\x00\x00LH\
\x00\x00\xc0\x84\x04\x00\x00LH\x00\x00\xc0\x84\x04\x00\x00\
LH\x00\x00\xc0\x84\x04\x00\x00LH\x00\x00\xc0\x84\x04\
\x00\x00LH\x00\x00\xc0\x84\x04\x00\x00LH\x00\x00\xc0\
\x84\x04\x00\x00LH\x00\x00\xc0\x84\x04\x00\x00LH\x00\
\x00\xc0\x84\x04\x00\x00LH\x00\x00\xc0\x84\x04\x00\x00L\
H\x00\x00\xc0\x84\x04\x00\x00LH\x00\x00\xc0\x84\x04\x00\
\x00LH\x00\x00\xc0\x84\x04\x00\x00LH\x00\x00\xc0\x84\
\x04\x00\x00LH\x00\x00\xc0\x84\x04\x00\x00LH\x00\x00\
\xc0\x84\x04\x00\x00LH\x00\x00\xc0\x84\x04\x00\x00LH\
\x00\x00\xc0\x84\x04\x00\x00LH\x00\x00\xc0\x84\x04\x00\x00\
LH\x00\x00\xc0\x84\x04\x00\x00LH\x00\x00\xc0\x84\x04\
\x00\x00L\xe8\xf6\xd1\x07\x00\x80-j\xad\xdd\x9e\xe4\x0f\
'\xf9\xaa$w&yn\x92\xa7%\xb9#\xc9S\x93\
\xfcv\x92\xcf'\xf9\xcd$\x9fH\xf2?\x8f\xfe\xfa/\
\xbd\xf7O\xef\xfd|\xbd\xf7}\x7f\x0e\x00\x98Bk\xed\
9I\xeeJ\xf2\x92$_\x97\xe4\xc9\x97\xf80=\xc9\
\x7fO\xf2\xe1$\xf7%\xf9w\xbd\xf7k;:\xe2u\
\x02\x00\x00\xae\xa0\xb5\xf6;\x93\xbc:\xc9k\x92\xbc(\
I\xdb\xf1\xa7\xf8T\x92{\x93\xfc\x93\xde\xfb/\xee\xea\
\x83\x0a\x00\x00\xb8\x84\xd6\xda\xd3\x93\xbc.\xc9\xeb\x93\xfc\
\x9e\x82O\xf9h\x0eo\x04\xfeA\xef\xfd?\x5c\xf5\x83\
\x09\x00\x00\xb8\x80\xd6\xdaA\x92\xbb\x93\xfc@j\x86\xff\
4\xefK\xf2\xbd\xbd\xf7_\xbe\xec\x07\x10\x00\x00pN\
\xad\xb5\xe7'\xf9\x91$\x7fl\xf4Y\x92|.\xc9\xf7\
%\xf9G\xbd\xf7G/\xfa\x87\x05\x00\x00\x9cCk\xed\
\x9e$o\xcd\xe1\xbb\xf8\x97\xe4\x83I\xee\xee\xbd\xff\xca\
E\xfe\x90\x00\x00\x803\xb4\xd6\xeeH\xf2\xf6$\xaf\x18\
}\x963\xfcZ\x92W\xf4\xde\x7f\xe6\xbc\x7f@\x00\x00\
\xc0M\x1c\xbd\xd1\xef\xbe$/\x1e}\x96sx(\x87\
7\x01\xef=\xcfo\xf6\x9d\x00\x01\xe0\x14\xad\xb5g%\
\xf9\xe9\xacc\xfc\x93\xe4\x89I\xde\xddZ\xfbK\xe7\xf9\
\xcdn\x00\x00\xe0\x06\xad\xb5g$\xf9\xa9$_=\xfa\
,\x97\xf0h\x92\xef\xe8\xbd\xbf\xe7\xac\xdf$\x00\x00\xe0\
\x84\x95\x8f\xff\xb1/&\xf9\x96\xde\xfb\xfd7\xfb\x0d\x02\
\x00\x00\x8e\x1c]\xfb\x7f0\xc9\xf3F\x9fe\x07~#\
\xc9\xd7\xdc\xec{\x05x\x0f\x00\x00\xe4\xfa+\xff\xfb\xb3\
\x8d\xf1O\x92\xa7'\xb9\xb7\xb5\xf6\x84\xd3\xfe\xa5\x00\x00\
`zG\xaf\xfc\xff}\xd6}\xed\x7f\x9a\x17&\xf9\x9b\
\xa7\xfd\x0b\x8f\x00\x00\x98\xdaF\x9e\xf9\x9f\xe5\x91$\x7f\
\xb4\xf7\xfe\x91\x93\xbf\xe8\x06\x00\x80iM0\xfeIr\
{\x92\x1f\xbc\xf1\x17\x05\x00\x00S\xda\xf0\xb5\xffi\xbe\
\xb1\xb5\xf6\xb2\x93\xbf\xe0\x11\x00\x00\xd3\x99\xe4\x95\xff\x8d\
\xfeS\xef\xfd\x85\xc7\xff\xe0\x06\x00\x80\xa9L:\xfeI\
\xf2\x82\xd6\xda7\x1c\xff\x83\x00\x00`\x1a\x93]\xfb\x9f\
\xe6\x0d\xc7\x7f\xe3\x11\x00\x00S\x98\xf8\x95\xffI_L\
\xf2\xac\xde\xfb\xa7\xdd\x00\x00\xb0y\xc6\xff\xba/I\xf2\
\x17\x12\x8f\x00\x00\xd88\xd7\xfe\x8f\xf3\xf2\xc4#\x00\x00\
6\xcc+\xffS}6\xc9\xd3\x05\x00\x00\x9bd\xfc\xcf\
\xf4\xc2\xdbG\x9f\x00\x00vmc?\xd5o\x1f^\xe4\
=\x00\x00l\xca\x06\x7f\xaa\xdf>\xdc)\x00\x00\xd8\x0c\
\xd7\xfe\xe7v\xa7G\x00\x00l\x82k\xff\x0by\x8e\x1b\
\x00\x00V\xcf\xb5\xff\x85=E\x00\x00\xb0j\xae\xfd/\
\xe5\xc9\xbe\x0c\x10\x80\xd5r\xed\x7fi\xd7\xdc\x00\x00\xb0\
J\xae\xfd\xaf\xe4\xf3\x02\x00\x80\xd5q\xed\x7fe\x9f\xf1\
U\x00\x00\xac\x8ak\xff\x9d\xf8-7\x00\x00\xac\x86k\
\xff\x9d\xf9_\x02\x00\x80Up\xed\xbfS\x0fx\x04\x00\
\xc0\xe2\xb9\xf6\xdf\xb9\x07|\x19 \x00\x8b\xe6\x95\xff^\
|\x8d\x00\x00`\xb1\x8c\xff^<\x98\xe4\xcb<\x02\x00\
`\x91\x5c\xfb\xef\xcd\x87{\xef\xbe\x11\x10\x00\xcb\xe3\xdd\
\xfe{\xf5\xde$\xf1\x08\x00\x80Eq\xed\xbfW\xbf\x9d\
\xe4\xf7\xf6\xde\x1f\xf4\x08\x00\x80\xc5p\xed\xbfw\xf7\xf5\
\xde\x1fL\x12\x8f\x00\x00X\x04\xd7\xfe%~\xe8\xf8o\
\x04\x00\x00\xc3\xb9\xf6/\xf1\xe1\xde\xfb\xcf\x1d\xff\x83G\
\x00\x00\x0c\xe5\xda\xbf\xcc\xdf;\xf9\x0fn\x00\x00\x18\xc6\
\xb5\x7f\x99\xfbz\xef\xf7\x9f\xfc\x05_\x05\x00\xc0\x10\xae\
\xfd\xcb<\x94\xe4\x0f\xf5\xde\x1f8\xf9\x8b\x1e\x01\x00P\
\xce\xb5\x7f\xa9\xbf}\xe3\xf8'n\x00\x00(\xe6\x95\x7f\
\xa9\x0f%\xf9\xa6\xde\xfb\xb5\x1b\xff\x85\x00\x00\xa0\x8cW\
\xfe\xa5>\x95\xe4\x8f\xf4\xde\x7f\xf5\xb4\x7f\xe9M\x80\x00\
\x94\xf0\x86\xbfR\x9fO\xf2\xf2\x9b\x8d\x7f\x22\x00\x00(\
\xe0\xda\xbf\xd4\xc3I\xfe\xe2\xc9\xaf\xf9?\x8d7\x01\x02\
\xb0W\xae\xfdK]K\xf2\xda\xde\xfb\x07n\xf5\x1b\xdd\
\x00\x00\xb07\xae\xfdK]K\xf2]\xbd\xf7w\x9d\xe7\
7\x0b\x00\x00\xf6\xc2\xb5\x7f\xa9\xe3\xf1\x7f\xc7y\xff\x80\
\x00\x00`\xe7\x8c\x7f\xa9\x0b\x8f\x7f\x22\x00\x00\xd81\xe3\
_\xeaR\xe3\x9f\x08\x00\x00v\xc8\xf8\x97\xba\xf4\xf8'\
\x02\x00\x80\x1d1\xfe\xa5\xae4\xfe\x89\x00\x00`\x07\x8c\
\x7f\xa9+\x8f\x7f\x22\x00\x00\xb8\x22\xe3_j'\xe3\x9f\
\x08\x00\x00\xae\xc0\xf8\x97\xda\xd9\xf8'\x02\x00\x80K2\
\xfe\xa5v:\xfe\x89\x00\x00\xe0\x12\x8c\x7f\xa9\x9d\x8f\x7f\
\x22\x00\x00\xb8 \xe3_j/\xe3\x9f\x08\x00\x00.\xc0\
\xf8\x97\xda\xdb\xf8'~\x1a \x00\xe7d\xfcK\x1d\xff\
T\xbfw\xee\xeb\x13\xb8\x01\x00\xe0\x96\x8c\x7f\xa9\xbd\x8f\
\x7f\x22\x00\x00\xb8\x05\xe3_\xaad\xfc\x13\x01\x00\xc0\x19\
\x8c\x7f\xa9\xb2\xf1O\x04\x00\x007a\xfcK\x95\x8e\x7f\
\x22\x00\x008\x85\xf1/U>\xfe\x89\x00\x00\xe0\x06\xc6\
\xbf\xd4\x90\xf1O\x04\x00\x00'\x18\xffR\xc3\xc6?\x11\
\x00\x00\x1c1\xfe\xa5\x86\x8e\x7f\x22\x00\x00\x88\xf1/6\
|\xfc\x13\x01\x000=\xe3_j\x11\xe3\x9f\x08\x00\x80\
\xa9\x19\xffR\x8b\x19\xffD\x00\x00L\xcb\xf8\x97Z\xd4\
\xf8'\x02\x00`J\xc6\xbf\xd4\xe2\xc6?\x11\x00\x00\xd3\
1\xfe\xa5\x169\xfe\x89\x00\x00\x98\x8a\xf1/\xb5\xd8\xf1\
O\x04\x00\xc04\x8c\x7f\xa9E\x8f\x7f\x22\x00\x00\xa6`\
\xfcK-~\xfc\x13\x01\x00\xb0y\xc6\xbf\xd4*\xc6?\
\x11\x00\x00\x9bf\xfcK\xadf\xfc\x13\x01\x00\xb0Y\xc6\
\xbf\xd4\xaa\xc6?\x11\x00\x00\x9bd\xfcK\xadn\xfc\x13\
\x01\x00\xb09\xc6\xbf\xd4*\xc7?\x11\x00\x00\x9bb\xfc\
K\xadv\xfc\x13\x01\x00\xb0\x19\xc6\xbf\xd4\xaa\xc7?\x11\
\x00\x00\x9b`\xfcK\xad~\xfc\x13\x01\x00\xb0z\xc6\xbf\
\xd4&\xc6?\x11\x00\x00\xabf\xfcKmf\xfc\x13\x01\
\x00\xb0Z\xc6\xbf\xd4\xa6\xc6?\x11\x00\x00\xabd\xfcK\
mn\xfc\x13\x01\x00\xb0:\xc6\xbf\xd4&\xc7?\x11\x00\
\x00\xabb\xfcKmv\xfc\x13\x01\x00\xb0\x1a\xc6\xbf\xd4\
\xa6\xc7?\x11\x00\x00\xab`\xfcKm~\xfc\x13\x01\x00\
\xb0x\xc6\xbf\xd4\x14\xe3\x9f\x08\x00\x80E3\xfe\xa5\xa6\
\x19\xffD\x00\x00,\x96\xf1/5\xd5\xf8'\x02\x00`\
\x91\x8c\x7f\xa9\xe9\xc6?\x11\x00\x00\x8bc\xfcKM9\
\xfe\x89\x00\x00X\x14\xe3_j\xda\xf1O\x04\x00\xc0b\
\x18\xffRS\x8f\x7f\x22\x00\x00\x16\xc1\xf8\x97\x9a~\xfc\
\x13\x01\x000\x9c\xf1/e\xfc\x8f\x08\x00\x80\x81\x8c\x7f\
)\xe3\x7f\x82\x00\x00\x18\xc4\xf8\x972\xfe7\x10\x00\x00\
\x03\x18\xffR\xc6\xff\x14\x02\x00\xa0\x98\xf1/e\xfco\
B\x00\x00\x142\xfe\xa5\x8c\xff\x19\x04\x00@\x11\xe3_\
\xca\xf8\xdf\x82\x00\x00(`\xfcK\x19\xffs\x10\x00\x00\
{f\xfcK\x19\xffs\x12\x00\x00{d\xfcK\x19\xff\
\x0b\x10\x00\x00{b\xfcK\x19\xff\x0b\x12\x00\x00{`\
\xfcK\x19\xffK\x10\x00\x00;f\xfcK\x19\xffK\x12\
\x00\x00;d\xfcK\x19\xff+\x10\x00\x00;b\xfcK\
\x19\xff+\x12\x00\x00;`\xfcK\x19\xff\x1d\x10\x00\x00\
Wd\xfcK\x19\xff\x1d\x11\x00\x00W`\xfcK\x19\xff\
\x1d\x12\x00\x00\x97d\xfcK\x19\xff\x1d\x13\x00\x00\x97`\
\xfcK\x19\xff=\x10\x00\x00\x17d\xfcK\x19\xff=\x11\
\x00\x00\x17`\xfcK\x19\xff=\x12\x00\x00\xe7d\xfcK\
\x19\xff=\x13\x00\x00\xe7`\xfcK\x19\xff\x02\x02\x00\xe0\
\x16\x8c\x7f)\xe3_D\x00\x00\x9c\xc1\xf8\x972\xfe\x85\
\x04\x00\xc0M\x18\xffR\xc6\xbf\x98\x00\x008\x85\xf1/\
e\xfc\x07\x10\x00\x0070\xfe\xa5\x8c\xff \x02\x00\xe0\
\x04\xe3_\xca\xf8\x0f$\x00\x00\x8e\x18\xffR\xc6\x7f0\
\x01\x00\x10\xe3_\xcc\xf8/\x80\x00\x00\xa6g\xfcK\x19\
\xff\x85\x10\x00\xc0\xd4\x8c\x7f)\xe3\xbf \x02\x00\x98\x96\
\xf1/e\xfc\x17F\x00\x00S2\xfe\xa5\x8c\xff\x02\x09\
\x00`:\xc6\xbf\x94\xf1_(\x01\x00L\xc5\xf8\x972\
\xfe\x0b&\x00\x80i\x18\xffR\xc6\x7f\xe1\x04\x000\x05\
\xe3_\xca\xf8\xaf\xc0\xed\xa3\x0f\x00\xb0o\xc6\xbf\xd4\xb5\
$\xaf\xe9\xbd\xff\xf8\xe8\x83p67\x00\xc0\xa6\x19\xff\
R\xc6\x7fE\x04\x00\xb0Y\xc6\xbf\x94\xf1_\x19\x01\x00\
l\x92\xf1/e\xfcWH\x00\x00\x9bc\xfcK\x19\xff\
\x95\x12\x00\xc0\xa6\x18\xffR\xc6\x7f\xc5\x04\x00\xb0\x19\xc6\
\xbf\x94\xf1_9\x01\x00l\x82\xf1/e\xfc7@\x00\
\x00\xabg\xfcK\x19\xff\x8d\x10\x00\xc0\xaa\x19\xffR\xc6\
\x7fC\x04\x00\xb0Z\xc6\xbf\x94\xf1\xdf\x18\x01\x00\xac\x92\
\xf1/e\xfc7H\x00\x00\xabc\xfcK\x19\xff\x8d\x12\
\x00\xc0\xaa\x18\xffR\xc6\x7f\xc3\x04\x00\xb0\x1a\xc6\xbf\x94\
\xf1\xdf8\x01\x00\xac\x82\xf1/e\xfc' \x00\x80\xc5\
3\xfe\xa5\x8c\xff$\x04\x00\xb0h\xc6\xbf\x94\xf1\x9f\x88\
\x00\x00\x16\xcb\xf8\x972\xfe\x93\x11\x00\xc0\x22\x19\xffR\
\xc6\x7fB\x02\x00X\x1c\xe3_\xca\xf8OJ\x00\x00\x8b\
b\xfcK\x19\xff\x89\x09\x00`1\x8c\x7f)\xe3?9\
\x01\x00,\x82\xf1/e\xfc\x11\x00\xc0x\xc6\xbf\x94\xf1\
'\x89\x00\x00\x063\xfe\xa5\x8c?\xd7\x09\x00`\x18\xe3\
_\xca\xf8\xf3\x18\x02\x00\x18\xc2\xf8\x972\xfe<\x8e\x00\
\x00\xca\x19\xffR\xc6\x9fS\x09\x00\xa0\x94\xf1/e\xfc\
\xb9\xa9\xdb+?Yk\xed)I\x9e\x9b\xe4+\x93\xdc\
\x91\xe4\xc9InK\xf2P\x92\xcf$\xf9\x8d$\xbf\x94\
\xe4\xe3\xbd\xf7k\x95g\x03\xf6\xaf\xb5\xf6\xac\x1c\x8e\xff\
\x1f\x18}\x96\x09<\x92\xe4\xee\xde\xfb\xbf\x18}\x10\x96\
\xa9\xf5\xde\xf7\xf3\x81[\xbb-\xc9\x0b\x92\xfc\xc9\xa3\xbf\
\xbe6\xc93\xce\xf9\xc7\xbf\x98\xe4\xa3I~&\xc9O\
'\xf9`\xef\xfd\x93\xfb8'P\xc3\xf8\x972\xfe\xdc\
\xd2\xce\x03\xa0\xb5\xf6\x82$\xafJ\xf2\xedI\x9e\xb9\xa3\
\x0f\xfbh\x0eC\xe0]I\xde\xdb{\xff\xf5\x1d}\x5c\
\xa0\x80\xf1/e\xfc9\x97\x9d\x04@k\xed \xc9K\
\x93\xfc\xf5$/\xba\xf2\x07<\xdbCI\xeeM\xf2w\
{\xef\x1f\xdd\xf3\xe7\x02\xae\xc83\xffR\x9e\xf9sn\
W\x0e\x80\xd6\xda\xb7&\xf9\x81\xd4\x97\xfd#I\xde\x9e\
\xe4o\xf4\xde?U\xfc\xb9\x81s\xf0\xca\xbf\x94W\xfe\
\x5c\xc8\xa5\x03\xa0\xb5\xf6\xdc$?\x94\xc3W\xfe#=\
\x98\xe4o%yK\xef\xfd\x91\xc1g\x01\x8e\x18\xffR\
\xc6\x9f\x0b\xbbT\x00\xb4\xd6\xeeI\xf2\x96$O\xda\xf9\
\x89.\xef?&ye\xef\xfdc\xa3\x0f\x02\xb3s\xed\
_\xca\xb5?\x97r\xa1\xef\x03\xd0Z{Rk\xed\x9d\
I~,\xcb\x1a\xff$\xf9\xe3I\xfesk\xede\xa3\
\x0f\x023;z\xe5\xff\xe1\x18\xff\x0a\x8f$y\x95\xf1\
\xe72\xce}\x03\xd0Z\xfb]I\xde\x97\xfd\xbf\xc9\xef\
\xaaz\x92\xbf\xd6{\xff\x87\xa3\x0f\x02\xb3\xf1\xca\xbf\x94\
W\xfe\x5c\xc9\xb9\x02\xa0\xb5\xf6\xec$\xff6\xebz\x96\
\xf7\xc3I\xde\xd0\xf7\xf5\x8d\x0e\x80\xc70\xfe\xa5\x8c?\
Wv\xcb\x008\xba\xce\xfb\xd9$\xcf\xa98\xd0\x8e\xbd\
-\xc9\xf7\x88\x00\xd8/\xe3_\xca\xf8\xb3\x13g\xbe\x07\
\xa0\xb5\xf6\xd4$\xef\xcf:\xc7?I\xbe;\xc9?m\
\xad\xb5\xd1\x07\x81\xad2\xfe\xa5\x8c?;s\xd3\x00h\
\xad=!\xc9O&y~\xddq\xf6\xe2\xbb\x93\xbcY\
\x04\xc0\xeey\xc3_\xa9G\x92|\xa7\xf1gW\xce\xba\
\x01\xf8\xfe$__u\x90={]\xdc\x04\xc0N\x1d\
\xbd\xf2\xbf?\xebzo\xd0Z]K\xf2\xda\xde\xfb\xbd\
\xa3\x0f\xc2v\x9c\xfa\x1e\x80\xd6\xdaKr\xf8?\xec\xdb\
\xcaO\xb4_\xde\x13\x00;\xe0\xda\xbf\x94k\x7f\xf6\xe2\
q\x01\xd0Z{R\x92_H\xf2\x15CN\xb4\x7fo\
I\xf2z\x11\x00\x97\xe3;\xfc\x95:\xfe:\x7f\xaf\xfc\
\xd9\xb9\xd3\x1e\x01\xbc)\xdb\x1d\xff\xc4\xe3\x00\xb84\xd7\
\xfe\xa5\x5c\xfb\xb3W\x8f\xb9\x01h\xad=/\xc9G\x92\
|\xc9\xb0\x13\xd5q\x13\x00\x17\xe0\x95\x7f)\xaf\xfc\xd9\
\xbb\x1bo\x00\xde\x949\xc6?q\x13\x00\xe7\xe6\x95\x7f\
)\xaf\xfc)q\xfd\x06\xa0\xb5\xf6\x15I~)\xf3\x04\
\xc01o\x0c\x843x\xc3_)o\xf8\xa3\xcc\xc9\x1b\
\x807d\xbe\xf1O|\x9f\x00\xb8)_\xe7_\xca\xd7\
\xf9S\xaa\xf5\xde\xd3Z\xbb=\xc9'\x92<c\xf4\x81\
\x06r\x13\x00'x\xe5_\xca+\x7f\xca\x1d\xdf\x00\xfc\
\xe9\xcc=\xfe\x89o\x1b\x0c\xd7\x19\xffR\xc6\x9f!\x8e\
\x03\xe0\xae\xa1\xa7X\x0e\x8f\x03\x98\x9ek\xffR\xae\xfd\
\x19\xe6\xf8\x11\xc0\xc7\x93|\xe5\xe8\xc3,\x88\xc7\x01L\
\xc9+\xffR\xd7\x92\xdc\xd3{\x7f\xd7\xe8\x830\xa7\x83\
\xd6\xda\xef\x8f\xf1\xbf\x91\xc7\x01L\xc7\xf8\x972\xfe\x0c\
w\x90\xe4\xc5\xa3\x0f\xb1P\x1e\x070\x0d\xd7\xfe\xa5\x8e\
\xaf\xfd\x8d?C\x1d\xc4\xff\xe0\xcf\xe2\x9b\x05\xb1y\xbe\
\xc9O\xa9\xe37\xfc\xf9&?\x0cw\x90\xe4\xce\xd1\x87\
X8\x8f\x03\xd8,\xd7\xfe\xa5\x5c\xfb\xb3(\x07I\x9e\
;\xfa\x10+\xe0q\x00\x9b\xe3\xda\xbf\x94k\x7f\x16\xe7\
 \xc9\x97\x8d>\xc4Jx\x1c\xc0f\xb8\xf6/\xe5\xda\
\x9fE:H\xf2\xa4\xd1\x87X\x11\x8f\x03X=\xd7\xfe\
\xa5\x5c\xfb\xb3X-\x87WS\xb7\x8d>\xc8\xca\xf8Q\
\xc2\xac\x92\x1f\xe9[\xca\x8f\xf4e\xd1\x0erX\xa8\x5c\
\x8c\xc7\x01\xac\x8ek\xffR\xae\xfdY\xbc\x83$\x9f\x1d\
}\x88\x95\xf28\x80\xd5p\xed_\xca\xb5?\xabp\x90\
\xe43\xa3\x0f\xb1b\xbe:\x80\xc5\xf3n\xffR\xde\xed\
\xcfj\x1c$\xf9\xe4\xe8C\xac\x9c\xc7\x01,\x96k\xff\
R\xae\xfdY\x95\x83$\x0f\x8c>\xc4\x06x\x1c\xc0\xe2\
\xb8\xf6/\xe5\xda\x9f\xd5\x11\x00\xbb#\x02X\x0c\xe3_\
\xca\xf8\xb3J\x07I~~\xf4!6D\x040\x9c\xf1\
/e\xfcY\xad\x96\xe4\xa9I>\x1d\xdf\x0b`\x97\xde\
\x96\xe4{|\x9f\x00\xaa\x19\xffR\xc6\x9fU;\xe8\xbd\
?\x98\xe4#\xa3\x0f\xb21n\x02(g\xfcK\x19\x7f\
V\xef\xe0\xe8?\xdf7\xf4\x14\xdb$\x02(c\xfcK\
\x19\x7f6\xa1\xf5\xde\xd3Z\xfb\xaa$\xbf0\xfa0\x1b\
\xe5q\x00{e\xfcK\x19\x7f6\xe3 Iz\xef\xbf\
\x98\xe4\xbf\x0d>\xcbV\xb9\x09`o\x8c\x7f)\xe3\xcf\
\xa6\x1c\x9c\xf8\xfb\xb7\x0e;\xc5\xf6\x89\x00v\xce\xf8\x97\
2\xfelN;\xbe\x99n\xad=1\xc9\xc7\x92<s\
\xe8\x89\xb6\xcd\xe3\x00v\xc2\xf8\x972\xfel\xd2\xf5\x1b\
\x80\xde\xfbCI\xde<\xf0,3\xf0\xb3\x03\xb82\xdf\
\xdb\xbf\xd4#I^i\xfc\xd9\xa2v\xf2\xc5hk\xed\
\x8e$\xff#\xc9\xb3\x87\x9dh\x0en\x02\xb8\x14\xaf\xfc\
Ky\xe5\xcf\xa6\x9d|\x0f@z\xef\x9fO\xf2\xc6A\
g\x99\x89\xf7\x04pa\xc6\xbf\x94\xf1g\xf3\xdai/\
B[k\xf7'\xf9\xa6\xfa\xe3L\xe7-I^\xef&\
\x80[9\xba\xf6\xff\xa9\xf8\xa9~\x15\x8e\x7f\xa4\xef{\
F\x1f\x04\xf6\xe9f\x01\xf0\xe5I\xfek\x92\xdf]~\
\xa2\xf9x\x1c\xc0\x99\xbc\xf2/\xe5\x95?\xd388\xed\
\x17{\xef\xff7\xc9=I\x8c\xd2\xfey\x1c\xc0M\x19\
\xffR\xc6\x9f\xa9\x9c\x1a\x00I\xd2{\xff@\x92\xef/\
<\xcb\xcc|u\x00\x8f\xe3\xdd\xfe\xa5\xbc\xdb\x9f\xe9\x9c\
\xfa\x08\xe01\xbf\xa1\xb57'\xf9\xde\x9a\xe3L\xcf\xe3\
\x00\x92x\xe5_\xcc+\x7f\xa6t\x9e\x00\xb8-\xc9{\
\x92\xbc\xbc\xe4Dxc\xe0\xe4\xbc\xe1\xaf\x947\xfc1\
\xad\x9b>\x028\xd6{\xbf\x96\xe4\xae$\xffz\xff\xc7\
!\xc9\xeb\xe2=\x01\xd3:z\xe5\x7f\x7f\x8c\x7f\x85k\
I^c\xfc\x99\xd5-\x03 Iz\xef\x0f'\xf9\xf6\
\x88\x80*\xde\x188!\xd7\xfe\xa5\x5c\xfb3\xbds\x05\
@\x22\x02\x06\x10\x01\x131\xfe\xa5\x8c?\xe4\x02\x01\x90\
\x88\x80\x01D\xc0\x04\x8c\x7f)\xe3\x0fG.\x14\x00\x89\
\x08\x18@\x04l\x98\xf1/e\xfc\xe1\x84\x0b\x07@\x22\
\x02\x06\x10\x01\x1bd\xfcK\x19\x7f\xb8\xc1\xa5\x02 \x11\
\x01\x03\x88\x80\x0d1\xfe\xa5\x8c?\x9c\xe2\xd2\x01\x90\x88\
\x80\x01D\xc0\x06\x18\xffR\xc6\x1fn\xe2J\x01\x90\x88\
\x80\x01D\xc0\x8a\x19\xffR\xc6\x1f\xcep\xe5\x00HD\
\xc0\x00\x22`\x85\x8c\x7f)\xe3\x0f\xb7\xb0\x93\x00HD\
\xc0\x00\x22`E\x8c\x7f)\xe3\x0f\xe7\xb0\xb3\x00HD\
\xc0\x00\x22`\x05\x8c\x7f)\xe3\x0f\xe7\xb4\xd3\x00HD\
\xc0\x00\x22`\xc1\x8c\x7f)\xe3\x0f\x17\xb0\xf3\x00HD\
\xc0\x00\x22`\x81\x8c\x7f)\xe3\x0f\x17\xb4\x97\x00HD\
\xc0\x00\x22`A\x8c\x7f)\xe3\x0f\x97\xb0\xb7\x00H\x1e\
\x13\x01?\xb1\xcf\xcf\xc3u\x22`\x01\x8c\x7f)\xe3\x0f\
\x97\xb4\xd7\x00H\xaeG\xc0]\x11\x01UD\xc0@\xc6\
\xbf\x94\xf1\x87+\xd8{\x00$\x22`\x00\x110\x80\xf1\
/e\xfc\xe1\x8aJ\x02 \x11\x01\x03\x88\x80B\xc6\xbf\
\x94\xf1\x87\x1d(\x0b\x80D\x04\x0c \x02\x0a\x18\xffR\
\xc6\x1fv\xa44\x00\x12\x110\x80\x08\xd8#\xe3_\xca\
\xf8\xc3\x0e\x95\x07@\x22\x02\x06\x10\x01{`\xfcK\x19\
\x7f\xd8\xb1!\x01\x90\x88\x80\x01D\xc0\x0e\x19\xffR\xd7\
\x92\xbc\xda\xf8\xc3n\x0d\x0b\x80D\x04\x0c \x02v\xc0\
\xf8\x97:\x1e\xff\x7f>\xfa \xb05C\x03 \x11\x01\
\x03\x88\x80+0\xfe\xa5\x8c?\xec\xd1\xf0\x00HD\xc0\
\x00\x22\xe0\x12\x8c\x7f)\xe3\x0f{\xb6\x88\x00HD\xc0\
\x00\x22\xe0\x02\x8c\x7f)\xe3\x0f\x05\x16\x13\x00\x89\x08\x18\
@\x04\x9c\x83\xf1/e\xfc\xa1\xc8\xa2\x02 \x11\x01\x03\
\x88\x803\x18\xffR\xc6\x1f\x0a-.\x00\x12\x110\x80\
\x088\x85\xf1/e\xfc\xa1\xd8\x22\x03 \x11\x01\x03\x88\
\x80\x13\x8c\x7f)\xe3\x0f\x03,6\x00\x12\x110\x80\x08\
\x88\xf1/f\xfca\x90E\x07@\x22\x02\x06\x98:\x02\
\x8c\x7f)\xe3\x0f\x03->\x00\x12\x110\xc0\x94\x11`\
\xfcK\x19\x7f\x18l\x15\x01\x90\x88\x80\x01\xa6\x8a\x00\xe3\
_\xca\xf8\xc3\x02\xac&\x00\x92\xeb\x11\xf0mI\xde=\
\xfa,\x93\x98\x22\x02\x8c\x7f)\xe3\x0f\x0b\xb1\xaa\x00H\
\x92\xde\xfb\xb5$wG\x04T\xd9t\x04\x18\xffR\xc6\
\x1f\x16du\x01\x90\x88\x80\x016\x19\x01\xc6\xbf\x94\xf1\
\x87\x85Ye\x00$\x22`\x80ME\x80\xf1/e\xfc\
a\x81V\x1b\x00\x89\x08\x18`\x13\x11`\xfcK\x19\x7f\
X\xa8U\x07@\x22\x02\x06Xu\x04\x18\xffR\xc6\x1f\
\x16l\xf5\x01\x90\x88\x80\x01V\x19\x01\xc6\xbf\x94\xf1\x87\
\x85\xdbD\x00$\x22`\x80UE\x80\xf1/e\xfca\
\x056\x13\x00\x89\x08\x18`\x15\x11`\xfcK\x19\x7fX\
\x89M\x05@\x22\x02\x06Xt\x04\x18\xffR\xc6\x1fV\
ds\x01\x90\x88\x80\x01\x16\x19\x01\xc6\xbf\x94\xf1\x87\x95\
\xd9d\x00$\x22`\x80EE\x80\xf1/e\xfca\x85\
6\x1b\x00\xc9c\x22\xc0\xff1\xd5XD\x04\x18\xffR\
\xc6\x1fVj\xd3\x01\x90\x5c\x8f\x80WG\x04T\x19\x1a\
\x01\xc6\xbf\x94\xf1\x87\x15\xdb|\x00$\x22`\x80!\x11\
`\xfcK\x19\x7fX\xb9)\x02 \x11\x01\x03\x94F\x80\
\xf1/e\xfca\x03\xa6\x09\x80D\x04\x0cP\x12\x01\xc6\
\xbf\x94\xf1\x87\x8d\x98*\x00\x12\x110\xc0^#\xc0\xf8\
\x972\xfe\xb0!\xd3\x05@\x22\x02\x06\xd8K\x04\x18\xff\
R\xc6\x1f6f\xca\x00HD\xc0\x00;\x8d\x00\xe3_\
\xca\xf8\xc3\x06M\x1b\x00\x89\x08\x18`'\x11`\xfcK\
\x19\x7f\xd8\xa8\xa9\x03 \x11\x01\x03\x5c)\x02\x8c\x7f)\
\xe3\x0f\x1b6}\x00$\x22`\x80KE\x80\xf1/e\
\xfca\xe3\x04\xc0\x11\x11P\xeeB\x11`\xfcK\x19\x7f\
\x98\x80\x008A\x04\x94;W\x04\x18\xffR\xc6\x1f&\
!\x00n \x02\xca\x9d\x19\x01\xc6\xbf\x94\xf1\x87\x89\x08\
\x80S\x88\x80r\xa7F\x80\xf1/e\xfca2\x02\xe0\
&D@\xb9\xc7D\x80\xf1/e\xfcaB\x02\xe0\x0c\
\x22\xa0\xdcq\x04<3\xc6\xbf\x8a\xf1\x87I\xb5\xde\xfb\
\xe83,^k\xed\x099\x8c\x80W\x8c>\xcb$~\
+\xc9SF\x1fb\x02\x0f'ye\xef\xfd_\x8e>\
\x08PO\x00\x9cSk\xed\xb6$\xefH\xf2\xca\xd1g\
\x81\x1d\xf0\xca\x1f&\xe7\x11\xc09y\x1c\xc0\x86\x18\x7f\
@\x00\x5c\x84\x08`\x03\x8c?\x90D\x00\x5c\xd8\x89\x08\
x\xd7\xe8\xb3\xc0\x05\x19\x7f\xe0:\x01p\x09G\x11p\
OD\x00\xeba\xfc\x81\xc7\x10\x00\x97$\x02X\x11\xe3\
\x0f<\x8e\x00\xb8\x02\x11\xc0\x0a\x18\x7f\xe0T\x02\xe0\x8a\
D\x00\x0bf\xfc\x81\x9b\x12\x00; \x02X \xe3\x0f\
\x9cI\x00\xec\x88\x08`A\x8c?pK\x02`\x87D\
\x00\x0b`\xfc\x81s\x11\x00;&\x02\x18\xc8\xf8\x03\xe7\
&\x00\xf6@\x040\xc0\xb5$w\x1b\x7f\xe0\xbc\x04\xc0\
\x9e\x88\x00\x0a\x1d\x8f\xff\xbbG\x1f\x04X\x0f\x01\xb0G\
\x22\x80\x02\xc6\x1f\xb8\x14\x01\xb0g\x22\x80=2\xfe\xc0\
\xa5\x09\x80\x02\x22\x80=0\xfe\xc0\x95\x08\x80\x22\x22\x80\
\x1d2\xfe\xc0\x95\x09\x80B\x22\x80\x1d0\xfe\xc0N\x08\
\x80b\x22\x80+0\xfe\xc0\xce\x08\x80\x01D\x00\x97`\
\xfc\x81\x9d\x12\x00\x83\x88\x00.\xc0\xf8\x03;'\x00\x06\
\x12\x01\x9c\x83\xf1\x07\xf6B\x00\x0c&\x028\x83\xf1\x07\
\xf6F\x00,\x80\x08\xe0\x14\xc6\x1f\xd8+\x01\xb0\x10'\
\x22\xe0\xc7G\x9f\x85\xe1\x8c?\xb0w\x02`A\x8e\x22\
\xe05\x11\x0133\xfe@\x09\x01\xb00\x22`j\xc6\
\x1f(#\x00\x16H\x04L\xc9\xf8\x03\xa5\x04\xc0B\x89\
\x80\xa9\x18\x7f\xa0\x9c\x00X0\x110\x05\xe3\x0f\x0c!\
\x00\x16N\x04l\x9a\xf1\x07\x86\x11\x00+ \x026\xc9\
\xf8\x03C\x09\x80\x95\x10\x01\x9bb\xfc\x81\xe1\x04\xc0\x8a\
\x88\x80M0\xfe\xc0\x22\x08\x80\x95\x11\x01\xabf\xfc\x81\
\xc5\x10\x00+$\x02V\xc9\xf8\x03\x8b\x22\x00VJ\x04\
\xac\x8a\xf1\x07\x16G\x00\xac\x98\x08X\x05\xe3\x0f,\x92\
\x00X9\x11\xb0h\xc6\x1fX,\x01\xb0\x01\x22`\x91\
\x8c?\xb0h\x02`#D\xc0\xa2\x18\x7f`\xf1\x04\xc0\
\x86\x88\x80E0\xfe\xc0*\xb4\xde\xfb\xe83\xb0c\xad\
\xb5\xdb\x92\xfcX\x92W\x8d>\xcbd\x1eNrW\xef\
\xfd'F\x1f\x04\xe0V\xdc\x00l\x90\x9b\x80!\x8c?\
\xb0*\x02`\xa3D@)\xe3\x0f\xac\x8e\x00\xd8\xb0\x13\
\x11\xf0\xce\xd1g\xd90\xe3\x0f\xac\x92\x00\xd8\xb8\xa3\x08\
xmD\xc0>\x18\x7f`\xb5\x04\xc0\x04D\xc0^\x18\
\x7f`\xd5\x04\xc0$D\xc0N\x19\x7f`\xf5\x04\xc0D\
D\xc0N\x18\x7f`\x13\x04\xc0d\x8e\x22\xe0\xbb\x92\xf8\
F5\x17\xf7\xc5$\xdfa\xfc\x81-\x10\x00\x13\xea\xbd\
?\x92\xe4;\x93\xfc\xe0\xe8\xb3\xac\xc8\xe7\x92\xfc\xf9\xde\
\xfb\xbf\x1a}\x10\x80]\xf0\x9d\x00'\xd7Z{c\x92\
\xbf?\xfa\x1c\x0b\xf7\xe9$\xdf\xda{\xff\xb9\xd1\x07\x01\
\xd8\x15\x01@Zk\xafM\xf2\xb6$\xb7\x0f>\xca\x12\
\xfd\xef$\x7f\xa6\xf7\xfe\xd1\xd1\x07\x01\xd8%\x8f\x00H\
\xef\xfdG\x93\xbc\x22\xc9o\x0e>\xca\xd2\xfcl\x92\xaf\
3\xfe\xc0\x16\x09\x00\x92$\xbd\xf7\xfb\x92<?\x87\xa3\
7\xbb\x9e\xe4\x87\x93\xbc\xa4\xf7\xfe\xc9\xd1\x87\x01\xd8\x07\
\x01\xc0u\xbd\xf7\x8f'\xf9\x86$\xdf\x97\xe4\xd1\xb1\xa7\
\x19\xe6\xff%\xf9\xe6\xde\xfb_\xe9\xbd?<\xfa0\x00\
\xfb\xe2=\x00\x9c\xaa\xb5\xf6\xcdI\xfeY\x92/\x1f}\
\x96B\xefO\xf2\x97{\xef\xbf:\xfa \x00\xfb\xe6\x06\
\x80S\xf5\xde\xdf\x9f\xe4y9\xbc\x0dxh\xf0q\xf6\
\xed\x13I^\xd3{\x7f\xa9\xf1\x07f\xe1\x06\x80[j\
\xad\xdd\x99\xc3g\xe2\x7fv\xf4Yv\xec\xe1$oM\
\xf2\xa6\xde\xfbgG\x1f\x06\xa0\x92\x1b\x00n\xa9\xf7\xfe\
@\xef\xfd\xcf\xe5\xf0+\x05~~\xf4yv\xe0\xe1$\
oO\xf2\x07\x8f\x9e\xf5\x1b\x7f`:n\x00\xb8\xb0\xd6\
\xda\x8b\x93\xbc1\xc9\xb7\x8c>\xcb\x05=\x94\xe4\xde$\
\x7f\xa7\xf7\xfe\xc0\xe8\xc3\x00\x8c$\x00\xb8\xb4\xd6\xda\x9f\
H\xf2W\x93\xbc4\xc9\x13\x07\x1f\xe7,\xbf\x92\xe4G\
\x93\xfc\xe3\xde\xfb\xaf\x0d>\x0b\xc0\x22\x08\x00\xae\xac\xb5\
\xf6\xb4$/K\xf2\xea$\xdf\x98\xa4\x8d=Q\x92\xe4\
\x0bI\xde\x97\xe4\x1dI>p\xf4\xf3\x0f\x008\x22\x00\
\xd8\xa9\xd6\xda\xb3\x93|[\x92?\x95\xe4\xc5I\x9e\x5c\
\xf8\xe9?\x96\xe4CI\xfeM\x92\x9f\xec\xbd\x7f\xa1\xf0\
s\x03\xac\x8a\x00`oZk\xb7'\xf9\xda\x1c~s\
\xa1\xafO\xf2\xd5I~_v\xf3\xe6\xd3/$y \
\x87oJ\xfc`\x92\x0f\xf5\xde\x7fy\x07\x1f\x17`\x0a\
\x02\x80R\xad\xb5\xdf\x91\xe4\xce\x1c~\x8f\x81;\x93<\
#\xc9\x97&yZ\x0eo\x0b\xbe4\xc9\x1d9\xfc\xb9\
\x04\x9fK\xf2\xd9\xa3\xbf~=\xc9\xffI\xf2\xd1\x1c\x0e\
\xff\xc7\xbb\xff\xf2\x02\x5c\x9a\x00\x00\x80\x09\xf9>\x00\x00\
0!\x01\x00\x00\x13\x12\x00\x000!\x01\x00\x00\x13\x12\
\x00\x000!\x01\x00\x00\x13\x12\x00\x000!\x01\x00\x00\
\x13\x12\x00\x000!\x01\x00\x00\x13\x12\x00\x000!\x01\
\x00\x00\x13\x12\x00\x000!\x01\x00\x00\x13\x12\x00\x000\
!\x01\x00\x00\x13\x12\x00\x000!\x01\x00\x00\x13\x12\x00\
\x000!\x01\x00\x00\x13\x12\x00\x000!\x01\x00\x00\x13\
\x12\x00\x000!\x01\x00\x00\x13\x12\x00\x000!\x01\x00\
\x00\x13\x12\x00\x000!\x01\x00\x00\x13\x12\x00\x000!\
\x01\x00\x00\x13\x12\x00\x000!\x01\x00\x00\x13\x12\x00\x00\
0!\x01\x00\x00\x13\x12\x00\x000!\x01\x00\x00\x13\x12\
\x00\x000!\x01\x00\x00\x13\x12\x00\x000!\x01\x00\x00\
\x13\x12\x00\x000!\x01\x00\x00\x13\x12\x00\x000!\x01\
\x00\x00\x13\x12\x00\x000!\x01\x00\x00\x13\x12\x00\x000\
!\x01\x00\x00\x13\x12\x00\x000!\x01\x00\x00\x13\x12\x00\
\x000!\x01\x00\x00\x13\x12\x00\x000!\x01\x00\x00\x13\
\x12\x00\x000!\x01\x00\x00\x13\x12\x00\x000!\x01\x00\
\x00\x13\x12\x00\x000!\x01\x00\x00\x13\x12\x00\x000!\
\x01\x00\x00\x13\x12\x00\x000!\x01\x00\x00\x13\x12\x00\x00\
0!\x01\x00\x00\x13\x12\x00\x000!\x01\x00\x00\x13\x12\
\x00\x000!\x01\x00\x00\x13\xfa\xffx\x8cWO\xce\x8a\
.{\x00\x00\x00\x00IEND\xaeB`\x82\
\x00\x005\xe4\
\x89\
PNG\x0d\x0a\x1a\x0a\x00\x00\x00\x0dIHDR\x00\
\x00\x02\x00\x00\x00\x02\x00\x08\x06\x00\x00\x00\xf4x\xd4\xfa\
\x00\x00\x00\x01sRGB\x00\xae\xce\x1c\xe9\x00\x00\x00\
\xa2eXIfMM\x00*\x00\x00\x00\x08\x00\x06\x01\
\x12\x00\x03\x00\x00\x00\x01\x00\x01\x00\x00\x01\x1a\x00\x05\x00\
\x00\x00\x01\x00\x00\x00V\x01\x1b\x00\x05\x00\x00\x00\x01\x00\
\x00\x00^\x01(\x00\x03\x00\x00\x00\x01\x00\x02\x00\x00\x01\
1\x00\x02\x00\x00\x00\x11\x00\x00\x00f\x87i\x00\x04\x00\
\x00\x00\x01\x00\x00\x00x\x00\x00\x00\x00\x00\x00\x00`\x00\
\x00\x00\x01\x00\x00\x00`\x00\x00\x00\x01www.i\
nkscape.org\x00\x00\x00\x03\xa0\
\x01\x00\x03\x00\x00\x00\x01\x00\x01\x00\x00\xa0\x02\x00\x04\x00\
\x00\x00\x01\x00\x00\x02\x00\xa0\x03\x00\x04\x00\x00\x00\x01\x00\
\x00\x02\x00\x00\x00\x00\x00\xc8\x81\xcf\xbb\x00\x00\x00\x09p\
HYs\x00\x00\x0e\xc4\x00\x00\x0e\xc4\x01\x95+\x0e\x1b\
\x00\x00\x01\xcbiTXtXML:com.\
adobe.xmp\x00\x00\x00\x00\x00<x\
:xmpmeta xmlns:x\
=\x22adobe:ns:meta/\
\x22 x:xmptk=\x22XMP C\
ore 6.0.0\x22>\x0a   <\
rdf:RDF xmlns:rd\
f=\x22http://www.w3\
.org/1999/02/22-\
rdf-syntax-ns#\x22>\
\x0a      <rdf:Desc\
ription rdf:abou\
t=\x22\x22\x0a           \
 xmlns:tiff=\x22htt\
p://ns.adobe.com\
/tiff/1.0/\x22\x0a    \
        xmlns:xm\
p=\x22http://ns.ado\
be.com/xap/1.0/\x22\
>\x0a         <tiff\
:Orientation>1</\
tiff:Orientation\
>\x0a         <xmp:\
CreatorTool>www.\
inkscape.org</xm\
p:CreatorTool>\x0a \
     </rdf:Descr\
iption>\x0a   </rdf\
:RDF>\x0a</x:xmpmet\
a>\x0a\xe7\xa0\xec(\x00\x003\x04IDATx\
\x01\xed\xdd\x09\xb0mUy \xe0\x87\xcc\x22 \xa2\x86\
\xb4\x8aH;\xe0\x80\x82J\xd2\x8e(\x88\x8d\x03N\x11\
\x87h\x8c\xddI\x8c1\x1d\x13;\x92\x8e1\xe9P\x19\
Jcu\xa5\xb5M;\x94Vi\x8c\x96\x8a(\x0eq\
D\xd3\xceq\x02\xc5yD@@P\x90\x19\x99\xe9\xff\
\x97w|\xe7\xddw\xee\xbbg\xd8\xd3Z\xfb[U?\
g\xb8{\xaf\xbd\xd6\xb7\xf6c\xfdg\xef}\xf6\xd9a\
\x93B\x80\x00\x01\x02C\x11\xb8M4\xe4\xe1\x11\x0f\x89\
8(\xe2\xce\x11{G\xec\x13QR\xb9*\x1a\xfb\xf3\
\x88\x1b#.\xde\xdc\xf0\x0b\xe31\xe3\x82\xcd\x8f\xf9\xfc\
\xbc\x88\x1fn\x8e\xb3\xe2\xf1\xda\x08\xa5#\x81\x1d:\xda\
\x8e\xcd\x10 @\x80\xc0l\x81\x9d\xe3\xed\xa7F\xfcv\
\xc4\x11\x117\x8b\x18c\xb9>:}N\xc4\x0f\x22\xbe\
\x19\xf1\xd5\xcd\xf1\xf5x\xbc<B!@\x80\x00\x01\x02\
U\x08\xe4D\xff\x9c\x883\x22\xf2\x93\xb2\x98mpC\
\xd8|?\xe2-\x11\x7f\x18q\xef\x88\xb1&I\xd1u\
\x85\x00\x01\x02\x04J\x1684\x1a\xff\xa5\x08\x93\xfer\
\x06\x97\x84\xdd\x07\x22\x8e\x8b88B!@\x80\x00\x01\
\x02\x83\x17x^\xb40\xcf\x91\x9b\xfc\x9b3\xf8Qx\
\xbe.\xe2I\x11\xb7\x88P\x08\x10 @\x80\xc0`\x04\
\xf2\xb0\xf5?E\x98\xf8\xdb5\xb8,\x8c\xdf\x14qL\
\xc4n\x11\x0a\x01\x02\x04\x08\x10\xe8M /\xb8~c\
\x84\xc9\xbf[\x83\xbcx\xf0\xad\x11\x8f\x8e\xd81B!\
@\x80\x00\x01\x02\x9d\x0a\xfcCl\xcd\xe4\xdf\xaf\xc1Y\
1\x06\xc7G\xdc!B!@\x80\x00\x01\x02\xad\x0b\x1c\
\x1b[0\xf9\x0f\xc7\xe0\xba\x18\x8f\xf7G<2\xc2W\
\xe1\x03A!@\x80\x00\x81\xe6\x05\xf2\xd3f^\xb1.\
\x01\x18\xa6\xc1i16\xcf\x8a\xd8%B!@\x80\x00\
\x01\x02\x8d\x09\x9c\x185\x99\xfc\x87opv\x8c\xd3\x0b\
#\xf6hl\xe4UD\x80\x00\x01\x02\xa3\x15xH\xf4\
\xdc\xe4_\x96A\xde\x9a\xf8O\x22|{`\xb4\xffl\
u\x9c\x00\x01\x02\xab\x0b|$\xaa\x90\x00\x94i\x90G\
\x04\xf2~\x0dN\x0d\xac\xfe\xef@\x0d\x04\x08\x10\x18\x95\
\xc0=\xa3\xb7&\xff\xf2\x0d\xbe\x11\xe3\xf8\x88Z\xf7\x5c\
\xf7S\xaeud\xf5\x8b\x00\x81>\x05~\xb3\xcf\x8d\xdb\
vc\x02\xf7\x88\x9aN\x8e\xc8o\x0d\xdc\xad\xb1ZU\
D\x80\x00\x01\x02\xd5\x0a\xe4'GG\x00\xea2\xc8\x9f\
*~e\xc4^\xd5\xee\xb5:F\x80\x00\x01\x02+\x09\
\xec\x17k\xe7/\xd8I\x00\xea483\xc6\xf61+\
\xed!\x03Y\xd9)\x80\x81\x0c\x84f\x10 P\x8d\xc0\
a\xd1\x137\x98\xa9f8\xb7\xe9\xc8\xfe\xf1\xce\xbfF\
\xbc=\x22\x93\xbdb\x8b\x04\xa0\xd8\xa1\xd3p\x02\x04\x06\
*\xe0\x5c\xf1@\x07\xa6\xe1f=%\xea\xfbf\xc4\xd3\
\x1a\xae\xb7\xb3\xea$\x00\x9dQ\xdb\x10\x01\x02#\x11\xc8\
O\x88\xca8\x04\xf6\x89n\xe6\x8f\x0d\xbd)\xa2\xb8k\
\x03$\x00\xe3\xd8I\xf5\x92\x00\x81\xee\x04\xf6\xecnS\
\xb64\x10\x81\xdf\x8av\x9c\x12\xf1k\x03i\xcf\x5c\xcd\
\x90\x00\xcc\xc5d!\x02\x04\x08\xcc-\xe0.rsS\
U\xb5\xe0\x9d\xa37\x9f\x89\xf8\xf3\x88\x22\xae\x01\x91\x00\
T\xb5\xff\xe9\x0c\x01\x02\x03\x10\xb8l\x00m\xd0\x84~\
\x04v\x8a\xcd\xbe$\xe2\x84\x88[\xf4\xd3\x84\xf9\xb7*\
\x01\x98\xdf\xca\x92\x04\x08\x10\x98G \x7f\xfdO\x19\xb7\
\xc0\x93\xa3\xfb_\x8c\xb8\xfb\x90\x19$\x00C\x1e\x1dm\
#@\xa0D\x81\xef\x97\xd8hmn\x5c\xe0\xa0\xa8\xf1\
\xf3\x11\x8fk\xbc\xe6\x86*\x94\x004\x04\xa9\x1a\x02\x04\
\x08l\x16\xf86\x09\x02\x9b\x05\xf2\x82\xd0wE<\x9f\
\x08\x01\x02\x04\x08\xd4/p\xf3\xe8\xe2\xd5\x11\xee\x04\xc8\
`z\x1f8>\xf6\x89A]\x1c\xe8\x08@\x8c\x88B\
\x80\x00\x81\x06\x05\xae\x8c\xba\xf2jp\x85\xc0\xb4\xc0_\
\xc7\x8b\x93\x222A\x1cD\x91\x00\x0cb\x184\x82\x00\
\x81\xca\x04\xf26\xb1\x0a\x81\xb5\x02\x8f\x8f7\xde\x1b\xb1\
\xc7\xda?\xf4\xf1zP\x87#\xfa\x00\xb0M\x02\x04\x08\
\xb4 \x90w\x88;'b\xf7\x16\xeaVe\xf9\x02_\
\x88.\x1c\x1dqQ\x9f]q\x04\xa0O}\xdb&@\
\xa0V\x81\xfc\x1f\xfb\xebj\xed\x9c~\xad,\x90w\x0c\
\xfc\xb7\x88\xdb\xae\x5c\xd3\x0a\x158\x02\xb0\x02\x9eU\x09\
\x10 \xb0\x1d\x81\xdb\xc7\xdf\xbe\x131\x98s\xbe\xdbi\
\xab?\xf5#\xf0\xad\xd8\xec\xc3\x22~\xd2\xc7\xe6w\xec\
c\xa3\xb6I\x80\x00\x81\x11\x08\x5c\x1a}\xcc\x0fYG\
\x8c\xa0\xaf\xba\xb8\x9c\xc0mb\xb5##\xf2\x9a\x91\xfc\
\xe6H\xa7\xc5\x11\x80N\xb9m\x8c\x00\x81\x91\x09\xec\x1a\
\xfd\xfd\x5c\xc4!#\xeb\xb7\xee.&\x907\x0c:*\
\xa2\xd3\xdbHK\x00\x16\x1b$K\x13 @`Q\x81\
\xbb\xc4\x0a_\x8a(\xee\xe7b\x17\xed\xa8\xe5W\x12\xf8\
D\xac\xfd\xa8\x88\x9f\xafT\xcb\x02+\xbb\x08p\x01,\
\x8b\x12 @`\x09\x81\xef\xc5:O\x8d\xb8v\x89u\
\xad2\x1e\x81\xc3\xa3\xabo\x89\xe8l^v\x0d\xc0x\
v.=%@\xa0?\x81\xfc}\x80\xbcEp~\x0f\
\xdc\xffw\xfb\x1b\x87\xa1o\xf9\xee\xd1\xc0[F|\xa8\
\x8b\x86\xda\x11\xbbP\xb6\x0d\x02\x04\x08l\xda\xf4\xcd@\
\xc8\xef\x7f?!\x22\xaf\x0dP\x08\xcc\x12\xf8O\xf1f\
~\x8d4\xaf\x0bP\x08\x10 @\xa0\x22\x81\xbbF_\
\xbe\x121}\x9fx\xcfyL\xef\x03\xd7\xc5\xfe1\xd8\
_\x11\xac\xe8\xdf\xa2\xae\x10 @\xa0s\x81\xddb\x8b\
\xc7G\xe4\xef\x06L\xff\x8f\xdfs\x1e\x93}\xe0\x92\xd8\
7\xee\x16\xa1\x10 @\x80@\x85\x02\xfbG\x9f\xfe)\
\x22\xaf\xfc\x9e\xfc\x8f\xdf#\x8b\xc9>\x907\x0a\xf2\xed\
\x91@P\x08\x10 P\xab\xc0\xad\xa2c\x7f\x10\xf1\xf1\
\x08?%,\x01\x98$\x00\xf9\xf8\xae\x88V\xbe\xb2\xdf\
J\xa5\xd1X\x85\x00\x01\x02\x04\x96\x13\xc8[\x07\xe7\xbd\
\xe2\x0f\x8a\xc8\xeb\x05n\x11\x91W\x86\x97T\xf2\x14\xc7\
\xee\x11;E\xec;\x15.~\x0c\x8c%\xca\x8bb\x9d\
\x97.\xb1\xdevW\x91\x00l\x97\xc7\x1f\x09\x10 @\
\xa0A\x81\xbc\xf5\xed\x9d\x22\x0e\x88\xc8\xe4\xe6\xde\x11\x07\
G\xe4\xcd\x92|+-\x10\xd6)yQ\xe0\xe1\x11\x9f\
]\xe7\xefK\xbd-\x01X\x8a\xcdJ\x04\x08\x10 \xd0\
\xa0@\x1e\xe5\xc8\xaf\xbf=(\xe2\xa1\x9b\x1f\x1d-\x08\
\x88\xa9rz<?4\x22\x7fcB!@\x80\x00\x01\
\x02U\x0adB\x90_\x83{MD\xfeR\xde\xf49\
\xf11?\x7fSX(\x04\x08\x10 @`\x14\x02y\
\x1dA\xfeP\xce\x1b\x22.\x8f\x18s\x02\x90}\x7fZ\
\x84B\x80\x00\x01\x02\x04F%\x90_\x89\xfb\xfd\x88\xd3\
\x22\xc6\x9a\x08\xfc,\xfa\xbe_\x84B\x80\x00\x01\x02\x04\
F'\x90\xd7\xaf\x1d\x1b\xf1\xe5\x881&\x02'\x8en\
\xc4u\x98\x00\x01\x02\x04\x08\xac\x118&^\x7f:b\
l\x89\xc0c\xd78xI\x80\x00\x01\x02\x04F)\x90\
\xdf \xc8\x1f\xd0\x19K\x22pN\xf4u\xefQ\x8e\xb4\
N\x13 @\x80\x00\x815\x027\x8b\xd7\xcf\x89\xb80\
b\x0c\x89\xc0\xab\xd6\xf4\xdfK\x02\x04\x08\x10 0j\
\x81\xdbF\xef\xf3+s7D\xd4\x9c\x08\x5c\x1b\xfd\xbb\
G\x84B\x80\x00\x01\x02\x04\x08L\x09<0\x9e\x7f3\
\xa2\xe6$\xe0cS\xfd\xf5\x94\x00\x01\x02\x04\x08\x10\xd8\
,\x907\x15\xca\xa3\x015'\x01O4\xda\x04\x08\x10\
 @\x80\xc0l\x81\xff\x12o_\x11Qc\x22\xf0\xfd\
\xe8\x97['\xcf\x1ew\xef\x12 @\x80\x00\x81_\xfc\
\xf0\xd0\xb7\xc2\xa1\xc6$\xe0\x8f\x8c/\x01\x02\x04\x08\x10\
 \xb0\xbe\xc0\x1e\xf1\xa7\x93\x22jK\x02\xce\x8d>\xe5\
O0\xcf]\xfc\xfc\xe2\xdcT\x16$@\x80\x00\x81\x0a\
\x04\xf2\xca\xf9wF\xdc1\xe2\x90\x0a\xfa3\xe9\xc2\x9e\
\xf1\xe4\xa2\x88\x7f\x9f\xbc\xe1\x91\x00\x01\x02\x04\x08\x10\xd8\
V o'\xfc\xd2\x88\x9a\x8e\x04\x9c\x1f\xfd\xc9#\x1c\
s\x15G\x00\xe6b\xb2\x10\x01\x02\x04\x08T(\xf0\xd1\
\xe8S\xde4\xe8\xe8\x88L\x08J/9\xf9_\x1a\xf1\
\x99\xd2;\xa2\xfd\x04\x08\x10 @\xa0\x0b\x81g\xc4F\
\xae\x8f\xa8\xe1h@\xde\x22x\x97y\xd0\x1c\x01\x98G\
\xc92\x04\x08\x10 P\xb3\xc0\xd7\xa2s\xf9\xc99\x8f\
\x04\x94^\xf2Z\x80\xd3#\xbeRzG\xb4\x9f\x00\x01\
\x02\x04\x08t%\xf0\xb7\xb1\xa1\x1a\x8e\x02\x98\xfc\xbb\xda\
cl\x87\x00\x01\x02\x04\xaa\x10\xc8\xeb\x00\xfe9\xa2\x86\
$\xa0\x86\xa3\x19U\xecT:A\x80\x00\x01\x02e\x08\
\xe4\xa9\xf1\x1a\xee\x13\xf0\x812\xb8\xb5\x92\x00\x01\x02\x04\
\x08\x0cG\xe0\xe6\xd1\x94\xd3\x22J>\x12p]\xb4\xff\
\x0e\xdb#\xcd\xdfNV\x08\x10 @\x80\x00\x81-\x02\
W\xc6\xd3'E\xe4\x8duJ-y$\xe3\xf7Jm\
\xbcv\x13 @\x80\x00\x81>\x05\x1e\x1b\x1b\xbf!\xa2\
\xd4#\x01?\x8a\xb6g\x220\xb3\xac\xfb\x87\x99K{\
\x93\x00\x01\x02\x04\x08\x8cG\xe0\xbb\xd1\xd5}#~\xbd\
\xd0.\xef\x15\xed\xfeRD\xf6C!@\x80\x00\x01\x02\
\x04\x16\x10\xc8\x1f\xd8\xf9zD\xa9G\x01NX\xa0\xaf\
\x16%@\x80\x00\x01\x02\x04\xa6\x04\x1e\x10\xcfK\xbdS\
\xe0\xe5\xd1\xf6\xbc\xa8q\x9b\xe2\x14\xc06$\xde @\
\x80\x00\x01\x02[\x09\x9c\x1d\xaf\xf6\x8e\xc8D\xa0\xb4\x92\
\xb7\x05\xce#\x18\x19\x0a\x01\x02\x04\x08\x10 \xb0\xa0@\
\xfe\xd0\xce\x99\x11%\x9e\x0a\xc8\xfb\x1a(\x04\x08\x10 \
@\x80\xc0\x92\x02O\x8d\xf5JL\x00\xf2k\x8d\xf9\x1b\
\x01\x0a\x01\x02\x04\x08\x10 \xb0\x84@\xde*\xf8\xb3\x11\
%&\x01\xc7\xae\xed\xaf\x1b\x01\xad\x15\xf1\x9a\x00\x01\x02\
\x04\x08\xcc\x16\xc8\x89\xff\x05\xb3\xff4\xf8w\x1f5\xf8\
\x16j \x01\x02\x04\x08\x10\x18\xb8\xc0{\xa3}\xa5\x1d\
\x058'\xda\x9cG0\x14\x02\x04\x08\x10 @`I\
\x81Cc\xbd\x12\xef\x10x\xc8t\x7f\x9d\x02\x98\xd6\xf0\
\x9c\x00\x01\x02\x04\x08l,\xf0\xe5X\xe4\x83\x1b/6\
\xb8%\x9c\x06\x18\xdc\x90h\x10\x01\x02\x04\x08\x94&p\
D4\xb8\xb4\xd3\x00'\x97\x86\xac\xbd\x04\x08\x10 @\
`\x88\x02\xa7F\xa3JJ\x02.\x8d\xf6\xee4\x81t\
\x0a`\x22\xe1\x91\x00\x01\x02\x04\x08,&\xf0\xea\xc5\x16\
\xef}\xe9\xbc\x17\xc0\xbd'\xad\x90\x00L$<\x12 \
@\x80\x00\x81\xc5\x04\xde\x1e\x8b\xe7\xbd\xf6K*\x0f\x9a\
4V\x020\x91\xf0H\x80\x00\x01\x02\x04\x16\x13\xc8C\
\xea\x99\x04\x94T$\x00%\x8d\x96\xb6\x12 @\x80\xc0\
`\x05\xde:\xd8\x96\xcdn\xd8\xafM\xdevS\x80\x89\
\x84G\x02\x04\x08\x10 \xb0\xb8@^Twn\xc4m\
\x16_\xb5\x975\xf2\xa2\xc5[F\x5c\xea\x14@/\xfe\
6J\x80\x00\x01\x02\x95\x08\x5c\x17\xfd8\xb1\xa0\xbe\xe4\
\x07\xff\x83\xb3\xbd\x12\x80\x82FMS\x09\x10 @`\
\x90\x02\xef\x1fd\xab\xd6o\xd4}\xf2O\x12\x80\xf5\x81\
\xfc\x85\x00\x01\x02\x04\x08\xcc#\xf0\x89X\xe8\xeay\x16\
\x1c\xc82\x8e\x00\x0cd 4\x83\x00\x01\x02\x04\xca\x16\
\xc8\xaf\x02~\xb2\xa0.\xdc+\xdb\xea\x08@A#\xa6\
\xa9\x04\x08\x10 0X\x81\x92\x12\x80\x03SQ\x020\
\xd8}I\xc3\x08\x10 @\xa0 \x81\xcf\x16\xd4\xd6\xfd\
\xa2\xad\xbb\xf9\x1a`A#\xa6\xa9\x04\x08\x10 0X\
\x81=\xa2e\x17G\xfc\xf2^\xfb\x83m\xe9M\x0d;\
\xc8\x11\x80\x81\x8f\x90\xe6\x11 @\x80@\x11\x02WD\
+\xbf[DKoj\xe4\x9d$\x00\x05\x8d\x96\xa6\x12\
 @\x80\xc0\xa0\x05\xbe:\xe8\xd6m\xdd\xb8;J\x00\
\xb6\x06\xf1\x8a\x00\x01\x02\x04\x08,+PR\x02\xb0\x9f\
\x04`\xd9a\xb6\x1e\x01\x02\x04\x08\x10\xd8Z\xa0\xa4S\
\x00\xfbJ\x00\xb6\x1e<\xaf\x08\x10 @\x80\xc0\xb2\x02\
g,\xbbb\x0f\xeb\xddZ\x02\xd0\x83\xbaM\x12 @\
\x80@\x95\x02g\x14\xd4+\x09@A\x83\xa5\xa9\x04\x08\
\x10 0l\x81\x0b\xa3yW\x0d\xbb\x89\xbfl\x9d\x04\
\xe0\x97\x14\x9e\x10 @\x80\x00\x81\xd5\x052\x09(\xa1\
\xec\xed\x14@\x09\xc3\xa4\x8d\x04\x08\x10 P\x8a\xc0\x05\
\x854tW\x09@!#\xa5\x99\x04\x08\x10 P\x84\
\xc0EE\xb4r\xd3\xa6]$\x00\x85\x8c\x94f\x12 \
@\x80@\x11\x02\xa5\xfc,\xf0n\x12\x80\x22\xf6'\x8d\
$@\x80\x00\x81B\x04JI\x00v)\xe5G\x0b\x0a\
\x19\xf7A5s\x9fh\xcd!\x11w\x8b\xf8\xd5\x88\xbd\
#2\xe1\xbb2\xe2'\x11\xdf\x8f\xc8\xbbV\x9d\x11\xa1\
\x10 @\x80@3\x02\xd76SM\xeb\xb5H\x00Z\
'\xeev\x03w\x8e\xcd=3\xe21\x11\xf7\x8d\x98\xe7\
\x08\xcf\xd9\xb1\xdc\x87#\xde\x16\xf1\xff\x22\xae\x8fP\x08\
\x10 @`9\x81\x1b\x96[\xad\xf3\xb5\xfc\x1ap\xe7\
\xe4\xedl\xf0\xf0\xa8\xf6\xe4\x88\xdc\xf1n\x5c!N\x8f\
u\x9f\x17\xb1[\x84B\x80\x00\x01\x02\x8b\x0b\x9c\x10\xab\
\xac\xf2\xff\xe1.\xd7]\xbcw\xd6\x18\x8c\xc0\x81\xd1\x92\
\xf7G4\xbd\xc3d\x22\xf0\xf8\xc1\xf4RC\x08\x10 \
P\x8e\x80\x04\xa0\x9c\xb1*\xb6\xa5\xbf\x1b-\xcf\xf3\xf9\
MO\xfe\xd3\xf5\xfdK\xd4\xbfg\xb1B\x1aN\x80\x00\
\x81\xee\x05$\x00\xdd\x9b\x8ff\x8by\xe1\xe6\xeb#\xa6\
'\xea6\x9f\x7f+\xb6u@\x84B\x80\x00\x01\x02\x1b\
\x0bH\x0066\xb2\xc4\x12\x02yn\xfe\xbd\x11mN\
\xf8\xb3\xea>7\xb6y\xcf%\xdak\x15\x02\x04\x08\x8c\
M\xa0\x98\x04`\x9e\xab\xc4\xc76xC\xed\xef\xee\xd1\
\xb0\x9c\xfc\x8f\xe9\xa1\x81\xf95\xc2\x0fD\xdc\xbe\x87m\
\xdb$\x01\x02\x04\x08\xb4  \x01h\x01\xb5\x85*s\
\xf2\x7fO\xc4Q-\xd4=o\x95\xfb\xc7\x82\x1f\x8a\xd8\
c\xde\x15,G\x80\x00\x01\x02\xc3\x15\x90\x00\x0cwl\
&-\x1b\xc2\xe4?iK\x9e\x06\xf8?\x93\x17\x1e\x09\
\x10 @\x80\x00\x81v\x04r\xf2\xffH\xc4\xac\xf3\xf2\
}\xbe\xf7\x88v\xba\xabV\x02\x04\x08\x14/\xe0\x1a\x80\
\xe2\x87\xb0\xff\x0e\x0c\xe9\x93\xffZ\x8dW\xc6\x1b;\xaf\
}\xd3k\x02\x04\x08\x10(G\xc0)\x80a\x8e\xd5\x90\
'\xff\x14;(\xe2\xe9\xc3\xa4\xd3*\x02\x04\x08\x10\x98\
G@\x020\x8fR\xb7\xcb\x0c}\xf2\x9fh\x1c7y\
\xe2\x91\x00\x01\x02\x04\xca\x13\x90\x00\x0ck\xccJ\x99\xfc\
S\xed^\x11\x87\x0d\x8bOk\x08\x10 @`^\x01\
\x09\xc0\xbcR\xed/W\xd2\xe4?\xd1x\xda\xe4\x89G\
\x02\x04\x08\x10(K@\x020\x8c\xf1*q\xf2O\xb9\
G\x0e\x83O+\x08\x10 @`Q\x01\x09\xc0\xa2b\
\xcd/_\xea\xe4\x9f\x12\xf7\x88\xb8U\xf3$j$@\
\x80\x00\x81\xb6\x05$\x00m\x0bo\xbf\xfe\x92'\xff\xec\
Y\xee?\x99\x04(\x04\x08\x10 P\x98\x80\x04\xa0\xbf\
\x01+}\xf2\x9f\xc8\x1d8y\xe2\x91\x00\x01\x02\x04\xca\
\x11\x90\x00\xf43V\xb5L\xfe\xa9\xb7o?\x84\xb6J\
\x80\x00\x01\x02\xab\x08H\x00V\xd1[n\xdd\x9a&\xff\
\x14\xc8\xfe(\x04\x08\x10 P\x98\x80\x04\xa0\xdb\x01\xab\
m\xf2O\xbd\xeb\xbb%\xb45\x02\x04\x08\x10hB@\
\x02\xd0\x84\xe2|u\xd48\xf9g\xcf/\x9d\xaf\xfb\x96\
\x22@\x80\x00\x81!\x09H\x00\xba\x19\x8dZ'\xff\xd4\
;\xa7\x1bB[!@\x80\x00\x81&\x05$\x00Mj\
\xce\xae\xab\xe6\xc9?{\xfc\xed\xd9\xdd\xf6.\x01\x02\x04\
\x08\x0cY@\x02\xd0\xee\xe8\xd4>\xf9_\x1c|?h\
\x97P\xed\x04\x08\x10 \xd0\x86\x80\x04\xa0\x0d\xd5\x9b\xea\
\xac}\xf2\xcf^~\x22\xc2E\x807\x8d\xb7\xff\x12 \
@\xa0(\x01\x09@;\xc35\x86\xc9?\xe5\xfe\xb5\x1d\
>\xb5\x12 @\x80@\xdb\x02\x12\x80\xe6\x85\xc72\xf9\
_\x19t'4\xcf\xa7F\x02\x04\x08\x10\xe8B@\x02\
\xd0\xac\xf2X&\xffT{K\x84\xaf\x006\xbb\xff\xa8\
\x8d\x00\x01\x02\x9d\x09H\x00\x9a\xa3\x1e\xd3\xe4\x7f]\xb0\
\xbd\xb49:5\x11 @\x80@\xd7\x02\x12\x80f\xc4\
\xc74\xf9\xa7\xd8\xab\x22No\x86N-\x04\x08\x10 \
@\xa0L\x81\x9c\xfc?\x12q\xe3H\xe2\xec\xe8\xe7^\
\x11\x0a\x01\x02\x04\x08l+\x90\xd7F\x151\x1f8\x02\
\xb0\xed\xe0-\xf2\xce\xd8>\xf9\xe7\xa1\xffgD8\xf7\
\xbf\xc8^bY\x02\x04\x08\x0cP@\x02\xb0\xfc\xa0\x8c\
m\xf2O\xa9?\x8f\xc8\xef\xfe+\x04\x08\x10 @`\
\x94\x02c;\xec\x9f\x87\xb3^2\xca\x91\xd6i\x02\x04\
\x08,&P\xcc)\x80\xc5\xbae\xe9\x14\x18\xe3\xe4\xff\
\xf2\xe8\xf7\x0e\x86\x9f\x00\x01\x02\x046\x14\x90\x00lH\
T\xe6\x02&\xff2\xc7M\xab\x09\x10 \xd0\x95\x80\x04\
\xa0+\xe9\x0e\xb7c\xf2\xef\x10\xdb\xa6\x08\x10 P\xa8\
\x80\x04\xa0\xd0\x81[\xaf\xd9&\xff\xf5d\xbcO\x80\x00\
\x01\x02\xd3\x02\x12\x80i\x8d\xc2\x9f\x9b\xfc\x0b\x1f@\xcd\
'@\x80@\x87\x02\x12\x80\x0e\xb1\xdb\xdc\x94\xc9\xbfM\
]u\x13 @\xa0>\x01\x09@\x05cj\xf2\xaf`\
\x10u\x81\x00\x01\x02\x1d\x0bH\x00:\x06ozs&\
\xff\xa6E\xd5G\x80\x00\x81q\x08H\x00\x0a\x1eg\x93\
\x7f\xc1\x83\xa7\xe9\x04\x08\x10\xe8Y@\x02\xd0\xf3\x00,\
\xbby\x93\xff\xb2r\xd6#@\x80\x00\x81\x14\x90\x00\x14\
\xb8\x1f\x98\xfc\x0b\x1c4M&@\x80\xc0\xc0\x04$\x00\
\x03\x1b\x90\x8d\x9ac\xf2\xdfH\xc8\xdf\x09\x10 @`\
\x1e\x01\x09\xc0<J\x03Y\xc6\xe4?\x90\x81\xd0\x0c\x02\
\x04\x08T  \x01(d\x10M\xfe\x85\x0c\x94f\x12\
 @\xa0\x10\x01\x09@\x01\x03e\xf2/`\x904\x91\
\x00\x01\x02\x85\x09H\x00\x06>`&\xff\x81\x0f\x90\xe6\
\x11 @\xa0P\x01\x09\xc0\x80\x07\xce\xe4?\xe0\xc1\xd1\
4\x02\x04\x08\x14. \x01\x18\xe8\x00\x9a\xfc\x07:0\
\x9aE\x80\x00\x81J\x04$\x00\x03\x1cH\x93\xff\x00\x07\
E\x93\x08\x10 P\x99\x80\x04``\x03j\xf2\x1f\xd8\
\x80h\x0e\x01\x02\x04*\x15\x90\x00\x0ch`M\xfe\x03\
\x1a\x0cM!@\x80@\xe5\x02\x12\x80\x81\x0c\xb0\xc9\x7f\
 \x03\xa1\x19\x04\x08\x10\x18\x89\x80\x04`\x00\x03m\xf2\
\x1f\xc0 h\x02\x01\x02\x04F& \x01\xe8y\xc0M\
\xfe=\x0f\x80\xcd\x13 @`\xa4\x02\x12\x80\x1e\x07\xde\
\xe4\xdf#\xbeM\x13 @`\xe4\x02\x12\x80\x9ev\x00\
\x93\x7fO\xf06K\x80\x00\x01\x02\xbf\x10\x90\x00\xf4\xb0\
#\x98\xfc{@\xb7I\x02\x04\x08\x10\xd8J@\x02\xb0\
\x15G\xfb/L\xfe\xed\x1b\xdb\x02\x01\x02\x04\x08l,\
 \x01\xd8\xd8\xa8\xb1%L\xfe\x8dQ\xaa\x88\x00\x01\x02\
\x04V\x14\x90\x00\xac\x088\xef\xea&\xffy\xa5,G\
\x80\x00\x01\x02]\x08H\x00:P6\xf9w\x80l\x13\
\x04\x08\x10 \xb0\x90\x80\x04`!\xae\xc5\x176\xf9/\
nf\x0d\x02\x04\x08\x10h_@\x02\xd0\xa2\xb1\xc9\xbf\
E\x5cU\x13 @\x80\xc0J\x02\x12\x80\x95\xf8\xd6_\
\xd9\xe4\xbf\xbe\x8d\xbf\x10 @\x80@\xff\x02\x12\x80\x16\
\xc6\xc0\xe4\xdf\x02\xaa*\x09\x10 @\xa0Q\x01\x09@\
\xa3\x9c\x9b6\x99\xfc\x1b\x06U\x1d\x01\x02\x04\x08\xb4\x22\
 \x01h\x90\xd5\xe4\xdf \xa6\xaa\x08\x10 @\xa0U\
\x01\x09@C\xbc&\xff\x86 UC\x80\x00\x01\x02\x9d\
\x08H\x00\x1a`6\xf97\x80\xa8\x0a\x02\x04\x08\x10\xe8\
T@\x02\xb0\x22\xb7\xc9\x7fE@\xab\x13 @\x80@\
/\x02\x12\x80\x15\xd8M\xfe+\xe0Y\x95\x00\x01\x02\x04\
z\x15\x90\x00,\xc9o\xf2_\x12\xcej\x04\x08\x10 \
0\x08\x01\x09\xc0\x12\xc3`\xf2_\x02\xcd*\x04\x08\x10\
 0(\x01\x09\xc0\x82\xc3a\xf2_\x10\xcc\xe2\x04\x08\
\x10 0H\x01\x09\xc0\x02\xc3b\xf2_\x00\xcb\xa2\x04\
\x08\x10 0h\x01\x09\xc0\x9c\xc3c\xf2\x9f\x13\xcab\
\x04\x08\x10 P\x84\x80\x04`\x8ea2\xf9\xcf\x81d\
\x11\x02\x04\x08\x10(J@\x02\xb0\xc1p\x99\xfc7\x00\
\xf2g\x02\x04\x08\x10(R@\x02\xb0\x9da3\xf9o\
\x07\xc7\x9f\x08\x10 @\xa0h\x01\x09\xc0:\xc3g\xf2\
_\x07\xc6\xdb\x04\x08\x10 P\x85\x80\x04`\xc60\x9a\
\xfcg\xa0x\x8b\x00\x01\x02\x04\xaa\x12\x90\x00\xac\x19N\
\x93\xff\x1a\x10/\x09\x10 @\xa0J\x01\x09\xc0\xd4\xb0\
\xee\x16\xcf?\x12q\xe3\x88\xe2\xe5\xd1\xd7\x1d\x22\x14\x02\
\x04\x08\x10\x18\x97\x80\x04`\xf3x\xef\x1a\x8f\x1f\x8e0\
\xf9\x8f\xeb\x1f\x80\xde\x12 @`\xac\x02\x12\x80\x18\xf9\
\x9d\x22\xde\x19a\xf2\x1f\xeb?\x03\xfd&@\x80\xc0\xf8\
\x04F\x9f\x00\xe4\xe1\xef\xd7G\x98\xfc\xc7\xb7\xf3\xeb1\
\x01\x02\x04\xc6,0\xfa\x04\xe0\xf8\x18}\x93\xff\x98\xff\
\x09\xe8;\x01\x02\x04\xc6)0\xea\x04\xe0Y1\xe67\
D\x8c%\x01p\xc1\xdf8\xff\x91\xeb5\x01\x02\x04f\
\x09\x8c6\x01824\xae\x890\xf9\xcf\xda-\xbcG\
\x80\x00\x01\x02\xb5\x0b\x14\x93\x00\xdc\xac\xc1\x918 \xea\
\xca\x8e\xef\xdc`\x9dC\xae\xea\x15\xd1\xb8\x17Dd\xb2\
\xa3\x10 @\x80\x00\x81\xa2\x04\x9aJ\x00\xf2F?'\
E\xdc\xaa\xa8\xde/\xdfX\x93\xff\xf2v\xd6$@\x80\
\x00\x81\x01\x084\x95\x00\xfcc\xf4\xe5\x90\x01\xf4\xa7\x8b\
&\x98\xfc\xbbP\xb6\x0d\x02\x04\x08\x10\x18\xbc\xc03\xa3\
\x85\xce\xf9\x0f~\x984\x90\x00\x01\x02\x04:\x10(\xe6\
\x1a\x80U-\x0e\x88\x0a.\x89\x18C\x02\xe0j\xffU\
\xf7\x16\xeb\x13 @\xa0~\x81b\x12\x80UN\x01\xec\
\x18\xe3\xf8\xe6\x88\xbd\xea\x1f\xcfM\x0e\xfb\x8f`\x90u\
\x91\x00\x01\x02c\x12X%\x01xa@=h\x04X\
&\xff\x11\x0c\xb2.\x12 @\x80\xc0|\x02w\x8f\xc5\
\xae\x8e\xa8\xfd\xd0\xbf\xc3\xfe\xf3\xed\x0f\x96\x22@\x80\x00\
\x81\x9b\x04\xaa>\x05\x90\xf7\xf9\x7fm\xc4.\x95\x8f\xb6\
O\xfe\x95\x0f\xb0\xee\x11 @`\xcc\x02\xcb\x9c\x02x\
v\x80=\xa4r4\x93\x7f\xe5\x03\xac{\x04\x08\x10 \
\xb0\x98\xc0\xbe\xb1\xf8\x05\x115\x1f\xfaw\xd8\x7f\xb1}\
\xc2\xd2\x04\x08\x10 \xb0E\xa0\xdaS\x00\xff3\xfa\x98\
I@\xad\xc5'\xffZGV\xbf\x08\x10 @`i\
\x81\xbb\xc6\x9a5\xff\xd0\x8fO\xfeK\xef\x1aV$@\
\x80\x00\x81\xcd\x02U\x1e\x01\xf8\x87\xe8\x5c\xad?\xf4\xe3\
\x93\xbf\x7f\xbb\x04\x08\x10 @`\x86\xc0\x83\xe3\xbdZ\
\xcf\xfb\xfb\xe4?c\xc0\xbdE\x80\x00\x01\x02K\x09T\
w\x04 \xcf\xfd\xd7X|\xf2\xafqT\xf5\x89\x00\x01\
\x02\x04\x1a\x11\xa8\xf5\xd3\xbfO\xfe\x8d\xec\x1e*!@\
\x80\x00\x81)\x81\xaa\x8e\x00\xbcx\xaac\xb5<\xf5\xc9\
\xbf\x96\x91\xd4\x0f\x02\x04\x08\x10hE\xe0\xd0\xa8\xb5\xb6\
s\xff>\xf9\xb7\xb2\xab\xa8\x94\x00\x01\x02\x04B\xa0\x9a\
#\x00\x7fT\xd9p\xfa\xe4_\xd9\x80\xea\x0e\x01\x02\x04\
\x084/\xb0_TyUD-G\x00|\xf2o~\
\x1fQ#\x01\x02\x04\x08l-P\xc5\x11\x80\xdf\x8f>\
\xed\xbau\xbf\x8a}\xe5\x93\x7f\xb1C\xa7\xe1\x04\x08\x10\
 \xd0\xa5\xc0\x8e\xb1\xb1\xb3#j\xf8\xf4\xef\x93\x7f\x97\
{\x8em\x11 @`\xdc\x02\xc5\x1f\x018\x22\xc6\xef\
v\x15\x8c\xa1O\xfe\x15\x0c\xa2.\x10 @\x80@\xf3\
\x02\xeb\xfd\x1c\xf0o7\xbf\xa9\xcek|cl\xf1\x05\
\x11y\x14C!@\x80\x00\x01\x02\x04\xa6\x04f%\x00\
{\xc7\xdf\x9f4\xb5L\x89O?\x14\x8d~N\x84\xc9\
\xbf\xc4\xd1\xd3f\x02\x04\x08\x10h]`V\x02pL\
lu\xf7\xd6\xb7\xdc\xde\x06\xbe\x15U?%\xe2\xda\xf6\
6\xa1f\x02\x04\x08\x10 P\xb6\xc0\xac\x04\xe0\x89\x05\
w\xe9\xd2h\xfb\x13\x22.+\xb8\x0f\x9aN\x80\x00\x01\
\x02\x04Z\x17X\x9b\x00\xec\x11[<\xba\xf5\xad\xb6\xb7\
\x81<\xec\xff\xdd\xf6\xaaW3\x01\x02\x04\x08\x10\xa8C\
`m\x02\x90\x93\xff\xcd\x0b\xed\xda\xdb\xa3\xdd\x19\x0a\x01\
\x02\x04\x08\x10 \xb0\x81\xc0\xac\x04`\x83U\x06\xf9\xe7\
\xf3\xa3U\xffm\x90-\xd3(\x02\x04\x08\x10 0@\
\x81\xb5\x09\xc0Q\x03l\xe3<M:.\x16\xba`\x9e\
\x05-C\x80\x00\x01\x02\x04\x08l\xda\xb4\xd3\x14\xc2]\
\xe2\xf9\x1d\xa7^\x97\xf2\xf4\xf3\xd1\xd07\x97\xd2X\xed\
$\xd0\x80\xc0\x9eQ\xc7\xf4\xbf\xdd\x06\xaa\x5c\xb8\x8a[\
\xc6\x1a;,\xbcVs+\xe4\x87\x97\xfc\xcar\x9fe\
\x97\xd8x^7\xd5g\xd9=6\xbe\xdb\x0a\x0d\xb8>\
\xd6\xcd\x8b\xa7/\x8c\xf8\xc1\xe6\xe7\xf1\xa0\x8cA`\xfa\
\x7f\x22\x8f(\xb4\xc3_\x8bv\xbf&b\x9f\x16\xdb?\
\x84\xff\xe1\xb6\xd9\xbfy\xe8\xf2\xf6\xd0{\xcd\xb3`\x8b\
\xcb\xd4\xf0?\xdc\x16yTM`e\x81\xb3\xa3\x86O\
F|4\xe2\xa4\x88\x8b#\x94J\x05\xa63\xf87G\
\x1f\x9fQi?u\x8b\x00\x01\x02\x04\x16\x13\xc8_\x83\
}w\xc4\xcb\x22\xbe\xbc\xd8\xaa\xa3^:\x7f\x0b\xe0\xd8\
\x12\x04\xa6\xaf\x01x@\x09\x0d\xd6F\x02\x04\x08\x10\xe8\
D O-<-\xe2\x94\x88<\x1ap@\x84R\x91\
\xc0$\x01\xb8m\xf4\xe9\xc0\x8a\xfa\xa5+\x04\x08\x10 \
\xd0\x8c@\x1e)\xce\x1b\xac}#\xe2\xf9\x11\xd3G\x8e\
\xe3\xa5R\xaa\xc0$\x01\xf8\xf5R;\xa0\xdd\x04\x08\x10\
 \xd0\x89@\xde#\xe6\x15\x11'F\xf4}\xf1c'\
\x1d\xae}#\x93\x04\xe0\xde\xb5wT\xff\x08\x10 @\
\xa0\x11\x81\xfc\xb1\xb8\x8fE\xec\xdbHm*\xe9M`\
\x92\x00\xdc\xb3\xb7\x16\xd80\x01\x02\x04\x08\x94&\x90G\
\x8d\xdf\x17Q\xea\x9dcK\xf3n\xa5\xbd\x12\x80VX\
UJ\x80\x00\x81\xea\x05\xf2\xc2\xf1\xbc80\xbf\x22\xac\
\x14(\x90\x09@\x0e\xde\xdd\x0al\xbb&\x13 @\x80\
@\xbf\x02\x8f\x8c\xcd\xffe\xbfM\xb0\xf5e\x052\x01\
\xb8}\xc4\xae\xcbV`=\x02\x04\x08\x10\x18\xb5\xc0_\
E\xef\xef;j\x81B;\x9f\x09\xc0\xfe\x85\xb6]\xb3\
\x09\x10 @\xa0\x7f\x81<\x8a\xfc\xaa\x88\xc9)\xe5\xfe\
[\xa4\x05s\x09\xe4\x80\x95x\xff\xff\xb9:g!\x02\
\x04\x08\x10\xe8D /\x0a||'[\xb2\x91\xc6\x04\
$\x00\x8dQ\xaa\x88\x00\x01\x02\xa3\x16x\xd1\xa8{_\
`\xe73\x01\xb8M\x81\xed\xd6d\x02\x04\x08\x10\x18\x96\
\xc0a\xd1\x9cC\x86\xd5$\xad\xd9\x9e@&\x00\xb7\xde\
\xde\x02\xfeF\x80\x00\x01\x02\x04\xe6\x14x\xe6\x9c\xcbY\
l\x00\x02\x99\x00\xf4\xfd3\xb3\x03`\xd0\x04\x02\x04\x08\
\x10h@\xe0\xe8\x06\xeaPEG\x02\x99\x00\xb8\x9dc\
G\xd86C\x80\x00\x81\xca\x05\xee\x11\xfdsZ\xb9\x90\
A\xce\x04\xc0\x8f:\x142X\x9aI\x80\x00\x81\x81\x0b\
\xe4/\x05\x1e<\xf06j\xdef\x81L\x00\xdc\x04\xc8\
\xee@\x80\x00\x01\x02M\x09\xb8\xb3lS\x92-\xd7\x93\
\x09\xc0.-oC\xf5\x04\x08\x10 0\x1e\x81\xdb\x8e\
\xa7\xabe\xf7T\x02P\xf6\xf8i=\x01\x02\x04\x86&\
\xe0\xb4\xf2\xd0Fd\x9d\xf6d\x02\x90\xe7l\x14\x02\x04\
\x08\x10 @`D\x02\x99\x00\x5c=\xa2\xfe\xea*\x01\
\x02\x04\x08\xb4+pE\xbb\xd5\xab\xbd)\x81L\x00\xae\
i\xaa2\xf5\x10 @\x80\xc0\xe8\x05~2z\x81B\
\x00\x1c\x01(d\xa04\x93\x00\x01\x02\x85\x08|\xb7\x90\
v\x8e\xbe\x99\x99\x00\x5c9z\x05\x00\x04\x08\x10 \xd0\
\x84\xc0\x8dQ\xc9\xd7\x9a\xa8H\x1d\xed\x0bd\x02\xf0\xb3\
\xf67c\x0b\x04\x08\x10 0\x02\x81oE\x1f\x9d\x02\
(d\xa03\x01\xb8\xb0\x90\xb6j&\x01\x02\x04\x08\x0c\
[\xe0C\xc3n\x9e\xd6M\x0b8\x020\xad\xe19\x01\
\x02\x04\x08\xac\x22\xf0\x96UV\xb6n\xb7\x02\x99\x008\
\x5c\xd3\xad\xb9\xad\x11 @\xa0F\x81/E\xa7N\xad\
\xb1c\xb5\xf6)\x13\x803j\xed\x9c~\x11 @\x80\
@g\x02/\xedlK6\xd4\x88@&\x00g5R\
\x93J\x08\x10 @`\xac\x02_\x8c\x8e\x9f4\xd6\xce\
\x97\xda\xefL\x00\xce,\xb5\xf1\xdaM\x80\x00\x01\x02\xbd\
\x0b\x5c\x1f-x^\xc4\x0d\xbd\xb7D\x03\x16\x12\xc8\x04\
\xe0\x9c\x08\xb7\x03^\x88\xcd\xc2\x04\x08\x10 \xb0Y\xe0\
\xef\xe31\xcf\xff+\x85\x09d\x02p]\x84;7\x15\
6p\x9aK\x80\x00\x81\x01\x08|4\xda\xf07\x03h\
\x87&,!\x90\x09@\x96o\xdc\xf4\xe0\xbf\x04\x08\x10\
 @`.\x81Sb\xa9'E\xe4)\x00\xa5@\x01\
\x09@\x81\x83\xa6\xc9\x04\x08\x10\xe8Y\xe0\x0b\xb1\xfd\xa3\
#.\xeb\xb9\x1d6\xbf\x82\xc0$\x01\xf8\xea\x0auX\
\x95\x00\x01\x02\x04\xc6#\xf0\xde\xe8\xea\x91\x11\x17\x8c\xa7\
\xcbu\xf6t\x92\x00|\xbe\xce\xee\xe9\x15\x01\x02\x04\x08\
4$\xf0\xf3\xa8\xe7O#\x9e\x10qyCu\xaa\xa6\
G\x81I\x02p~\xb4\xe1\x87=\xb6\xc3\xa6\x09\x10 \
@`\xb8\x02\xef\x8b\xa6\x1d\x1c\xf1\x8f\x11\xf9\x8b\x7fJ\
\x05\x02\x93\x04 \xbb\xf2\xb9\x0a\xfa\xa3\x0b\x04\x08\x10 \
\xd0\x8c@~=\xfc\x1d\x11\x87E<.\xe2\x07\x11J\
E\x02;M\xf5\xe53\xf1\xfc\xe9S\xaf=%@\x80\
\x00\x81q\x09\x9c\x1b\xdd\xfdd\xc4\xc7\x22\xde\x15\xf1\xb3\
\x08\xa5R\x81\xe9\x04 \xbf\xcfYb\x99\xdc\xc4h\xd7\
\x16\x1b\x9f\xdb\xb8\xb2\xc5\xfa\xe7\xa9:\xaf\xb6\xcd{6\
\xf4U\xf2._\x97\xf4\xb5\xf1\xcd\xdb\xbd*\x1e\xf3<\
d\x9f%\x0d\xfa\xbc\xe3Y\xee\x03}_y\x9d\xff\x16\
&\xff\xee\xfa\x1a\x8b\x8b\xfa\xda\xf0\xe6\xed^\x13\x8fW\
\xf4\xdc\x86<\x0f\x7f\xed\x8am\x98\xfc\xbb\xce\xfd\xfa{\
\x11\x17\xafX\x9f\xd5\x0b\x12\x98N\x00\xbe\x13\xed>+\
b\xff\x82\xda\x9fM\xcd\xd3\x18\xf7\x8b\xf8Z\xbeP\x08\
\x10 @\x80\x00\x81\x8d\x05\xa6\xaf\x01\xc8\xa5O\xdex\
\x95\xc1-\xb1s\xb4\xe8\xb5\x11k\xfb2\xb8\x86j\x10\
\x01\x02\x04\x08\x10\x18\x8a\xc0\xdaI\xf3\xc3Ci\xd8\x82\
\xedx@,\xffg\x0b\xaecq\x02\x04\x08\x10 @\
`\xb3\xc0\x9e\xf1\x98\xe7X\xf3k\x1e\xa5\xc5\xd5\xd1\xe6\
\xfbG(\x04\x08\x10 @\xa0/\x81\x13b\xc3E\xcc\
\x9fk\x8f\x00\xe4\xc5E\xa5\x1e\x05\xd8%\xda\x9e\xf0\xb7\
\x8eP\x08\x10 @\x80\x00\x81\xed\x08\xacM\x00r\xd1\
wng\xf9\xa1\xff\xe9N\xd1\xc0\xb7GL_\xdc8\
\xf46k\x1f\x01\x02\x04\x08\x10\xe8\x5c`V\x02\xf0\xbe\
hE~\xdd\xaa\xd4rD4\xfc5\x11;\x94\xda\x01\
\xed&@\x80\x00\x01\x02m\x0b\xccJ\x00\xf2{\xa0'\
\xb5\xbd\xe1\x96\xeb\xff\x9d\xa8\xff%-oC\xf5\x04\x08\
\x10 @\xa0X\x81Y\x09@v\xe6\x9f\x8b\xed\xd1\x96\
\x86\xff\x8fx\xfa\x97[^zF\x80\x00\x01\x02\x04\x08\
l$\xb0c,pvD\x11W2n\xd0\xce\xe36\
\xea\xac\xbf\x13 @\x80\x00\x81\x86\x04\x8a\xf9\x16@N\
\xf4\xb3JN\xfc{E<l\xd6\x1f\x0b{\xef\xa8h\
\xef\xf5\x11\x9f,\xac\xdd\x9aK\x80\x00\x01\x02\xe5\x09\x1c\
\x1bM\xbegy\xcd\xde\xba\xc5\xfb\xc5\xcb\xfcn}\x0d\
G\x01\xb2\x0f\x8e\x04l=\xbe^\x11 @\x80@\xf3\
\x02\xc5\x1c\x01X\xef\x1a\x80$9/\xe2m\xcd\xdb\xf4\
V\xe3\xcbb\xcb\x92\x80\xde\xf8m\x98\x00\x01\x02\x04\x86\
$\xb0\xbd\x04 \xdb\xf9\x8a!5\xb6\x81\xb6d\x12\xf0\
\xe2\x06\xeaQ\x05\x01\x02\x04\x08\x10(Z`\xa3\x04\xe0\
\xd4\xe8\xddG\x8a\xee\xe1\xb6\x8d\xff\xbbx\xcb\x91\x80m\
]\xbcC\x80\x00\x01\x02\x04\xb6\x12xH\xbc\xaa\xe5:\
\x80\xe9~H\x02\xb6\x1af/\x08\x10 @\xa0\x01\x81\
*\xae\x01\x988|*\x9e|l\xf2\xa2\xa2G\xd7\x04\
T4\x98\xbaB\x80\x00\x01\x02\xed\x08\xd4z\x14 \x8f\
\x08\xb8&\xa0\x9d}F\xad\x04\x08\x10\x18\xa3@1G\
\x00\x16\x19\x9c\xf7\xc6\xc2\xd3\x87\xd0kz\xeet\xc0\x22\
{\x82e\x09\x10 @`=\x81*\x13\x80\xbc\xb1\xc1\
u\x115M\xfc\xd3}\x91\x04\xac\xb7;{\x9f\x00\x01\
\x02\x04\xe6\x15(&\x01X\xefN\x80\xb3:\xfa\xd3x\
\xf3W\x22\x0e\x9b\xf5\xc7\x0a\xde\xcb;\x06^\x19\xf1\xd9\
\x0a\xfa\xa2\x0b\x04\x08\x10 \xd0\x8f\xc0\xb1\xb1\xd9\xe2\xef\
\x048\x8b\xee6\xf1\xe6\x85\x11\xd3\x9f\x9ck{\xee\x9a\
\x80Y#\xef=\x02\x04\x08\x10\x98G\xa0\xca#\x00\xd9\
\xf1\xfc\x84\xfc\xb3\x88\xc7\xe5\x8bJ\xcb\x11\xd1/G\x02\
*\x1d\x5c\xdd\x22@\x80@\xcb\x02\xd5\x1e\x01H\xb7\x1d\
\x22>\x19Q\xdb'\xff\xb5\xfd9.;\xab\x10 @\
\x80\x00\x81\x05\x04\x8a9\x02\xb0\xd1\x9d\x00g\xf59'\
\xca\xe7F\x5c3\xeb\x8f\x15\xbd\xf7\xb2\xe8\x8b\xd3\x01\x15\
\x0d\xa8\xae\x10 @\x80\xc0\x16\x81E.\x02\xdc\xb2\xd6\
\xa6MyA`\xfe\xc4\xee\x91\xd3oV\xf8\xdc\xe9\x80\
\x0a\x07U\x97\x08\x10 \xd0\xa2@\xd5\xa7\x00&n\x99\
<|&b\xed\xa1\xf3\x1a_;\x1d0\x19u\x8f\x04\
\x08\x10 \xb0=\x81\xaaO\x01L:\x9eG\x00\x9e\x1d\
q\xc5\xe4\x8d\x8a\x1f\xf3t\x80$\xa0\xe2\x01\xd65\x02\
\x04\x08\x8cM`\x99k\x00\xa6\x8d\xbe\x17/\x9e7\xfd\
F\xc5\xcf]\x13P\xf1\xe0\xea\x1a\x01\x02\x04\xc6&\xb0\
\xec5\x00\xd3N\xa7\xc5\x8b\xdbE\xdco\xfa\xcdJ\x9f\
\xbb&\xa0\xd2\x81\xd5-\x02\x04\x084$0\x8ak\x00\
\xa6\xadv\x8f\x17_\x89\xa8\xf1\xfc\xff\xac>9\x1d0\
=\xfa\x9e\x13 @\x80\xc0D`\x14\xd7\x00L:\x9b\
\x8f?\x8fxbD\xde$h\x0c\xc5\xe9\x801\x8c\xb2\
>\x12 @\xa0b\x81U\xaf\x01\x98\xa6\xf9a\xbcx\
J\xc4\xb5\xd3oV\xfc\xfc\xef\xa2o\x8e\x04T<\xc0\
\xbaF\x80\x00\x81\x9a\x05\x9a\xb8\x06`\xda'\x93\x80\xf3\
#\x8e\x99~\xb3\xe2\xe7~@\xa8\xe2\xc1\xd55\x02\x04\
\x08,!P\xcc5\x00M'\x00iuJ\xc4N\x11\
\x0f\xcd\x17#(\x92\x80\x11\x0c\xb2.\x12 @`N\
\x81Q'\x00i\xf4\xf1\x88\xfd#\x0e\x8d\x18C\xc9$\
\xe0\xba\x88O\x8d\xa1\xb3\xfaH\x80\x00\x01\x02\xeb\x0a\x14\
\x93\x00\xac\xdb\x83\x06\xfe\x90G\x01\xde\x191\xeb*\xfa\
Z\xdfsM@\x03;\x8e*\x08\x10 P\xb0@1\
\xdf\x02h\xdbx\xd7\xd8\xc0\x87#j\x9d\xf0g\xf5K\
\x12\xd0\xf6^\xa5~\x02\x04\x08\x0cW@\x02056\
\xbb\xc5\xf3\xcfG\xcc\x9a,k}\xcf\xaf\x08N\xed\x00\
\x9e\x12 @`D\x02\xc5$\x00M~\x0dp\xbd\xf1\
\xbd*\xfe\xf0\xa8\x88S\xd7[\xa0\xc2\xf7}E\xb0\xc2\
A\xd5%\x02\x04\x08\xd4$\xd0E\x02\x90^y\x83\xa0\
\xbcPnLI@\xde,\xc8\xe9\x80@P\x08\x10 \
@`x\x02]%\x00\xd9sI\xc0\xf0\xc6_\x8b\x08\
\x10 @`\xa4\x02]&\x00I,\x09\x18\xe9\x8e\xa6\
\xdb\x04\x08\x10 0,\x81\xae\x13\x80\xec\xbd$`X\
\xfb\x80\xd6\x10 @\x80\xc0\x08\x05\xfaH\x00\x92Y\x12\
0\xc2\x9dM\x97\x09\x10 @`8\x02}%\x00)\
 \x09\x18\xce~\xa0%\x04\x08\x10 02\x81>\x13\
\x80\xa4\x96\x04\x8cl\x87\xd3]\x02\x04\x08\x10\x18\x86@\
\xdf\x09@*H\x02\x86\xb1/h\x05\x01\x02\x04\x08\x8c\
H`\x08\x09@rK\x02F\xb4\xd3\xe9*\x01\x02\x04\
\x08\xf4/0\x94\x04 %$\x01\xfd\xef\x0fZ@\x80\
\x00\x01\x02#\x11\x18R\x02\x90\xe4\x92\x80\x91\xecx\xba\
I\x80\x00\x01\x02\xfd\x0a\x0c-\x01H\x0dI@\xbf\xfb\
\x84\xad\x13 @\x80\xc0\x08\x04\x86\x98\x00$\xbb$`\
\x04;\x9f.\x12 @\x80@\x7f\x02CM\x00RD\
\x12\xd0\xdf~a\xcb\x04\x08\x10 P\xb9\xc0\x90\x13\x80\
\xa4\x97\x04T\xbe\x03\xea\x1e\x01\x02\x04\x08\xf4#0\xf4\
\x04 U$\x01\xfd\xec\x1b\xb6J\x80\x00\x01\x02\x15\x0b\
\x94\x90\x00$\xbf$\xa0\xe2\x9dP\xd7\x08\x10 @\xa0\
{\x81R\x12\x80\x94\x91\x04t\xbf\x7f\xd8\x22\x01\x02\x04\
\x08T*PR\x02\x90C \x09\xa8tG\xd4-\x02\
\x04\x08\x10\xe8V\xa0\xb4\x04 u$\x01\xdd\xee#\xb6\
F\x80\x00\x01\x02\x15\x0a\x94\x98\x00\xe40H\x02*\xdc\
\x19u\x89\x00\x01\x02\x04\xba\x13(5\x01H!I@\
w\xfb\x89-\x11 @\x80@e\x02%'\x009\x14\
\x92\x80\xcavH\xdd!@\x80\x00\x81n\x04JO\x00\
RI\x12\xd0\xcd\xbeb+\x04\x08\x10 P\x91@\x0d\
\x09@\x0e\x87$\xa0\xa2\x9dRW\x08\x10 @\xa0}\
\x81Z\x12\x80\x94\x92\x04\xb4\xbf\xbf\xd8\x02\x01\x02\x04\x08\
T\x22PS\x02\x90C\x22\x09\xa8d\xc7\xd4\x0d\x02\x04\
\x08\x10hW\xa0\xb6\x04 \xb5$\x01\xed\xee3j'\
@\x80\x00\x81\x0a\x04jL\x00rX$\x01\x15\xec\x9c\
\xba@\x80\x00\x01\x02\xed\x09\xd4\x9a\x00\xa4\x98$\xa0\xbd\
\xfdF\xcd\x04\x08\x10 P\xb8@\xcd\x09@\x0e\x8d$\
\xa0\xf0\x1dT\xf3\x09\x10 @\xa0\x1d\x81\xda\x13\x80T\
\x93\x04\xb4\xb3\xef\xa8\x95\x00\x01\x02\x04\x0a\x16\x18C\x02\
\x90\xc3#\x09(x'\xd5t\x02\x04\x08\x10h^`\
,\x09@\xcaI\x02\x9a\xdf\x7f\xd4H\x80\x00\x01\x02\x85\
\x0a\x8c)\x01\xc8!\x92\x04\x14\xba\xa3j6\x01\x02\x04\
\x084+0\xb6\x04 \xf5$\x01\xcd\xeeCj#@\
\x80\x00\x81\x02\x05\xc6\x98\x00\xe40I\x02\x0a\xdcY5\
\x99\x00\x01\x02\x04\x9a\x13\x18k\x02\x90\x82\x92\x80\xe6\xf6\
#5\x11 @\x80@a\x02cN\x00r\xa8$\x01\
\x85\xed\xb0\x9aK\x80\x00\x01\x02\xcd\x08\x8c=\x01HE\
I@3\xfb\x92Z\x08\x10 @\xa0 \x01\x09\xc0M\
\x83%\x09(h\xa7\xd5T\x02\x04\x08\x10X]@\x02\
\xb0\xc5P\x12\xb0\xc5\xc23\x02\x04\x08\x10\xa8\x5c@\x02\
\xb0\xf5\x00K\x02\xb6\xf6\xf0\x8a\x00\x01\x02\x04*\x15\x90\
\x00l;\xb0\x92\x80mM\xbcC\x80\x00\x01\x02\x95\x09\
H\x00f\x0f\xa8$`\xb6\x8bw\x09\x10 @\xa0\x12\
\x01\x09\xc0\xfa\x03)\x09X\xdf\xc6_\x08\x10 @\xa0\
p\x01\x09\xc0\xf6\x07P\x12\xb0}\x1f\x7f%@\x80\x00\
\x81B\x05$\x00\x1b\x0f\x9c$`c#K\x10 @\
\x80@a\x02\x12\x80\xf9\x06L\x120\x9f\x93\xa5\x08\x10\
 @\xa0\x10\x01\x09\xc0\xfc\x03%\x09\x98\xdf\xca\x92\x04\
\x08\x10 0p\x01\x09\xc0b\x03\x94I\xc0\x91\x11_\
Xl\xb5\xa2\x97~Y\xb4\xfe/\x8a\xee\x81\xc6\x13 \
@\x80\x00\x81\x86\x04n\x15\xf5\x9c\x12q\xe3\x88\xe2w\
\x1b\xb2S\x0d\x01\x02\x04j\x168!:W\xc4\xdc\xe0\
\x08\xc0r\xbb\xe1\x18\x8f\x04\xbc:\xa8\xfe\xf3r\x5c\xd6\
\x22@\x80\x00\x81\xa1\x09H\x00\x96\x1f\x91\x8bc\xd5G\
E\x9c\xba|\x15E\xad\xb9S\xb4\xf6\x8d\x11\xb7)\xaa\
\xd5\x1aK\x80\x00\x01\x023\x05$\x003Y\xe6~s\
lG\x02\xf6\x0b\x99<\x12\xa0\x10 @\x80@\xe1\x02\
\x12\x80\xd5\x07plG\x02~#\xc8\x1e\xb6:\x9b\x1a\
\x08\x10 @\xa0O\x01\x09@3\xfac;\x12\xf0\xf7\
\xcd\xb0\xa9\x85\x00\x01\x02\x04\xfa\x12\x90\x004'?\xa6\
#\x01\x0f\x0c\xb6\xc3\x9a\xa3S\x13\x01\x02\x04\x08t-\
 \x01hV<\x8f\x04\x1c\x151\x86\x0b\x03\x9f\xd3,\
\x9d\xda\x08\x10 @\xa0K\x01\x09@\xf3\xdac9\x1d\
\xf0\xc4\xa0\xdb\xb9y>5\x12 @\x80@\x17\x02\x12\
\x80v\x94\xc7p:`\xdf\xa0\xbb_;|j%@\
\x80\x00\x81\xb6\x05$\x00\xed\x09\x8f\xe1H\xc0\x83\xda\xe3\
S3\x01\x02\x04\x08\xb4) \x01hSw\xd3\xa6\xda\
\x8f\x04\xdc\xab]>\xb5\x13 @\x80@[\x02\x12\x80\
\xb6d\xb7\xd4\x9bG\x02\x8e\x88\xa8\xf1\x07\x84\x0e\xdc\xd2\
M\xcf\x08\x10 @\xa0$\x01\x09@7\xa3uIl\
\xa6\xc6\xdb\x06\xdf\xba\x1b>[!@\x80\x00\x81\xa6\x05\
$\x00M\x8b\xae__\x8dG\x02v_\xbf\xbb\xfeB\
\x80\x00\x01\x02C\x16\x90\x00t;:\xb5\x1d\x09\xb8\xbe\
[>[#@\x80\x00\x81\xa6\x04$\x00MI\xce_\
OMG\x022\xa1Q\x08\x10 @\xa0@\x01\x09@\
?\x83V\xcb\x91\x80s\xfb\xe1\xb3U\x02\x04\x08\x10X\
U@\x02\xb0\xaa\xe0\xf2\xeb\xd7p$\xe0\xdb\xcbw\xdf\
\x9a\x04\x08\x10 \xd0\xa7\x80\x04\xa0O\xfdM\x9bJ?\
\x12pJ\xbf|\xb6N\x80\x00\x01\x02\xcb\x0aH\x00\x96\
\x95kn\xbdR\x8f\x04\xdc\x18\x04\x1fo\x8eAM\x04\
\x08\x10 \xd0\xa5\x80\x04\xa0K\xed\xf5\xb7U\xe2\x91\x80\
\xcfGw\xce_\xbfK\xfeB\x80\x00\x01\x02C\x16\x90\
\x00\x0cgtJ;\x12\xf0\xe6\xe1\xd0i\x09\x01\x02\x04\
\x08,* \x01XT\xac\xdd\xe5K9\x12\x90\xbfq\
\xf0/\xedR\xa8\x9d\x00\x01\x02\x04\xda\x14\x90\x00\xb4\xa9\
\xbb\x5c\xdd%\x1c\x09xUt\xed\xd2\xe5\xbag-\x02\
\x04\x08\x10 @`{\x02\xb7\x8a?\xe6U\xf6y\xb1\
\xdd\x90\xe2\x9ch\xcf\x9e\x11\x0a\x01\x02\x04\x08l+p\
B\xbc5\xa4\xffg\xaf\xdb\x16G\x00\xb6\x1d\xbc\xa1\xbc\
3\xd4#\x01/\x0c\xa0\xcb\x86\x82\xa4\x1d\x04\x08\x10 \
\xb0\x9c\x80\x04`9\xb7\xae\xd6\x1a\xda5\x01o\x8a\x8e\
\xbf\xb5\xab\xce\xdb\x0e\x01\x02\x04\x08\x10\x18\xbb\xc0\xde\x01\
\x90_\xbb[\xf7PN\x07\x7f\xfbbl\xe3\x16\x11\x0a\
\x01\x02\x04\x08\xac/\xe0\x14\xc0\xfa6\xfe\xb2\x84@\x1e\
\x09xd\xc4\x17\x96X\xb7\x89U\xbe\x1b\x95<:\xe2\
\xf2&*S\x07\x01\x02\x04\x08\xf4/\xe0\x14@\xffc\
0o\x0b2\x098*\xe2\xe4yWhh\xb9/G\
=\x0f\x8d\xf8iC\xf5\xa9\x86\x00\x01\x02\x04\x08\x10X\
B`\xe7X\xe7\xd5\x11]\x9c\x0exglg\xaf%\
\xdah\x15\x02\x04\x08\x8cU\xa0\x98S\x00c\x1d\xa0\x1a\
\xfa\xfd\x84\xe8\xc4y\x11m$\x02y\xa3\x9f\xe7\xd6\x80\
\xa4\x0f\x04\x08\x10\xe8X@\x02\xd01\xf8X7\x97\x9f\
\xce_\x16qED\x13\x89\xc05Q\xcf\xeb#\xf6\x8b\
P\x08\x10 @`q\x01\x09\xc0\xe2f\xd6XA`\
\xdfX\xf7\xc5\x11y\xb1\xde2\x89\xc0\x8fb\xbd\x97F\
\xdc!B!@\x80\x00\x81\xe5\x05\x8aI\x00vX\xbe\
\x8f\xd6\x1c\xa8\xc0!\xd1\xae\x87G<0\xe2\xee\x11\x07\
F\xec\x1e1)\xf9)\xff\x8c\x88oG|.\xe2\xe3\
\x11\xf9\x15\xc3\x1b\x22\x14\x02\x04\x08\x10XM \x13\x80\
cW\xab\xc2\xda\x04\x9a\x13\xc8\x0b\x07\xf7\x89\xd8\xb5\xb9\
*\xd5D\x80\x00\x01\x023\x04N\x8c\xf7\x969\x12\xdb\
\xf5:7\xec4\xa3\xf1\xde\xaaO\xe0\xda\xe8\xd2E\xf5\
uK\x8f\x08\x10 08\x81\xfc\xc0UB\xb9\xc6}\
\x00J\x18&m$@\x80\x00\x81R\x04v)\xa4\xa1\
\x12\x80B\x06J3\x09\x10 @\xa0\x0c\x81\xdd\xcah\
\xe6\xa6\xab\x1c\x01(d\xa44\x93\x00\x01\x02\x04\x8a\x10\
\xb8e\x11\xad\xdc\xb4\xc9\x11\x80B\x06J3\x09\x10 \
@\xa0\x0c\x81[\x97\xd1\xccMW;\x02P\xc8Hi\
&\x01\x02\x04\x08\x14!PJ\x02p\x89\x04\xa0\x88\xfd\
I#\x09\x10 @\xa0\x00\x81[E\x1bK\xb9\x06\xe0\
B\x09@\x01{\x94&\x12 @\x80@\x11\x02\x07\x14\
\xd1\xca\x9b\x1ay\x81\x04\xa0\xa0\xd1\xd2T\x02\x04\x08\x10\
\x18\xb4\xc0\x01\x83n\xdd\xd6\x8d\x93\x00l\xed\xe1\x15\x01\
\x02\x04\x08\x10XZ\xe0\xaeK\xaf\xd9\xfd\x8a\x12\x80\xee\
\xcdm\x91\x00\x01\x02\x04*\x15\xb8wA\xfd:\xdf)\
\x80\x82FKS\x09\x10 @`\xd0\x02\x07\x0f\xbau\
[7\xee\x0c\xbf\x06\xb85\x88W\x04\x08\x10 @`\
\x19\x81=b\xa5\x8b#J\xf9\x8d\x9d\x83\x1c\x01Xf\
\x98\xadC\x80\x00\x01\x02\x04\xb6\x168,^\x962\xf9\
\xe7/\x0f\x9e)\x01\xd8z\x00\xbd\x22@\x80\x00\x01\x02\
\xcb\x08<h\x99\x95zZ\xe7\xbc\xd8\xae\xdf\x02\xe8\x09\
\xdff\x09\x10 @\xa0.\x81\x87\x16\xd4\x9d\xd3\xb3\xad\
\x8e\x00\x144b\x9aJ\x80\x00\x01\x02\x83\x14\xb8y\xb4\
\xaa\xa4\x04\xe0\x1b\xa9(\x01\x18\xe4\xbe\xa4Q\x04\x08\x10\
 P\x90\xc0\xc3\xa2\xad\xa5\xdc\x028Y\xbf\x9a\xff\x91\
\x00\xa4\x82B\x80\x00\x01\x02\x04\x96\x17x\xcc\xf2\xab\xf6\
\xb2\xe6i\xbdl\xd5F\x09\x10 @\x80@E\x02;\
F_~\x1c\x91W\xd6\x97\x107D;\xf7\x8ep\x04\
 \x11\x14\x02\x04\x08\x10 \xb0\xa4\xc0\xe1\xb1\xde~K\
\xae\xdb\xc7jg\xc6F/\xc9\x0d;\x05\xd0\x07\xbfm\
\x12 @\x80@-\x02O/\xac#\x9f\x9f\xb4W\x02\
0\x91\xf0H\x80\x00\x01\x02\x04\x16\x13\xd83\x16\x7f\xda\
b\xab\xf4\xbe\xf4\xbfOZ \x01\x98Hx$@\x80\
\x00\x01\x02\x8b\x09<5\x16\xbf\xc5b\xab\xf4\xbe\xf4\xa7\
{o\x81\x06\x10 @\x80\x00\x81\xc2\x05N\x89\xf6\x97\
p\xe1\xdf\xa4\x8d\x97E{\x7fy\xbbbG\x00\x0a\xdf\
\xfb4\x9f\x00\x01\x02\x04z\x11xXl\xf5\xbe\xbdl\
y\xf9\x8d~!V\xbdn\xb2\xba\x04`\x22\xe1\x91\x00\
\x01\x02\x04\x08\xcc/\xf0\xa7\xf3/:\x98%?6\x98\
\x96h\x08\x01\x02\x04\x08\x10(P\xe0>\xd1\xe6\xfc>\
\xfd\xe4\xd0z)\x8f\x87\x16h\xad\xc9\x04\x08\x10 @\
`0\x02\xef\x8e\x96\x942\xe9O\xdayn\xb4y\x87\
\xc1\x08j\x08\x01\x02\x04\x08\x10(L\xe0\xb0ho\x89\
\x9f\xfe\xdf\xb0\xd6\xd95\x00kE\xbc&@\x80\x00\x01\
\x02\xb3\x05\xf2\x13\xf4\xff\x8e(\xf1\x93\xf4\x87fw\xc9\
\xbb\x04\x08\x10 @\x80\xc0F\x02O\x8e\x05&\x87\xd4\
Kz\xbc*\xda\xfd\x8b\xfb\xffo\xd4A\x7f'@\x80\
\x00\x01\x02\x04\xb6\x16\xb8y\xbc\xfcaDI\x13\xff\xa4\
\xady\xcd\xc26\xc5)\x80mH\xbcA\x80\x00\x01\x02\
\x04\xb6\x118>\xde9`\x9bw\xcbx\xe3\x842\x9a\
\xa9\x95\x04\x08\x10 @`X\x02\xf7\x8f\xe6\xe4\x0dt\
&\x9f\xa8Kz\xbc2\xda]\xda\xed\x8a\x875\xfaZ\
C\x80\x00\x01\x02\xa3\x14\xd8-z\xfd\xb5\x88\x92&\xfd\
\xe9\xb6\xbec\x94\xa3\xa6\xd3\x04\x08\x10 @`E\x81\
\xbc\xea\x7fzB-\xed\xf9\xe3V\xec\xbf\xd5\x09\x10 \
@\x80\xc0\xe8\x04\x8e\x8e\x1e\x97\xf8\x9d\xffI\x92rv\
\xb4\xff\x97?\xfe3\xba\xd1\xd3a\x02\x04\x08\x10 \xb0\
\x84\xc0\x81\xb1\xce\x85\x11\x93\xc9\xb4\xc4\xc7\xbf]\xa2\xdf\
V!@\x80\x00\x01\x02\xa3\x15\xc8\xaf\xfc}%\xa2\xc4\
I\x7f\xd2\xe6\xbchq\xff\xd1\x8e\xa0\x8e\x13 @\x80\
\x00\x81\x05\x05v\x8c\xe5\xf3\xc2\xb9\xc9DZ\xea\xe3\x07\
\x17\xec\xb7\xc5\x09\x10 @\x80\xc0\xa8\x05^\x13\xbd/\
u\xd2\x9fn\xf7\xa3G=\x8a:O\x80\x00\x01\x02\x04\
\x16\x108>\x96\x9d\x9eDK}\xfe\xf5\xe8G\x89\xbf\
W\xb0\xc0PY\x94\x00\x01\x02\x04\x084#\xf0\xc7Q\
M\xa9\x13\xfe\xdav\xffN3$j!@\x80\x00\x01\
\x02u\x0b\xfcft\xef\xfa\x88\xb5\x13i\x89\xaf\x7f\x1c\
\xfd\xd8\xb5\xee\xe1\xd2;\x02\x04\x08\x10 \xb0\xba\xc0\x1f\
F\x15\xb5L\xfe\x99\xb0\xbchu\x125\x10 @\x80\
\x00\x81\xba\x05^\x1a\xdd+\xf1S\xfezm>?\xfa\
\xe3\xbe\xffu\xef\xb3zG\x80\x00\x01\x02+\x08\xe4\xdd\
\xf1\xde\x10\xb1\xdeDZ\xea\xfb\x7f\xb6\x82\x89U\x09\x10\
 @\x80@\xd5\x02\xbbG\xefN\x8c(u\x92_\xaf\
\xddy\xee?o`\xa4\x10 @\x80\x00\x01\x02k\x04\
\xee\x14\xaf\xbf\x1c\xb1\xde$Z\xf2\xfb\x7f\xb2\xa6\xaf^\
\x12 @\x80\x00\x01\x02!\x90?\xecsAD\xc9\x93\
\xfczm?=\xfa\x95?[\xac\x10 @\x80\x00\x01\
\x02\x9b\x05\xf2\xb0\xf8k#J\xfeU\xbf\xf5&\xfe\xc9\
\xfbO6\xda\x04\x08\x10 @\x80\xc0\x16\x81\xfb\xc5\xd3\
\xafFL&\xca\x1a\x1f?\xbe\xa5\xbb\x9e\x11 @\x80\
\x00\x81q\x0b\xe4W\xe1^\x11qmD\x8d\x93\xfe\xa4\
O\xf9\x8b\x7f\x87D(\x04\x08\x10 @`\xf4\x02y\
8\xfc\x87\x11\x93I\xb2\xe6\xc7<\xb5\xa1\x10 @\x80\
\x00\x81Q\x0b\x1c\x16\xbd\xffDD\xcd\x13\xfet\xdf\xce\
\x8d\xbe\xee3\xea\x11\xd7y\x02\x04\x08\x10\x18\xb5\xc0}\
\xa3\xf7'GLO\x8ecx\xfe\x1b\xa3\x1eu\x9d'\
@\x80\x00\x81Q\x0a\xe4O\xdd\x1e\x13\x91\x13\x7f\xcdW\
\xf7\xaf\x97\xc8\xbcs\x94\xa3\xae\xd3\x04\x08\x10 0Z\
\x81\xbc\xb8\xef\xf7\x22N\x89Xor\xac\xfd\xfd\x8b\xa2\
\xef\xbf\x1a\xa1\x10 @\x80\x00\x81\xaa\x05v\x8c\xde=\
<\xe2u\x11\x97F\xd4>\xc1o\xd4\xbfg\x84\x81B\
\x80\x00\x01\x02\x04\xaa\x14\xc8\x9b\xf7<:\xe2U\x11\xe7\
El4)\x8e\xe5\xefo\x09\x8b\xc6J\x9eGQ\x08\
\x10 @\x80@\x9f\x02{\xc4\xc6\xf3*\xfe\x07G<\
$\xe2\xa1\x11nm\x1b\x08S\xe5\x8cx\x9e\xdf\xf9\xbf\
d\xea\xbd\x95\x9e\xe6O\x22*\x04\x08\x10 @\xa0\x0b\
\x81}c#\x07l\x8e\xbb\xc4\xe3}\x22\x0e\x8e\xb8[\
\x84\xf9(\x10\xd6)\xd7\xc7\xfb\xbf\x15\xd1\xd8\xe4\x9f\xdb\
\x01\x9e\x0a\x0a\x01\x02\x04\x86#\x90?W\x9b\x9f\x86\xef\
\x1e\xf1\x1f#\xf6\x8e(\xed\xfb\xde\xbbD\x9b\xf3S}\
\x9e\xbf\xcfI\x7f\x12>\xd5\x07\xc6\x12\xe5\xf8X\xe7\xd3\
K\xacg\x15\x02\x04\x08\x10\x18\xb8@N\xf0\xcf\x89\xf8\
X\xc4\xcf#\xc6rN[?7\x1e\xeb\xf7\xc4\xfe\xe0\
t} (\x04\x08\x10\xa8I\xe0v\xd1\x99\x97G\x5c\
\x11a2d\xb0v\x1f\xf8N\xec\x17y\x04H!@\
\x80\x00\x81J\x04v\x8d~\x1c\x1fa\xe27\xe9\xaf\x9d\
\xf4'\xaf\xf3|\xffA\x11\x0a\x01\x02\x04\x08T\x22\x90\
\xe7\xf5\xc7|#\x9b\xc9\x04\xe7q\xfd\xe4'/\xfa{\
b%\xfb\xbbn\x10 @\x80@\x08\x1c\x19qq\x84\
\xc9\x8f\xc1\xf6\xf6\x81\x17\xf8\xd7B\x80\x00\x01\x02\xf5\x08\
\xe4\x8f\xb7\x5c\x1d\xb1\xbd\xff\xf1\xfb\x1b\x9fW\xd6\xb3\xcb\
\xeb\x09\x01\x02\x04\x08<2\x08\xae\x890\xc13\xd8\xde\
>\xf0\xee\xd8Gn\xd6\xd5?\x17_-\xe8J\xdav\
\x08\x10\x18\xab\xc0\xe4\x9c\xbf\xab\xb9\xc7\xba\x07\xcc\xd7\xef\
O\xc5bGG\x5c9\xdf\xe2\xab/\xd5Y\xa6\xb1z\
S\xd5@\x80\x00\x81\xe2\x04\xf2\x868'D\x98\xfc\x8b\
\x1b\xbaN\x1b\xfc\xc5\xd8\xdac#:\x9b\xfc\xb3w\x12\
\x80TP\x08\x10 \xd0\x8e\xc0\x7f\x8fj\xef\xdbN\xd5\
j\xadD\xe0\xd4\xe8G\x9e\x22\xca_:\xec\xb48\x05\
\xd0)\xb7\x8d\x11 0\x22\x81\xbc\xc9O\xde\xc8%o\
\x89\xab\x10\x98%\xf0\xedx\xf3a\x11\xe7\xcf\xfac\xdb\
\xef9\x02\xd0\xb6\xb0\xfa\x09\x10\x18\xab\xc0q\xd1q\x93\
\xffXG\x7f\xe3~\x9f\x16\x8b\x1c\x1e\xd1\xcb\xe4\x9f\xcd\
s\x04 \x15\x14\x02\x04\x084+\xb0OTwND\
\xfe\xb0\x8fB`\xad@\x9e\xf3\xcf\x0b\xfe~\xb6\xf6\x0f\
]\xbev\x04\xa0Km\xdb\x22@`,\x02\xc7FG\
M\xfec\x19\xed\xc5\xfa\xf9o\xb1\xf8\x11\x11\xbdN\xfe\
\xd9d\x09@*(\x04\x08\x10hV\xe0\xa9\xcdV\xa7\
\xb6J\x04\xde\x17\xfd8&\xe2\xf2!\xf4\xc7)\x80!\
\x8c\x826\x10 P\x93@~\xf2\xbf(\x22\x7f\xf0G\
!0\x11\xc8;\xfc\xe5-~\xf3>\xff\x83(\x8e\x00\
\x0cb\x184\x82\x00\x81\x8a\x04\x0e\x8b\xbe\x98\xfc+\x1a\
\xd0\x15\xbbrC\xac\x9f_\x07}~\xc4`&\xff\xec\
\xd3N\xf9\x1f\x85\x00\x01\x02\x04\x1a\x13\xb8{c5\xa9\
\xa8t\x81<\xd4\xff\xac\x88\x93\x86\xd8\x11\x09\xc0\x10G\
E\x9b\x08\x10(Y o\xfd\xab\x10\xf8n\x10<)\
\xe2\x1bC\xa5p\x0a`\xa8#\xa3]\x04\x08\x94*p\
\xcbR\x1b\xae\xdd\x8d\x09\xbc+j\xba\x7f\xc4`'\xff\
\xec\xa9\x04 \x15\x14\x02\x04\x084'\xb0gsU\xa9\
\xa90\x81<\xc7\xffW\x11O\x8e\xb8l\xe8mw\x0a\
`\xe8#\xa4}\x04\x08\x94&pUi\x0d\xd6\xdeF\
\x04~\x10\xb5<3\xe2s\x8d\xd4\xd6A%\x8e\x00t\
\x80l\x13\x04\x08\x8cJ`\xf0\x9f\xfcF5\x1a\xddt\
\xf6-\xb1\x99\xfbE\x143\xf9'\x8b\x04 \x15\x14\x02\
\x04\x084'pVsU\xa9i\xe0\x02\x17G\xfb\xf2\
S\x7f\xc6%\x03o\xeb6\xcd\x93\x00lC\xe2\x0d\x02\
\x04\x08\xac$\x90\xbf\x00\xa8\xd4/\xf0\x8e\xe8b~\xe5\
3?\xfd+\x04\x08\x10 @`\xd3\x7f\x08\x83\x1bE\
\xb5\x06?\x8a\xb1\xcd\xdb\xf9*\x04\x08\x10 @`\x1b\
\x81\xfc\xfa\x97$\xa0.\x83\xebbL_\x13Q\xcd\xd7\
<\x9d\x02\xd8\xe6\xdf\xad7\x08\x10 \xb0\xb2\xc0{V\
\xaeA\x05C\x12\xf8p4\xe6\xe0\x88\xe7F\xe4y\x7f\
\x85\x00\x01\x02\x04\x08\xcc\x14\xb8W\xbc\xeb\x08@\xf9\x06\
\xf9\xd5>\x87\xfbg\xee\xe2\xde$@\x80\x00\x81\xf5\x04\
N\x8e?H\x02\xca48/\xc6\xee\x8f#v[o\
p\xbdO\x80\x00\x01\x02\x04\xd6\x138<\xfe \x01(\
\xcb\xe0\xa71f\xc7E\xdc|\xbdA\xf5>\x01\x02\x04\
\x08\x10\x98G \xef\x09/\x09\x18\xbe\xc1\x8fc\x9c^\
\x14\xe16\xce\xf3\xec\xd5\x96!@\x80\x00\x81\x0d\x05\xf6\
\x8f%\xf2\x061\x92\x80a\x1a|=\xc6\xe6\xbfF\xec\
\x1a\xa1\x10 @\x80\x00\x81F\x05\x9e\x1a\xb5I\x00\x86\
c\x90?\xd8\xf3\xc1\x88GE\xec\x10\xa1\x10 @\x80\
\x00\x81\xd6\x04\xfeW\xd4,\x09\xe8\xd7\xe0\xec\x18\x83\xbf\
\x898 B!@\x80\x00\x01\x02\x9d\x08\xe4'\xcd7\
EH\x02\xba5\xb82\xccO\x8cx\x5c\xc4\x8e\x11\x0a\
\x01\x02\x04\x08\x10\xe8\x5c o\xbc\xf6\x7f#$\x01\xed\
\x1a\x5c\x1e\xc6\x99l\xe5\xf7\xf7w\x8fP\x08\x10 @\
\x80\xc0 \x04\x9e\x1f\xad\xb8:B\x22\xd0\x9cA^\xc5\
\xff\x86\x88\xa7D\xec\x1d\xa1\x10 @\x80\x00\x81A\x0a\
\xe4o\xc7\x9f\x1a!\x09X\xce\xe0\xb2\xb0\xfbh\xc4_\
D\x1c\x1a\xe1b\xbe@P\x08\x10 @\xa0\x0c\x81<\
'\xfd\x07\x11gEH\x04\xb6o\xf0\xc30z[D\
\x1e=\xc9\xe4i\xa7\x08eE\x01Y\xd3\x8a\x80V'\
@\x80\xc0\x8a\x02\xbb\xc4\xfaO\x8bxv\xc4\xe1\x11y\
\xad\xc0\x18K&Ay(\xff\xf4\x88\xfc5\xc5\xd3\x22\
\xbe\xb69\xf2^\x0aJ\xc3\x02\x12\x80\x86AUG\x80\
\x00\x81\x15\x04~%\xd6=\x22\xe2\xc1\x11\x07E\xdc%\
\xe2\x16\x11\xfbD\x94T\xae\x89\xc6^\xb1\xb9\xc1y\xb8\
>\x7fJ\xf7\xd2\x88\x9fD\x5c\x18q\xc1\xe6\xc7\xf3\xe3\
\xf1\x8c\x88\xfc\x84\x7ff\xc4U\x11JG\x02\xff\x1fv\
\x11\xdbVZm2m\x00\x00\x00\x00IEND\xae\
B`\x82\
\x00\x00\x1ag\
\x89\
PNG\x0d\x0a\x1a\x0a\x00\x00\x00\x0dIHDR\x00\
\x00\x02\x00\x00\x00\x02\x00\x08\x06\x00\x00\x00\xf4x\xd4\xfa\
\x00\x00\x00\x04sBIT\x08\x08\x08\x08|\x08d\x88\
\x00\x00\x00\x09pHYs\x00\x00\x0e\xc4\x00\x00\x0e\xc4\
\x01\x95+\x0e\x1b\x00\x00\x00\x19tEXtSof\
tware\x00www.inksca\
pe.org\x9b\xee<\x1a\x00\x00\x19\xe4ID\
ATx\x9c\xed\xdd}\xb0mw]\xdf\xf1\xf79\x81\
\x00\x9a\x84$\xc5PQ\x14\x08\x90@\xf0\x81\x08>\x1b\
eD\xea\x88VQ\x11\xc1\x07Z+\x14gZ\x9fF\
glg\xda\xd1\xe9t\xa6\x95\x01\xb5N\x1fl\xa7\x15\
\xad\xc6\xca8\xb5-\xd0\x96\xa6\xad\x95\x87\x0a>\x02I\
h\xc2 \xa28-\xc4\x90\x5cHD\x13\xc8\xbd\xfdc\
\xdd\xa3\x97\xeb\xbd\xb9\xf7\x9c\xbb\xcf\xfe\xed\xb3\x7f\xaf\xd7\
\xccwH\xee\xbd\xd9\xfb\xbb\xd6\x97\xdf]\x9f\xb3\xd6\xde\
k\xedt\xf8\xae\xaan\xa8\xae\xab\xae\xad\x9e\x5c]Q\
]^]r\xf2\xcf\xdc[\x1d\xab\xee\xaen\xafn\xab\
n\xad\xdeX\xdd\xb1\x86\x1e\x01\x80\x15xf\xf5\xca\xea\
\xe6\xeaxu\xe2\x80u\xfc\xe4k\xbc\xa2z\xc6Z\xb7\
\x00\x008/\x97U?P\xbd\xb3\x83\x1f\xf0\xcfU\xb7\
\x9e|\x8fK\xd7\xb4M\x00\xc0Y\x5cY\xfdHuW\
\x87w\xe0?\xbd\xee\xaa~\xb8\xe5R\x02\x00\xb0F;\
\xd5\xb7\xb7\x5c\xa3_\xd7\x81\xff\xf4\xfa`\xf5=\xd5\xee\
!o+\x00P=\xb1zs\xe3\x0e\xfc\xa7\xd7\x9b\xaa\
\xab\x0fu\x8b\x01`r\xcfk\xf9\xb4\xfe\xe8\x83\xfe\xe9\
\xf5\xe1\xea\x9b\x0fq\xbb\x01`J\xbb\xd5\x8f5\xfe@\
\x7f\xaezE.\x09\x00\xc0J\x5c\x5c\xdd\xd8\xf8\x83\xfb\
\xf9\xd6\xcfW\x0f=\x94=\x01\x00\x93\xb8\xb8z]\xe3\
\x0f\xea\xfb\xad\xd7&\x04\x00\xc0\x81\xecT?\xd3\xf8\x83\
\xf9A\xeb\xc6\x5c\x0e\x00\x80};\x0a\xd7\xfc\xcfU/\
_\xf9^\x01\x80-\xf6\xfc\xc6\x1f\xbcWU/\x5c\xf1\
\xbe\x01\x80\xadtu\xcb\xc3yF\x1f\xb8WU\xc7\xaa\
'\xact\x0f\x01\xc0\x96\xd9i\xb3n\xf2\xb3\xaaz\xc3\
\xc9m\x03\x00\xce\xe0;\x1b\x7f\xb0>\xacz\xf1\x0a\xf7\
\x13\x00l\x8d+\xab?j\xfc\x81\xfa\xb0\xea\x03\xd5\xe5\
+\xdb[\x00pD\x9d\xfe\x15\xb9\xef\xad\x1e5\xa2\x91\
5\xb9\xaa\xfa\xee\xd1M\x00\xc0&\xb9\xac\xf5>\xd2w\
T}\xb0\xbatE\xfb\x0c\x00\x8e\xa4S\xcf\x00\xbc\xb4\
\xbabT#kte\xf5\x92\xd1M\x00\xc0\xa6\xb8\xb9\
\xf1?\x9d\xaf\xabn]\xd1>\x03\x80#\xed\x99\x8d?\
(\xaf\xbb\x9e\xbe\x92=\x07\x00G\xd0\xde%\x80\x19\xef\
\x94\xf7\xa2\xd1\x0d\x00\xc0({\x01\xe09C\xbb\x18\xe3\
\xd9\xa3\x1b\x00\x80QvZ\xbe\x1a\xf7\xfe\xe6\xbbK\xde\
\x89\x96m\xbfst#\x00\xb0n\xbb\xd5\x0d\xcdw\xf0\
\xafe\x9bo\x18\xdd\x04\x00\x8c\xb0[=mt\x13\x03\
]7\xba\x01\x00\x18a\xb7\xbaft\x13\x03\xcd\xbc\xed\
\x00Ll\xb7z\xd2\xe8&\x06z\xf2\xe8\x06\x00`\x84\
\xdd\xb6\xfb\xde\xff\xe72\xf3\xb6\x030\xb1\xdd\xe6\xbe/\
\xfe\xcc\xdb\x0e\xc0\xc4v\xabKF71\x90\x00\x00\xc0\
\x94vZ\xbe\x0f?\xb3\x19\xbf\x02\x09\xc0\xe4v\xcf\xfd\
G\x00\x80m#\x00\x00\xc0\x84\x04\x00\x00\x98\x90\x00\x00\
\x00\x13\x12\x00\x00`B\x02\x00\x00LH\x00\x00\x80\x09\
\x09\x00\x000!\x01\x00\x00&$\x00\x00\xc0\x84\x04\x00\
\x00\x98\x90\x00\x00\x00\x13\x12\x00\x00`B\x02\x00\x00L\
H\x00\x00\x80\x09\x09\x00\x000!\x01\x00\x00&$\x00\
\x00\xc0\x84\x04\x00\x00\x98\x90\x00\x00\x00\x13\x12\x00\x00`\
B\x02\x00\x00LH\x00\x00\x80\x09\x09\x00\x000!\x01\
\x00\x00&$\x00\x00\xc0\x84\x04\x00\x00\x98\x90\x00\x00\x00\
\x13\x12\x00\x00`B\x02\x00\x00LH\x00\x00\x80\x09\x09\
\x00\x000!\x01\x00\x00&$\x00\x00\xc0\x84\x04\x00\x00\
\x98\x90\x00\x00\x00\x13\x12\x00\x00`B\x02\x00\x00LH\
\x00\x00\x80\x09\x09\x00\x000!\x01\x00\x00&$\x00\x00\
\xc0\x84\x04\x00\x00\x98\x90\x00\x00\x00\x13\x12\x00\x00`B\
\x02\x00\x00LH\x00\x00\x80\x09\x09\x00\x000!\x01\x00\
\x00&$\x00\x00\xc0\x84\x04\x00\x00\x98\x90\x00\x00\x00\x13\
z\xc8\xe8\x06\x80\xadwq\xf5\xc4\xea\xda\xea\x9a\xea\xf2\
\x93u\xc9\xc9\xdf\xbf\xb7:V\xdd]\xbd\xab\xba\xadz\
wu\xff\xda;\x85\x89\x08\x00\xc0\xaa\xedT\x9f_=\
\xa7z\xd6\xc9\x7f~\xd8>_\xe3\xbe\xea\xd7\xaa_\xa9\
n\xaa\xdeR\x9dXa\x8f@\xcb\xa2\x9a\xb9\x80\xd5\xb8\
\xba\xfa\x91\xea=\xad~\x9d\xfe\xee\xc9\xd7~\xc2\xda\xb6\
\x06&0\xfa\x00<\xba\x80\x0b\xf3\xb4\xeag\xab\x8fv\
\xf8\xeb\xf5\x81\xea5\xd5\xe7\xace\xcb`\xcb\x8d>\x00\
\x8f.\xe0`>\xa5\xfaw\xd5\xf1\xd6\xbfn\x8fW\xbf\
P=\xe6\xd0\xb7\x12\xb6\xd8\xe8\x03\xf0\xe8\x02\xf6\xe7\xa2\
\xea\xfb\xab\x0f7~\xfd~\xa8\xfa\xbe\x93=\x01\xfb4\
z\x01\x8f.\xe0\xfc]U\xbd\xbe\xf1\xeb\xf6\xf4\xfa\x95\
\x9c\x0d\x80}\x1b\xbdpG\x17p~\x9eU\xbd\xbf\xf1\
k\xf6l\xf5\xff\xaa/=\xb4\xad\x87-4z\xd1\x8e\
.\xe0\xdc\xbe\xae\xfa\x93\xc6\xaf\xd7s\xd5}\xd5\x0b\x0e\
i\x1f\xc0\xd6\x19\xbd`G\x17\xf0\xe0^\xd6\xf2\xe9\xfb\
\xd1k\xf5|\xebc\xd5\xdf<\x94=\x01[f\xf4b\
\x1d]\xc0\xd9\xbd\xa8\xa3u\xf0\xdf\xab\xe3\xd5\x8b\x0fa\
\x7f\xc0V\x19\xbdPG\x17pf\xcfn9\xa5>z\
\x8d\x1e\xb4\xee\xaf\xber\xe5{\x05\xb6\xc4N\x0e\x82;\
\xa3\x1b\x80\x0d\xf4\xc4\xea\xb7\xaa\xcbF7r\x81\xee\xa9\
\x9e\xd1\xf2\x8c\x01\xe0\x14\x9e\x06\x08\x9c\xeea\xd5/v\
\xf4\x0f\xfeU\x97V\xaf\xae\x1e>\xba\x11\xd84\x02\x00\
p\xba\x7f\x5c]?\xba\x89\x15\xfa\xac\xea\x1f\x8en\x02\
6\x8dK\x00.\x01\xc0\xa9\xae\xaf~\xbd\xed\xbb\xb3\xde\
\x03-\x97\x02\xde6\xba\x11\xd8\x14\xce\x00\x00{v\xab\
\x7f\xda\xf6\x1d\xfck\xd9\xa6\x9f\xca\xdfy\xf0g,\x06\
`\xcf\x0b\xaa\xcf\x1f\xdd\xc4!\xfa\xdc\xea\x1bF7\x01\
\x9b\xc2%\x00\x97\x00\xa0\x96u\xf0\xf6\xea3F7r\
\xc8\xde^==\x7f\xef\x813\x00@U_\xd3\xf6\x1f\
\xfck\xf9@\xe0sG7\x01\x9b@\x00\x00\xaa\xbek\
t\x03k\xf4\xb2\xd1\x0d\xc0&p\x09\xc0%\x00xt\
\xf5\x87\xd5CF7\xb2&\x1f\xab\x1e\xdb\xf2dC\x98\
\x963\x00\xc0\xb76\xcf\xc1\xbf\x96m\xf5\xc4@\xa6'\
\x00\x003^\x13\xff\xaa\xd1\x0d\xc0h.\x01\xb8\x04\xc0\
\xdc\x1e^\xddU=bt#k\xf6\x91\xea\xca\x96\x87\
\x1d\xc1\x94\x9c\x01\x80\xb9}A\xf3\x1d\xfc\xab>\xa1\xfa\
\xbc\xd1M\xc0H\x02\x00\xccm\x9b\xee\xf9\xbf_3o\
;\x08\x000\xb9kF70\xd0\xcc\xdb\x0e\x02\x00L\
n\xe6\x83\xe0\xcc\xdb\x0e\x02\x00L\xeeSF70\xd0\
\xa7\x8en\x00F\x12\x00`n\x97\x8en`\xa0\x99\xb7\
\x1d\x04\x00\x98\xdc%\xa3\x1b\x18H\x00`j\xee\x03\xe0\
>\x00\xcc\xedx\xf3\xae\x81\x13\xf9!\x88\x89\xf9??\
\xccm\xd6\x83\x7f\xcd\xbd\xed \x00\x00\xc0\x8c\x04\x00\x00\
\x98\x90\x00\x00\x00\x13\x12\x00\x00`B\x02\x00\x00LH\
\x00\x00\x80\x09\x09\x00\x000!\x01\x00\x00&$\x00\x00\
\xc0\x84\x04\x00\x00\x98\x90\x00\x00\x00\x13\x12\x00\x00`B\
\x02\x00\x00LH\x00\x00\x80\x09\x09\x00\x000!\x01\x00\
\x00&$\x00\x00\xc0\x84\x04\x00\x00\x98\x90\x00\x00\x00\x13\
\x12\x00\x00`B\x02\x00\x00LH\x00\x00\x80\x09\x09\x00\
\x000!\x01\x00\x00&$\x00\x00\xc0\x84\x04\x00\x00\x98\
\x90\x00\x00\x00\x13\x12\x00\x00`B\x02\x00\x00LH\x00\
\x00\x80\x09\x09\x00\x000!\x01\x00\x00&$\x00\x00\xc0\
\x84\x04\x00\x00\x98\x90\x00\x00\x00\x13\x12\x00\x00`B\x02\
\x00\x00LH\x00\x00\x80\x09\x09\x00\x000!\x01\x00\x00\
&$\x00\x00\xc0\x84\x04\x00\x00\x98\x90\x00\x00\x00\x13\x12\
\x00\x00`B\x02\x00\x00LH\x00\x00\x80\x09\x09\x00\x00\
0!\x01\x00\x00&$\x00\x00\xc0\x84\x04\x00\x00\x98\x90\
\x00\x00\x00\x13\x12\x00\x00`B\x02\x00\x00LH\x00\x00\
\x80\x09\x09\x00\x000!\x01\x00\x00&$\x00\x00\xc0\x84\
\x04\x00\x00\x98\x90\x00\x00\x00\x13\x12\x00\x00`B\x02\x00\
\x00LH\x00\x00\x80\x09\x09\x00\x000!\x01\x00\x00&\
$\x00\x00\xc0\x84\x04\x00\x00\x98\x90\x00\x00\x00\x13\x12\x00\
\x00`B\x02\x00\x00LH\x00\x00\x80\x09\x09\x00\x000\
!\x01\x00\x00&$\x00\x00\xc0\x84\x1e2\xba\x01\xb6\xde\
U\xd5\x0d\xd5u\xd5\xb5\xd5\x93\xab+\xaa\xcb\xabKN\
\xfe\x99{\xabc\xd5\xdd\xd5\xed\xd5m\xd5\xad\xd5\x1b\xab\
;\xd6\xdc/\xb0:\xd6\xff\x86;1y\xb1z\xcf\xac\
^Y\xdd\x5c\x1d\xef\xe0\xb39~\xf25^Q=c\
\xad[0\x8f\xd1\xebot\xb1z\xd6\xff\x112z\x01\
\x8e.V\xe3\xb2\xea\x07\xaawvx\xb3\xba\xf5\xe4{\
\x5c\xba\xa6m\x9a\xc1\xe8\xf57\xbaX\x0d\xeb\xff\x88\x1a\
\xbd\x00G\x17\x17\xe6\xca\xeaG\xaa\xbbZ\xdf\xcc\xee\xaa\
~\xb8\xe5T\x22\x17f\xf4\xfa\x1b]\x5c\x18\xeb\xff\x88\
\x1b\xbd\x00G\x17\x07\xb3S}{\xcb5\xbaQ\xb3\xfb\
`\xf5=\xf90\xeb\x85\x18\xbd\xfeF\x17\x07c\xfdo\
\x89\xd1\x0bpt\xb1\x7fO\xac\xde\xdc\xf8\xd9\xed\xd5\x9b\
\xaa\xab\x0fu\x8b\xb7\xd7\xe8\xd9\x8d.\xf6\xcf\xfa\xdf\x22\
\xa3\x877\xba\xd8\x9f\xe7\xb5|Zw\xf4\xdcN\xaf\x0f\
W\xdf|\x88\xdb\xbd\xadF\xcfmt\xb1?\xd6\xff\x96\
\x19=\xb8\xd1\xc5\xf9\xd9\xad~\xac\xf1\xf3:W\xbd\x22\
\xa7\x04\xf7c\xf4\xbcF\x17\xe7\xc7\xfa\xdfR\xa3\x076\
\xba8\xb7\x8b\xab\x1b\x1b?\xab\xf3\xad\x9f\xaf\x1ez(\
{b\xfb\x8c\x9e\xd5\xe8\xe2\xdc\xac\xff-6zX\xa3\
\x8b\x07wq\xf5\xba\xc6\xcfi\xbf\xf5\xda\xfc%p>\
F\xcfit\xf1\xe0\xac\xff-7zP\xa3\x8b\xb3\xdb\
\xa9~\xa6\xf13:h\xdd\x98\xd3\x81\xe72zF\xa3\
\x8b\xb3\xb3\xfe'0zH\xa3\x8b\xb3;\x0a\xd7\xfc\xce\
U/_\xf9^\xd9.\xa3\xe73\xba8;\xeb\x7f\x02\
\xa3\x074\xba8\xb3\xe77~6\xab\xaa\x17\xaex\xdf\
l\x93\xd1\xb3\x19]\x9c\x99\xf5?\x81\x9d,\x82\x9d\xd1\
\x0dl\xa0\xab\xab\xdf\xaa\x1e9\xba\x91\x15\xf9Pu}\
\xf5\x9e\xd1\x8dl \xeb\x9f\xd3Y\xff\x93p}\x84\xd3\
\xedT?\xdb\xf6,\xfeZ\xb6\xe5U\xf9\xcb\x1e\xce\xc5\
\xfa\x9f\x88\x00\xc0\xe9\xfeF\xf5\x85\xa3\x9b8\x04_\xd2\
r\xebR\xe0\xec\xac\xff\x89\xb8\x04 \x15\x9e\xea\xca\x96\
\xe7q?jt#\x87\xe4\x8e\xea\x9a\x96g\x8f\xb3\xb0\
\xfe\xd9c\xfdO\xc6\x19\x00N\xf5\xbdm\xef\xe2\xaf\xba\
\xaa\xfa\xee\xd1M\xc0\x86\xb2\xfe'\xe3\x0c\x80\x9f\x00\xf6\
\x5cV\xbd\xb7\xed\x7f\xc4\xe6]\xd5\xe3\xaa{\x06\xf7\xb1\
)\xac\x7f\xca\xfa\x9f\x923\x00\xecyi\xdb\xbf\xf8k\
9\xcd\xf9\x92\xd1M\xc0\x86\xb1\xfe'\xe4\x0c\x80\x9f\x00\
\xf6\xdc\x5c=mt\x13k\xf2\xce\xea\xba\xd1Ml\x08\
\xeb\x9f\xb2\xfe\xa7\xe4\x0c\x00U\xcfl\x9e\xc5_\xf5\xd4\
\xea\xe9\xa3\x9b\x80\x0da\xfdOJ\x00\xa0\xe6\xbcS\xd6\
\x8bF7\x00\x1b\xc2\xfa\x9f\x94\x00@\xd5sF70\
\xc0\xb3G7\x00\x1b\xc2\xfa\x9f\x94\xcf\x00\xb8\x06xU\
\xf5\xfe\xe6\xdb\x0f'Z\xb6\xfd\xce\xd1\x8d\x0cf\xfd\xcf\
\xcd\xfa\x9f\x983\x00\xdc\xd0|\x8b\xbf\x96m\xbeat\
\x130\x98\xf5?1\x01\x80\x99>\xfcs:\x9f\x04f\
v\xd6\xff\xc4\x04\x00\xae\x19\xdd\xc0@3o;\xd4\xdc\
k`\xe6m\xaf\x04\x00\xeaI\xa3\x1b\x18\xe8\xc9\xa3\x1b\
\x80\xc1\xac\xff\x89\x09\x00l\xf3\xbd\xbf\xcfe\xe6m\x87\
\x9a{\x0d\xcc\xbc\xed\x95\x00@]:\xba\x81\x81f\xde\
v\xa8\xb9\xd7\xc0\xcc\xdb^\x09\x00\xd4%\xa3\x1b\x18h\
\xfa\xbf\x00\x98\x9e\xf5?1\xf7\x01\x98\xf3+0\xa72\
\xff\xb9\x99\xff\xdc\xcc\x7fb\xce\x00\x00\xc0\x84\x04\x00\x00\
\x98\x90\x00\x00\x00\x13\x12\x00\x00`B\x02\x00\x00LH\
\x00\x00\x80\x09\x09\x00\x000!\x01\x00\x00&$\x00\x00\
\xc0\x84\x04\x00\x00\x98\x90\x00\x00\x00\x13\x12\x00\x00`B\
\x02\x00\x00LH\x00\x00\x80\x09\x09\x00\x000!\x01\x00\
\x00&$\x00\x00\xc0\x84\x04\x00\x00\x98\x90\x00\x00\x00\x13\
\x12\x00\x00`B\x02\x00\x00LH\x00\x00\x80\x09\x09\x00\
\x000!\x01\x00\x00&$\x00\x00\xc0\x84\x04\x00\x00\x98\
\x90\x00\x00\x00\x13\x12\x00\x00`B\x02\x00\x00LH\x00\
\x00\x80\x09\x09\x00\x000!\x01\x00\x00&$\x00\x00\xc0\
\x84\x04\x00\x00\x98\x90\x00\x00\x00\x13\x12\x00\x00`B\x02\
\x00\x00LH\x00\x00\x80\x09\x09\x00\x000!\x01\x00\x00\
&$\x00\x00\xc0\x84\x04\x00\x00\x98\x90\x00\x00\x00\x13\x12\
\x00\x00`B\x02\x00\x00LH\x00\x00\x80\x09\x09\x00\x00\
0!\x01\x00\x00&$\x00\x00\xc0\x84\x04\x00\x00\x98\x90\
\x00\x00\x00\x13\x12\x00\x00`B\x02\x00\x00LH\x00\x00\
\x80\x09\x09\x00\x000!\x01\x00\x00&$\x00\x00\xc0\x84\
\x04\x00\x00\x98\x90\x00\x00\x00\x13\x12\x00\x00`B\x02\x00\
\x00LH\x00\x00\x80\x09\x09\x00\x000!\x01\x00\x00&\
$\x00\x00\xc0\x84\x04\x00\x00\x98\x90\x00\x00\x00\x13\x12\x00\
\x00`B\x02\x00\x00LH\x00\x00\x80\x09\x09\x00\x000\
!\x01\x00\x00&$\x00\x00\xc0\x84\x04\x00\x00\x98\x90\x00\
\x00\x00\x13\x12\x00\x00`B\x02\x00\x00LH\x00\x00\x80\
\x09\x09\x00\x000!\x01\x00\x00&$\x00\x00\xc0\x84\x04\
\x00\x00\x98\x90\x00\x00\x00\x13\x12\x00\x00`B\x02\x00\x00\
LH\x00\x00\x80\x09\x09\x00\x000!\x01\x00\x00&$\
\x00\x00\xc0\x84\x04\x00\x00\x98\x90\x00\x00\x00\x13\x12\x00\x00\
`B\x02\x00\x00LH\x00\x00\x80\x09\x09\x00\x000!\
\x01\x00\x00&$\x00\x00\xc0\x84\x04\x00\x00\x98\x90\x00\x00\
\x00\x13\x12\x00\x00`B\x02\x00\x00LH\x00\x00\x80\x09\
\x09\x00\x000!\x01\x00\x00&$\x00\x00\xc0\x84\x04\x00\
\x00\x98\x90\x00\x00\x00\x13\x12\x00\x00`B\x02\x00\x00L\
H\x00\x00\x80\x09\x09\x00\x000!\x01\x00\x00&$\x00\
\x00\xc0\x84\x04\x00\x00\x98\x90\x00\x00\x00\x13\x12\x00\x00`\
B\x02\x00\x00LH\x00\x00\x80\x09\x09\x00\x000!\x01\
\x00\x00&$\x00\x00\xc0\x84\x04\x00\x00\x98\x90\x00\x00\x00\
\x13\x12\x00\x00`B\x02\x00\x00LH\x00\x00\x80\x09\x09\
\x00\x000!\x01\x80\xfbG70\xd0}\xa3\x1b\xd8\x00\
\xe6?7\xf3\x9f\x98\x00\xc0\xbd\xa3\x1b\x18\xe8\x9e\xd1\x0d\
l\x00\xf3\x9f\x9b\xf9OL\x00`\xe6E0\xf3\xb6\xef\
\x99y\x1f\xcc\xbc\xed{f\xde\x073o{%\x00P\
w\x8en`\xa0\x99\xb7}\xcf\xcc\xfb`\xe6m\xdf3\
\xf3>\x98y\xdb+\x01\x80z\xd7\xe8\x06\x06\xba}t\
\x03\x1b\xc0\xfc\xe7f\xfe\x13\x13\x00\x98y\x11\xcc\xbc\xed\
{f\xde\x073o\xfb\x9e\x99\xf7\xc1\xcc\xdb^\x09\x00\
\xd4-\xa3\x1b\x18\xe8\xd6\xd1\x0dl\x00\xf3\x9f\x9b\xf9O\
l\xa7:1\xba\x89\xc1vF70\xd8U\xd5\xfb\x9b\
o?\x1c\xaf\x1e\x9d\xeb\x80\xe6?7\xf3\x9f\x983\x00\
\xdc\xd1\x9cI\xf8\xedM\xbe\xf8O2\xff\xb9\x99\xff\xc4\
\x04\x00\xaan\x1a\xdd\xc0\x00\xff}t\x03\x1b\xc4\xfc\xe7\
f\xfe\x93\x12\x00\xa8\xbaqt\x03\x03\xcc\xb8\xcdg3\
\xe3\xbe\x98q\x9b\xcff\xc6}1\xe36\x9f\xd1\x89\xc9\
\x8b\xc5\xcd\x8d\x9f\xc5\xbaj\xc6S\x9e\xe7b\xfes3\
\xff\x099\x03\xc0\x9e\x9f\x19\xdd\xc0\x1a\xfd\xeb\xd1\x0dl\
 \xf3\x9f\x9b\xf9O\xc8\xb7\x00\xe6\xfb\xf4\xeb\xd9\x5cZ\
\xfd~u\xc5\xe8F\x0e\xd9]\xd5\xe3r\x1b\xd0\xd3\x99\
\xff\xdc\xcc\x7fB\xce\x00\xb0\xe7\x9e\xea'G7\xb1\x06\
?\x9e\xc5\x7f&\xe6?7\xf3\x9f\xd4\xe8\xeb1\xa3\x8b\
?wE\xcb\xd7\x82F\xcf\xe4\xb0\xea\xfd\xd5#W\xb6\
\xb7\xb6\x8f\xf9\xcf\xcd\xfc'4z(\xa3\x8b\x8f\xf7\x1d\
\x8d\x9f\xc9a\xd5\xb7\xadp?m+\xf3\x9f\x9b\xf9O\
f\xf4PF\x17\x1fo\xa7zS\xe3\xe7\xb2\xea\xfa\xd5\
|\xde\xe3|\x98\xff\xdc\xcc\x7f2\xa3\x073\xba\xf8\x8b\
\xae\xae\x8e5~6\xab\xaa\xbb\xab'\xact\x0fm7\
\xf3\x9f\x9b\xf9Od\xf4pF\x17g\xf6\x8d\x8d\x9f\xcd\
\xaa\xea\xebW\xbcof`\xfes3\xffI\x8c\x1e\xce\
\xe8\xe2\xec^\xd1\xf8\xf9\x5ch\xfd\xe3\x95\xef\x95y\x98\
\xff\xdc\xcc\x7f\x02\xa3\x074\xba8\xbb\x9d\xea\xa7\x1b?\
\xa3\x83\xd6\xcf\xe7\xab\xae\x17\xc2\xfc\xe7f\xfe\x13\x18=\
\xa4\xd1\xc5\x83{h\xf5\xba\xc6\xcfi\xbf\xf5\x9a\x93\xbd\
sa\xcc\x7fn\xe6\xbf\xe5F\x0fjtqn\x0fi\
\xb9}\xe6\xe8Y\x9do\xfd\xdb,\xfeU2\xff\xb9\x99\
\xff\x16\x1b=\xac\xd1\xc5\xf9\xd9\xa9^\xde\xf8y=X\
\x1do\xb9\xe6\xe7\xeb>\xabg\xfes3\xff-5z\
h\xa3\x8b\xfd\xf9\xba\x96\xfbi\x8f\x9e\xdb\xe9\xf5\xa1\xea\
\x9b\x0eq\xbbY\x98\xff\xdc\xcc\x7f\xcb\x8c\x1e\xdc\xe8b\
\xff\x9eP\xbd\xa1\xf1\xb3\xdb\xab_\xad\x1e\x7f\xa8[\xcc\
\xa9\xcc\x7fn\xe6\xbfEF\x0fotq0;\xd5\xb7\
W\x1fh\xdc\xec>X\xbd4\xa7\xfcF0\xff\xb9\x99\
\xff\x96\x18}\x00\x1e]\x5c\x98\xcb\xab\xbf\xdf\xb2\x18\xd7\
5\xb3;\xab\xbf\x97\x07{l\x02\xf3\x9f\x9b\xf9\x1fq\
\xa3\x0f\xc0\xa3\x8b\xd5\xb8\xa4\xfa\xfe\xea\x96\x0eoV7\
W\xdfw\xf2\xbd\xd8,\xe6?7\xf3?\xa2F\x1f\x80\
G\x17\xab\xf7\xf4\x96O\x0c\xbf\xadz\xa0\x83\xcf\xe6\x81\
\xeaw\xaa\x1f\xad>{\xad[\xc0\x850\xff\xb9\x99\xff\
\x11\xb1\x93\x83\xa0\xebG\x87\xebQ\xd5\x0d\xd5S\xab\xa7\
TO\xae\xael9u\xb8\x97\xe4\xefmy\xf8\xc8]\
\xd5\xed\xd5m\xd5\xad\xd5\x1b[N\xf7qt\x99\xff\xdc\
\xcc\x7f\x83\x09\x00\x02\x00\x00\x13r\x9fd\x00\x98\x90\x00\
\x00\x00\x13\x12\x00\x00`B\x02\x00\x00LH\x00\x00\x80\
\x09\x09\x00\x000!\x01\x00\x00&$\x00\x00\xc0\x84\x04\
\x00\x00\x98\x90\x00\xe0N\x80\x00Lh\xb7\xfa\xe8\xe8&\
\x06{\xc4\xe8\x06\x00`\xddv\xab\xfbG71\x98G\
K\x020\x1d\x01\xa0.\x1d\xdd\x00\x00\xac\x9b\x00 \x00\
\x000\xa1\xdd\xea\xbe\xd1M\x0c\xe6\x12\x00\x00\xd3\x11\x00\
\xea/\x8fn\x00\x00\xd6m\xb7:6\xba\x89\xc1\x9e<\
\xba\x01\x00X\xb7\xdd\xea\xce\xd1M\x0cv\xcd\xe8\x06\x00\
`\xddv\xab\x0f\x8enb\xb0kG7\x00\x00\xeb\xe6\
\x0c\x803\x00\x00L\xc8\x19\x80zd\xf5\xd8\xd1M\x00\
\xc0:9\x03\xb0\xf8\xd2\xd1\x0d\x00\xc0:\xedV\xef\x1b\
\xdd\xc4\x06x\xd6\xe8\x06\x00`\x9dv\xab\xdf\x1b\xdd\xc4\
\x06x\xf6\xe8\x06\x00`\x9dvZ\x9e\x86\xf7\xc7y,\
\xee\xd5\xd5{F7\x01\x00\xeb\xb0[\xfdIu\xc7\xe8\
F6\xc0W\x8cn\x00\x00\xd6e\xf7\xe4\xff\xbewd\
\x13\x1b\xe2\x85\xa3\x1b\x00\x80u\xd9\x0b\x00N}\xd7\x0d\
\xd5\xe3F7\x01\x00\xeb\xb0\x17\x00n\x19\xda\xc5f\xd8\
\xa9\xbeet\x13\x00\xb0\x0e{\x01\xe0\x1dC\xbb\xd8\x1c\
/\xce\x87!\x01\x98\xc0^\x00\xb8yh\x17\x9b\xe3I\
\xd5\x17\x8dn\x02\x00\xd6e\xa7\xba\xbb:\xa1z\xed\x05\
\xeeK\x00\xd8x{g\x00N\xe4,\xc0\x9e\xe7V\x9f\
3\xba\x09\x008L\xbb\xa7\xfc\xf3\xdb\x86u\xb1y~\
ht\x03\x00p\x98N\x0d\x00o\x1e\xd6\xc5\xe6\xf9\xfa\
\xea\xba\xd1M\x00\xc0:<\xb6\xf1\xd7\xdf7\xa9\xfe\xfd\
\x85\xedN\x008:\xfe\xa0\xf1\x07\xdeM\xaa\xaf\xbe\xb0\
\xdd\x09\x00\x9bi\xf7\xb4\x7fw\x19\xe0\xe3\xfdx\xf5\xf0\
\xd1M\x00\xc0\xaa]t\xda\xbf\x7fr\xf5U#\x1a\xd9\
PWV\x0fT\xffkp\x1f\x00p\xa8\x9e\xda\xf8\xd3\
\xee\x9bV\x7fR=\xe5Bv*\x00\x1c\x05\xefm\xfc\
Aw\xd3\xea\x96\xea\x13.`\x9f\x02\xc0F9\xfd\x12\
@-?\xed\xba\x11\xce\xc7\xbb\xaazt\xf5\x9a\xd1\x8d\
\x00\xc0*\x9c)\x00<\xa4\xfa\xe6u7r\x04\x5c\xdf\
\xf2\xd8d\x0fN\x02`+]Z\xdd\xd7\xf8\xd3\xee\x9b\
X\xf7\xe4\x06A\x00l\x81\xd3\xbf\x06X\xcbA\xee\x8d\
\xebn\xe4\x88\xb8\xa4\xfa\xaf-7M\x02\x80#\xebL\
\x01\xa0\xea\x97\xd6\xda\xc5\xd1\xf2\xa9\xd5\xffh\xf9\x5c\x00\
\x00l\x95GU\x1fm\xfc)\xf7M\xae\xb7\xb6\x9c\x11\
\x00\x80\xadrS\xe3\x0f\xb2\x9b^\xaf\xaf>\xf1\xa0;\
\x18\x00F9\xdb%\x80\xaa_\x5c[\x17G\xd7s\xaa\
_\xa9>it#\x00\xb0*W\xe4\xdb\x00\xe7[\xef\
\xac>\xed`\xbb\x19\x006\xcf/7\xfe\xe0zT\xea\
}\xf9\x8a \x00[\xe2\xb9\x8d?\xb0\x1e\xa5\xfaH\xf5\
\x9d\x07\xda\xd3\x00\xb0Av\xab\xdfo\xfc\x81\xf5\xa8\xd5\
\xcf\xe6\xc3\x81\x00l\xb0\x07\xfb\x10`\xd5\xf1\xeaUk\
\xe8c\xdb|[\xf5\x96\x96\xa7+\x02\xc0\x91\xf4\xd8\xea\
c\x8d\xff\xa9\xfa(\xd6\xfd\xd5O\xe4~\x01\x00\x1cQ\
\xafi\xfc\xc1\xf4(\xd7{\xaa\xaf\xde\xf7^\x07\x80\xc1\
\x9e\xd5\xf8\x83\xe86\xd4\x7f\xcc7\x05\x008b\xde\xda\
\xf8\x03\xe86\xd4\xf1\x963*\x9f\xbb\xbf\xdd\x0f\x00c\
\xbc\xb0\xf1\x07\xcfm\xab\xd7U_\xb2\x9f!\x00\xc0\xba\
]\xd4r-{\xf4As\x1b\xeb\xbd\xd5?\xaa\x9ex\
\xbe\xc3\x00\x80\x0bq\xd1>\xfe\xec\x89j\xa7\xfa\xcaC\
\xeaef\x97W_\x5c\xfd\xed\xea\xcb\xab\x87U\xc7\xaa\
\xbbF6\x05\xc0\xf6\xda\xd9\xe7\x9f\x7fD\xf5\xee\xea1\
\x87\xd0\x0b\x7f\xd1\x1f\xb4<l\xe8\x7fV\xbf\xdarS\
&\x00\xb8`\xfb\x0d\x00U\x7f\xab\xfa\xc9U7\xc2y\
\xf9p\xf5\xae\xea\xf6\xea\xb6\x93\xff\xfbG\xd5=-g\
\x0c\xee=Y\x7f<\xaaA\x00\x8e\x86\x83\x04\x80\x87\xb5\
\x1c\x84<\xfd\x0e\x00\x0e\xee\xa3-?\xb4\x1d\xab\xee\xee\
\xcf\x7f\xb8\xbb\xb5zcu\xc7a\xbe\xf9A\x02@\xd5\
K\xab\x9fZe#\x00\xc0\x9f9\xd1\x12\x04\xfe[\xf5\
\x0b\xd5o\xae\xfa\x0d\x0e\x1a\x00\x1eZ\xfd\x9f\xea\xea\x15\
\xf6\x02\x00\x9c\xd9;\xab\x9fn\xf9\xe1\xfb\x9eU\xbc\xe0\
~\xbe\x05p\xaa\xe3\xd5\xfb\xaa\x17\xac\xa2\x09\x00\xe0A\
}R\xf5\x9c\xeae-\x1f\xc8\x7f{\xf5\xa7\x17\xf2\x82\
\x07\x0d\x00\xb5\x5c\xa7\xf8\xa2\x9c\x05\x00\x80uyD\xf5\
e\xd5K\xaa\xfb\xaa\xdfh\xb9\x5c\xb0o\x07\xbd\x04\xb0\
\xe73\xab\xdf\xee\xc2\x82\x04\x00p0o\xae^\x5c\xfd\
\xee~\xff\xc3\x0b=p\x7f\xa0\xe5\x9e\x00\xcf\xb8\xc0\xd7\
\x01\x00\xf6\xef\xd3\xaa\xbf^\xfd^u\xcb~\xfe\xc3\x0b\
=\x03P\xcbu\x89\xdb\xaa+W\xf0Z\x00\xc0\xc1\xbc\
\xb2\xfa\xc1\x96\xcf\xe9\x9d\xd3*N\xdd\x7f\xa4\xba\xb3\xfa\
\xda\x15\xbc\x16\x00p0_P=\xa9\xe5\x89\xb3\xe7\x0c\
\x01\xab8\x03\xb0\xf7:7\xb5\xdc\xc7\x1e\x00\x18\xe7u\
\xd5\xf3Zn4tV\xab\x0a\x00U\x8fk\xb9\xfe\xf0\
\x89+|M\x00`\xff~\xa1\xfa\xd6\x1e\xe4L\xc0*\
?\xbd\x7f\xac%m|\xc5\x0a_\x13\x00\xd8\xbf\xcfh\
\xf9\x81\xfc\xa6\xb3\xfd\x81U\x9e\x01\xa8zH\xf5\xa6\xea\
\xf3V\xfc\xba\x00\xc0\xfe=\xbf\xfa\xa53\xfd\xc6\xaa\x03\
@\xd5\x13\xaa\xdf\xa9.;\x84\xd7\x06\x00\xce\xdf\x87\xaa\
\xeb\xab\xf7\x9c\xfe\x1b\xbb\x87\xf0f\xef\xa9\xbe\xe7\x10^\
\x17\x00\xd8\x9fGV\xaf\xea\x0c?\xf0\x1f\xd6\x1d\xfc\xde\
V][=\xed\x90^\x1f\x008?\x9f\xder\xa3\xa0\
\xb7\x9f\xfa\x8b\x87q\x09`\xcf\x15'\xdf\xec\xb1\x87\xf8\
\x1e\x00\xc0\xb9\xddQ]\xd3\xf2\x81\xfd\xeap.\x01\xec\
\xb9\xbb\xe5\xc3\x07\xf7\x1d\xe2{\x00\x00\xe7vU\xf5\xdd\
\xa7\xfe\xc2a\x9e\x01\xd8\xf3]\xd5?[\xc3\xfb\x00\x00\
gwW\xcb={\xee\xa9\xf5<\xc5\xef7\xab\xc7W\
\x9f\xbd\x86\xf7\x02\x00\xce\xec\x11-\xb7\xee\xff\xb5Z\xcf\
\x19\x80\xaa\x87\xb7\xdc\x1f\xe0s\xd6\xf4~\x00\xc0_\xf4\
\xce\xea\xba:\xdc\xcf\x00\x9c\xeaO\xaboly|0\
\x000\xc6S\xab\xa7\xd7\xfa\x02@\xd5{\xab\xbf\xda\xf2\
\xf4@\x00`\x8c\x17\xd5z\x03@\xd5\xafW/\xa8\x1e\
X\xf3\xfb\x02\x00\x8bg\xd7\xfa>\x03p\xba\xef\xab^\
9\xe8\xbd\x01`f'\xaa\xab\xd6\xf1-\x803yK\
\xcb\x8d\x82>\x7f\xd0\xfb\x03\xc0\xacv\xaa\xb7\x8e\x0a\x00\
U\xaf\xaf\x1e\x93o\x06\x00\xc0\xba\xdd:2\x00T\xfd\
\xe7\xeaI-\xcf-\x06\x00\xd6\xe3\xff\x8e\x0e\x00'\xaa\
\xff\xd4r\x93\xa0k\x06\xf7\x02\x00\xb3\xb8ot\x00\xa8\
:^\xfdr\xf5\xb9\xd5\xd5\x83{\x01\x80\x19\xdc\xbf\x09\
\x01\xa0\xeac\xd5\xab[\x1e\x1f\xfc\x94\xc1\xbd\x00\xc0\xb6\
{`S\x02@-\xf7\x06\xf8\xa5\x96\x07\x15|\xd6\xd8\
V\x00`\xab]\xb4I\x01\xa0\x96\xcf\x04\xbc\xa6\xfa\x94\
\xea\xfa\xc1\xbd\x00\xc0\xb6\xda\xa83\x00{\xf6B\xc0#\
s\x9f\x00\x008\x0c\xc761\x00\xecy}u\xac\xfa\
\x8a\xd6\x7f\xcbb\x00\xd8f\x1f\xd8\xe4\x00P\xf5\xd6\xea\
\x1d-\x0f\x11z\xe8\xe0^\x00`[\xbc\xfb(\xfcd\
\xfd\x1f\xaa/\xcb\xa3\x84\x01`Un?\x0a\x01\xa0\xea\
7\xaa\xcf\xab~{t#\x00\xb0\x05\xdeuT\x02@\
\xd5\xefW_\x5c\xbdjp\x1f\x00p\xd4\xdd2\xeaq\
\xc0\x17\xea\xa5\xd5OV\x17\x8fn\x04\x00\x8e\x98\xe3\xd5\
\xa3\x8f\xd2\x19\x80S\xfd\xcb\xeaK\xab\xf7\x8dn\x04\x00\
\x8e\x98wTw\x1e\xd5\x00P\xf5\x96\x96;\x06\xbez\
t#\x00p\x84\xdcTG\xff\xfb\xf5wW/\xa8\xbe\
\xa9\xe5\x9e\x01\x00\xc0\x83\xbb\xb1\xea\xa8~\x06\xe0L\xae\
\xae~.w\x0f\x04\x80\xb3\xb9\xa5\xfa\x8c:\xfag\x00\
N\xf5\xbb\xd5\x97T?P}dp/\x00\xb0\x89~\
z\xef\x1f\xb6\xe9\x0c\xc0\xa9\x1e_\xfd\x8b\xea9\xa3\x1b\
\x01\x80\x0dqW\xcb\x13w\xef\xa9\xed:\x03p\xaa\xdf\
\xab\xfeJ\xcbg\x03\xee\x1c\xdc\x0b\x00l\x82\x1f\xef\xe4\
\xc1\xbf\xb6\xf7\x0c\xc0\xa9\x1eU\xfd\x83\xea%\xd5\xa6?\
\xfb\x00\x00\x0e\xc3\x07\xaak\xaa\x0f\xed\xfd\xc2\xb6\x9e\x01\
8\xd5\x9d\xd5wUO\xab\xfe\xcb\xe0^\x00`\x84\x1f\
\xec\x94\x83\x7f\xcdq\x06\xe0t\xcf\xab~\xb4z\xe2\xe8\
F\x00`\x0d\xde\xd0\xf2P\xbd\x13\xa7\xfe\xe2\x8c\xa7\xc4\
ok\xf9\x80\xe0\xbb\xab\xcf\xac\xae\x1c\xdb\x0e\x00\x1c\x9a\
c\xd5W\xb5\xdc7\xe7\xe3\xcc\x18\x00j\xb9\x0f\xf2\xdb\
\xab\x7f^\xfdau}u\xd9\xd0\x8e\x00`\xf5\xbe\xa5\
\xfa\xdfg\xfa\x8dY\x03\xc0\x9e\xe3\xd5o\xb5\x04\x81?\
\xaa\x9eR]>\xb4#\x00X\x8d\x1fmyp\xde\x19\
\xcd\xf8\x19\x80\x07\xb3[=\xb7\xfa\xbb\xb9\xa3 \x00G\
\xd7\x8d\xd5\xb7\xb5\xfc\xa0{F\x02\xc0\xd9=\xab\xfa\xfe\
\x96k'3|[\x02\x80\xed\xf0\xda\xea\xeb\xab\x8f>\
\xd8\x1f\x12\x00\xce\xed1-)\xeae-wP\x02\x80\
M\xf5s\xd5wt\x8e\x83\x7f\x09\x00\xfbqQ\xf5\x95\
\xd5w\xb6\x5c&x\xe8\xd8v\x00\xe0\xcf\x9c\xa8^^\
\xfdP\xa7}\xdd\xefl\x04\x80\x83\xb9\xa2\xfa\x9a\xea\xf9\
-\xb7\x1c\x16\x06\x00\x18\xe5\xc3-w\xbb}\xf5~\xfe\
#\x01\xe0\xc2=\xaa\xfa\x86\xea\x1b\xab\x1b\xaa\x8b\xc7\xb6\
\x03\xc0D\xdeP\xfd\xb5\x96g\xe0\xec\x8b\x00\xb0Z\x9f\
P}a\xf5\xec\xeak\xabk\xc7\xb6\x03\xc0\x96\xba\xab\
\xfa;\xd5\xbf\xea<O\xf9\x9fN\x008\x5c\xd7V_\
\xde\x12\x0a\xbe\xa8\xfa\xf4\xb1\xed\x00p\xc4}\xb0\xfa\x89\
\xea\x9ft\xda\xbd\xfd\xf7K\x00X\xafOm\x09\x02_\
X}v\xcb\xad\x88\xddx\x08\x80s\xb9\xa5\xfa7-\
?\xf1\xdf\xbb\x8a\x17\x14\x00\xc6\xfb\xb4\x96'\x15~f\
u]\xf5\x84\xea\xf1\xd5'\x8fl\x0a\x80\xa1\x8eW\xef\
\xa8nj\xb9\xa9\xcf\xdbV\xfd\x06\x02\xc0\xe6zx\xcb\
}\x07\x1e\xdfr\xe6\xe0\xaa\xea/\x9d\xa1.\xaa\x1eq\
\xf2\xcf\xd7rF\xc1\x5c\x016\xdf\xfd-?\xcd\x1fk\
\xb9\xa6\x7f{\xcb\x03\xebn\xad\xde\xd8\xf28\xfbC\xf3\
\xff\x01\xe5\xfa\xfc\xc3K(>\xb6\x00\x00\x00\x00IE\
ND\xaeB`\x82\
\x00\x00\x09Z\
\x89\
PNG\x0d\x0a\x1a\x0a\x00\x00\x00\x0dIHDR\x00\
\x00\x02\x00\x00\x00\x02\x00\x08\x03\x00\x00\x00\xc3\xa6$\xc8\
\x00\x00\x012PLTE\x00\x00\x00\x00\x00\x00\x00\x00\
\x00\x00\x00\x00\x00\x00\x00\x00\x00\x00\x00\x00\x00\x00\x00\x00\
\x00\x00\x00\x00\x00\x00\x00\x00\x00\x00\x00\x00\x00\x00\x00\x00\
\x00\x00\x00\x00\x00\x00\x00\x00\x00\x00\x00\x00\x00\x00\x00\x00\
\x00\x00\x00\x00\x00\x00\x00\x00\x00\x00\x00\x00\x00\x00\x00\x00\
\x00\x00\x00\x00\x00\x00\x00\x00\x00\x00\x00\x00\x00\x00\x00\x00\
\x00\x00\x00\x00\x00\x00\x00\x00\x00\x00\x00\x00\x00\x00\x00\x00\
\x00\x00\x00\x00\x00\x00\x00\x00\x00\x00\x00\x00\x00\x00\x00\x00\
\x00\x00\x00\x00\x00\x00\x00\x00\x00\x00\x00\x00\x00\x00\x00\x00\
\x00\x00\x00\x00\x00\x00\x00\x00\x00\x00\x00\x00\x00\x00\x00\x00\
\x00\x00\x00\x00\x00\x00\x00\x00\x00\x00\x00\x00\x00\x00\x00\x00\
\x00\x00\x00\x00\x00\x00\x00\x00\x00\x00\x00\x00\x00\x00\x00\x00\
\x00\x00\x00\x00\x00\x00\x00\x00\x00\x00\x00\x00\x00\x00\x00\x00\
\x00\x00\x00\x00\x00\x00\x00\x00\x00\x00\x00\x00\x00\x00\x00\x00\
\x00\x00\x00\x00\x00\x00\x00\x00\x00\x00\x00\x00\x00\x00\x00\x00\
\x00\x00\x00\x00\x00\x00\x00\x00\x00\x00\x00\x00\x00\x00\x00\x00\
\x00\x00\x00\x00\x00\x00\x00\x00\x00\x00\x00\x00\x00\x00\x00\x00\
\x00\x00\x00\x00\x00\x00\x00\x00\x00\x00\x00\x00\x00\x00\x00\x00\
\x00\x00\x00\x00\x00\x00\x00\x00\x00\x00\x00\x00\x00\x00\x00\x00\
\x00\x00\x00\x00\x00\x00\x00\xff\xff\xff\xbcL\xd0l\x00\x00\
\x00dtRNS\x00\x01\x02\x04\x05\x06\x0c\x0d\x0e\x0f\
\x10\x11\x12\x14\x16!\x22#$0145PQR\
STUVXY]^_bdfoqrt\
|}~\x7f\x80\x81\x82\x89\x8a\x8b\x8d\x8e\x8f\x9d\x9f\xa1\
\xa3\xa4\xa5\xa6\xa7\xb3\xb4\xb5\xc1\xc2\xc4\xc5\xca\xcb\xcc\xcd\
\xce\xcf\xd0\xd3\xd4\xd5\xd6\xdd\xde\xe0\xe8\xe9\xea\xeb\xec\xed\
\xee\xef\xf0\xf1\xf2\xf8\xf9\xfa\xfd\xfe\xdf\x19\xb5\xb1\x00\x00\
\x00\x01bKGDe\xb5\xdd\x88\x9f\x00\x00\x07fI\
DATx\xda\xed\xdd\xe7Z\x13[\x00\x86\xd1\x1dD\
Q\x10\x04\x15\x04\xb1W:\xd2l\x14\x0b(\xb6\x88\xa2\
\x88\x09\xa8@\xe6\xfe\xaf\xe1\xfc\xd0\xe3\xb1\x80&\x99?\
g\xf6^\xef%|{=N03\x93\x10\x12\xadk\
p|\xe9\xf9zuw\xb7\xba\xfe|q\xeclWP\
B\xf5\xcd\x95k\xd9O\xd5\xca\xb3\xbdvI\xa3\xa3\xc3\
o\xb2}[\x1bn\xb3N\xf4\x1d\x9f\xacf\x07V\x9d\
\xe8\xb0P\xd4\x95.\x7f\xc8\xfeX\xe5F\x8b\x95\xe2\xed\
\xe4\x93\xec\xaf\xad\xf4\xd8)\xd6\xfa\xb7\xb2:\xfa|\xc1\
RQ\xd6r;\xab\xb3Y\x97\x81\x08;\xbc\x98\xd5\xdd\
B\xab\xbd\xa2;\xffGY\x03=$ \xb6\x8f\xff\xf7\
\xb2\x86Zt\x15\x88\xab\xdbY\x83\xcd\xd8,\xa6\xcee\
\x0dw\xd1j\xf1\xd4\xb3\xdd8\x80\xedn\xbbE\xf3\x01\
\xe0I\xd6D\xcb%\xcbE\xd2\xb5\xac\xa9\xaeX.\x8e\
\x8eo6\x07`\xa3\xddvQt+k\xb21\xdb\xc5\
\xd0\xd1j\xb3\x00*\xee\x0f\x88\xa1\xe1\xac\xe9\x86\xac\x17\
A\xe5\xe6\x01\xacY\xaf\xf8\xf5e9:m\xbf\xc27\
\x97\x07\x80\xff\x10.~\xaf\xf3\x00xi\xbf\xa2\xd7U\
\xcb\x03\xa0\xd6i\xc1\x827\x98\xe5j\xc0\x82\x05o\x22\
\x1f\x80Q\x0b\x16\xbc\xa5|\x00\xe6-X\xf0\x9e\xe5\x03\
\xf0\xd4\x82\x05\xef]>\x00\xeb\x16,x\x95|\x006\
-X\xf0v\xf2\x01\xf8b\xc1\x82\x97\xe5\xcc\x82\x00\x08\
\x00\x01 \x00\x04\x80\x00\x10\x00\x02@\x00\x08\x00\x01 \
\x00\x04\x80\x00\x10\x00\x02@\x00\x08\x00\x01 \x00\x04\x80\
\x00\x10\x00\x02@\x00\x08\x00\x01 \x00\x04\x80\x00\x10\x00\
\x02@\x00\x08\x00\x01 \x00\x04\x80\x00\x10\x00\x02@\x00\
\x08\x00\x01 \x00\x04\x80\x00\x10\x00\x02@\x00\x08\x00\x01\
 \x00\x04\x80\x00\x10\x00\x02@\x00\x08\x00\x01 \x00\x04\
\x80\x00\x10\x00\x02\x00\x00\x00\x00\x00\x00\x00\x00\x00\x00\x00\
\x00\x00\x00\x00\x00\x00\x00\x00\x00\x00\x00\x00\x00\x00\x00\x00\
\x00\x00\x00\x00\x00\x00\x00\x00\x00\x00\x00\x00\x00\x00\x00\x00\
\x00\x00\x00\x00\x00\x00\x00\x00\x00\x00\x00\xb0 \x00\x02@\
\x00\x08\x00\x01 \x00\x04\x80\x00\x10\x00\x02@\x00\x08\x00\
\x01 \x00\x04\x80\x00\x10\x00\x02@\x00\x08\x00\x01 \x00\
\x04\x80\x00\x10\x00\x02@\x00\x08\x00\x01 \x00\x04\x80\x00\
\x10\x00\x02@\x00\x08\x00\x01 \x00\x04\x80\x00\x10\x00\x02\
@\x00\x08\x00\x01 \x00\x04\x80\x00\x10\x00\x02@\x00\x08\
\x00\x01 \x00\x04\x80\x00\x10\x00\x02@\x00\x08\x00\x01 \
\x00\x04\x80\x00\x00\x00\x00\x00\x00\x00\x00\x00\x00\x00\x00\x00\
\x00\x00\x00\x00\x00\x00\x00\x00\x00\x00\x00\x00\x00\x00\x00\x00\
\x00\x00\x00\x00\x00\x00\x00\x00\x00\x00\x00\x00\x00\x00\x00\x00\
\x00\x00\x00\x00\x00\x00\x00\x00\x00\x00,\x08\x80\x00\x10\x00\
\x02@\x00\x08\x00\x01 \x00\x04\x80\x00\x10\x00\x02@\x00\
\x08\x00\x01 \x00\x04\x80\x00\x10\x00E\xafkp|\xe9\
\xf9zu7S\xa1\xdb\xad\xae?_\x1c;\xdb\xd5\xd8\
\xe9\xf7\xcd\x95k\xb6\x8b\xa9Zy\xb6\xb7\xde\xd3?:\
\xfc\xc6`1\xb66\xdcV\xc7\xf1\x1f\x9f\xac\x9a*\xd6\
\xaa\x13\x1d\x7f9\xfe\xd2\xe5\x0ff\x8a\xb9\xca\x8d\x96?\
\x9d\xff\xc9'&\x8a\xbd\x95\x9e\x83\xcf\xbf\x7f\xcb>\xf1\
\xf7\xf9\xc2\x01\xc7\xdfr\xdb8i4\xbb\xefe\xe0\xf0\
\xa2eRi\xa1u\x9f\xf3\x7fd\x97tz\xf8\x9b\x80\
\xd2=\xab\xa4\xd4\xe2\xafW\x01\xd7\xff\xc4\x9a\xf9\xf9\xfc\
\xcfY$\xb5.\xfex\xfe=\xdb\x06I\xad\xed\xee\x1f\
>\x00\xf8\xff\x9f\x04[.}\x07p\xcd\x1a)v\xe5\
\xfb\xf7?\x9b\xc6H\xb1\x8d\xf6o\x00n\xd9\x22\xcd\xc6\
\xbe}\xff\xef\xfb\xdfD\xab|\xbd?`\xd8\x12\xa96\
\x14B\x08\xa1l\x88T[\x0b!\x84>;\xa4\xdb\xe9\
\x10\xc2\x9c\x19\xd2m&\x84\xf0\xda\x0c\xe9\xf62\x84.\
\xf7\x7f'\x5c\xad3\x0cZ!\xe5\x06\xc2\x84\x11Rn\
4,\x19!\xe5\xe6\xc33#\xa4\xdc\xd3\xf0\xce\x08)\
\xb7\x1e*FH\xb9\xcd\xb0c\x84\x94\xfb\x02@\xea\x00\
\x5c\x02\x12\xbf\x04\xf8\x10\x98\xf8\x87@\x7f\x06&\xfeg\
\xa0'\x02\x93\xee~\x187B\xca\x8d\x84\xb3FH\xb9\
~_\x07'\xdd^\xa7[\x02\x93\xee\x85[\xc2\xd2n\
:\x84\xd0k\x86t;\xe5\xb6\xf0\xa4[\xf3`H\xda\
}}0\xa4\xcd\xa3a\x89\xf6\xed\xd1\xb00i\x8a4\
\x1b\xfd\xf6tp\x87\xd7\xc3&\xd9\xfbc\xff\xbe \xe0\
\xaa1R\xec\xd2\x7f\xaf\x88Y\xb1Fz=.yI\
T\xcamu\xff\xf8\x9a0\xcf\x07%\xd7\xc0\xcf/\x0a\
\x9c\xb5HZM\xfd\xfa\xaa\xd8\xbb6I\xa9\x85\xdf^\
\x18\xde\xeae\xd1\x09\xf5`\x9f\xd7\x85\x1f\xbac\x97T\
\xba\xdf\xba\xef\xef\x05\xcdX&\x89jS\xa5\x03~3\
\xe4\x8co\x05\x12\xe8\xd3\xf9\x83\x7f4\xa8{\xd9>\xb1\
\xf7\xf8\xc4\x9f\x7f6n\xc3D1W\xb9^\xfa\xcb/\
\x07\xb6\x8fyX,\xda>\x8e\x1e\xab\xe3\xb7C\x8f\x0c\
yqX\x94\x95o\x1e\xa9\xf7\xe7\x83O\xcf\xbc\xda3\
XL\xed\xbd\x9c>\xd5\xd8\x0f\x88w\x0e\x8c,\xac\xbe\
\xadxz\xbc\xe0\xedT\xde\xae\xce\x8f\xf4w\x86T\xcb\
;`\x10\x00\x02@\x00\x08\x00\x01 \x00\x04\x80\x00\x10\
\x00\x02@\x00\x08\x00\x01 \x00\x04\x80\x00\x10\x00\x02@\
\x00\x08\x00\x01 \x00\x04\x80\x00\x10\x00\x02@\x00\x08\x00\
\x01 \x00\x04\x80\x00\x10\x00\x02@\x00\x08\x00\x01 \x00\
\x04\x80\x00\x10\x00\x02@\x00\x08\x00\x01 \x00\x04\x80\x00\
\x10\x00\x02@\x00\x08\x00\x01 \x00\x04\x80\x00\x10\x00\x02\
@\x00\x08\x00\x01 \x00\x04\x80\x00\x00\x00\x00\x00\x00\x00\
\x00\x00\x00\x00\x00\x00\x00\x00\x00\x00\x00\x00\x00\x00\x00\x00\
\x00\x00\x00\x00\x00\x00\x00\x00\x00\x00\x00\x00\x00\x00\x00\x00\
\x00\x00\x00\x00\x00\x00\x00\x00\x00\x00\x00\x00\x00\x00\x00\x00\
\x04\x80\x00\x10\x00\x02@\x00\x08\x00\x01 \x00\x04\x80\x00\
\x10\x00\x02@\x00\x08\x00\x01 \x00\x04\x80\x00\x10\x00\x02\
@\x00\x08\x00\x01 \x00\x04\x80\x00\x10\x00\x02@\x00\x08\
\x00\x01 \x00\x04\x80\x00\x10\x00\x02@\x00\x08\x00\x01 \
\x00\x04\x80\x00\x10\x00\x02@\x00\x08\x00\x01 \x00\x04\x80\
\x00\x10\x00\x02@\x00\x08\x00\x01 \x00\x04\x80\x00\x10\x00\
\x02@\x00\x08\x00\x01 \x00\x00\x00\x00\x00\x00\x00\x00\x00\
\x00\x00\x00\x00\x00\x00\x00\x00\x00\x00\x00\x00\x00\x00\x00\x00\
\x00\x00\x00\x00\x00\x00\x00\x00\x00\x00\x00\x00\x00\x00\x00\x00\
\x00\x00\x00\x00\x00\x00\x00\x00\x00\x00\x00\x00\x00\x00\x01 \
\x00\x04\x80\x00\x10\x00\x02@\x00\x08\x00\x01 \x00\x04\x80\
\x00\x10\x00\x02@\x00\x08\x00\x01 \x00\x04\x80\xfe\x17\xed\
\xe4;\xff/\x16,x\x95|\x006-X\xf0\xde\xe5\
\x03\xb0n\xc1\x82\xf7,\x1f\x80\xa7\x16,x\x8b\xf9\x00\
\xdc\xb7`\xc1\x1b\xcf\x07`\xc4\x82\x05\xefl>\x00\xfd\
\x16,x]\xb5<\xe7\xbf\xd7i\xc1\xa2W\xce\x03\xe0\
\x85\xfd\x0a\xdf\x5c\x1e\x00\xd3\xf6+|\xbdy\x00\x9c\xb2\
_\xd2\xd7\x805\xebE\xd0p\xf3\x00\x86\xac\x17Am\
\xd5f\xcf\xbf\xd2f\xbd\x18\x9al\x16\xc0\xa8\xed\xa2\xa8\
\xe3Cs\xe7\xff\xfe\x98\xed\xe2\xe8js\x00.Y.\
\x92J+\xcd\x9c\xff\xe3\x92\xe5b\xa9g\xbb\xf1\xf3\xdf\
\xea\xb6[<\x0d6\x0e`\xc0j15\xdb\xe8\xf9O\
\xd9,\xae\x8f\x01w\x1b;\xff\x85\x16\x9b\xc5U\xeb\xa3\
F\xce\xffA\xab\xc5b\xeb\xd0\x9d\x06n\x04s\xfe1\
^\x05f\xea<\xfe\xda\x94?\x00\xe3\xecL]\xdf\x0a\
|:o\xa9X\xeb^\xae\xe3\xff\x7fN\xd8)\xe2\xcb\
\xc0\xe5\x8d\xbf|\x01x\xdd?\xffq\xd7>\xf6\x87\x87\
\xc5>\x8e\xfa\xfe'\xfe\x8e\x0c\xbd\xde\xff\xf8\xcb7\x8f\
X'\x8dN\xcf\xbc\xda\xfb\xe5\xfe\xef\x97\xd3\xee\xffK\
\xaa\xce\x81\x91\x85\xd5\xb7\x95\x9d\x9d\xca\xdb\xd5\xf9\x91\xfe\
d\xef\xff\xff\x077\x1c\x0d\xd0\xadA)\xed\x00\x00\x00\
\x00IEND\xaeB`\x82\
\x00\x00,\x14\
\x89\
PNG\x0d\x0a\x1a\x0a\x00\x00\x00\x0dIHDR\x00\
\x00\x02\x00\x00\x00\x02\x00\x08\x06\x00\x00\x00\xf4x\xd4\xfa\
\x00\x00\x00\x04sBIT\x08\x08\x08\x08|\x08d\x88\
\x00\x00\x00\x09pHYs\x00\x00\x0e\xc4\x00\x00\x0e\xc4\
\x01\x95+\x0e\x1b\x00\x00\x00\x19tEXtSof\
tware\x00www.inksca\
pe.org\x9b\xee<\x1a\x00\x00 \x00ID\
ATx\x9c\xed\xddy\x98\x1de\x99\xf7\xf1o\xa7\x13\
 $\x81\x00\x02\x09\xc8*\x9b\x80\xac\x22\xb2(\x8b\x88\
\xac\xa2\x82\xc3\xa8\xe0\xc2+(\x82\xe32*\x8e\xef5\
#:\xbe\x8e8\x82:\xea\x00\x8a,n\x88\xb2*\x0a\
\xb2\x05d\x91]&\x80,a\x0d\xb2\x05BHBB\
\xb6N\xde?\x9ed\x08!\xdd\xe7\x9c\xee\xaa\xe7>U\
\xf5\xfd\x5c\xd7\xef\x021\xe9\xbe\xeb\xae\xeez\xea\xd4\xf2\
<=H\xcd\xb1\x01\xf0&`]`\xecR\xff\xfd\x05\
\xe0I\xe0n\xe0\x89\x80\xba$IR\x81V\x04\xde\x0f\
\xfc\x02\x98\x02,j#\xcf\x00\xe7\x00\xef\x03V\xc8_\
\xb2$I\x1a\xac5\x80o\x02\xcf\xd1\xde\xa0\xdf_\x9e\
\x05\xbe\x0e\xac\x96\xb7|I\x92\xd4\x89\xe1\xc0\x17\x81\x17\
\x19\xda\xc0\xbfl^\x04>\x03\xf4\xe6\xdb\x14I\x92\xd4\
\x8e\xcd\x80\xdb(v\xe0_6\xb7\x00\x1b\xe5\xda I\
\x924\xb0\xfd\x80i\x94;\xf8/\xc9T\xe0\x9dy6\
K\x92$\xf5\xe7\x03\xc0<\xf2\x0c\xfeK2\x178,\
\xc7\xc6I\x92\xa4\xd7\xfa\x04\xd0G\xde\xc1\x7fI\xe6\x03\
\xfb\x97\xbf\x89\x92$ii\x9f\x07\x16\x123\xf8/\xc9\
\x0c\xd2\xbc\x02\x92$)\x83\x13\x88\x1d\xf8\x97\xce\xdf\x80\
\x91\xe5n\xae$I\xcd\xd6\x03|\x9b\xf8A\x7f\xd9\x9c\
\x5c\xe6FK\x92\xd4d=\xc0\xf7\x89\x1f\xec\x97\x97\xf9\
\xc0\x96\xe5m\xba$I\xcd\xd4K\x9a\x9e7z\xa0\x1f\
(\xe7\x95\xb6\xf5\x92$5\xd0\x0a\xc0o\x89\x1f\xe0[\
e\x01\xb0qI=\x90\xa4\xc29\xb5\xa9\xba\xd9H\xe0\
B\xe0\x90\xe8B\xda0\x8c\xf4V\xc0\x84\xe8B$I\
\xaa\xb2Q\xc0\x95\xc4\x7f\xb2\xef$\xf7\x97\xd2\x09I\x92\
\x1ab,p\x13\xf1\x03\xfa`\xb2A\x09\xfd\x90\xa4\xc2\
\x0d\x8b.@Z\xc6Z\xa4\xcb\xe8\xbbD\x172H\xbb\
E\x17 I\xed\xf0\x04@\xddd\x1cp5\xb0]t\
!C\xb0Mt\x01\x92\xd4\x8e\xe1\xd1\x05H\x8bm\x00\
\x5c\x05l\x12]\xc8\x10\xf9&\x80\xa4J\xf0\x0a\x80\xba\
\xc1\xe6\xc0\x0dT\x7f\xf0\x87t\x0bC\x92\xba\x9e'\x00\
\x8a\xb6\x15\xe9\x9e\xff\xeb\xa3\x0b)\xc8\xa8\xe8\x02$\xa9\
\x1d\x9e\x00(\xd2\x9b\x81\xeb\x80\xf1\xd1\x85\x14\xa8/\xba\
\x00Ij\x87'\x00\x8a\xf2v\xd2\x03\x7fkD\x17R\
\xb0\xe9\xd1\x05HR;<\x01P\x84\xfd\x81\xcb\x81U\
\xa2\x0b)\xc1\x93\xd1\x05HR;<\x01Pn\xef\x06\
.\x22M\xf3[G\x93\xa2\x0b\x90$\xa9\xdb|\x90\xb4\
tn\xf4l}ef\xdf\xc2\xba%IR\x0d|\x92\
\xf4\x80\x5c\xf4\x00]f\xe6\x01\xa3\x8bj\x98$IU\
w<\xb0\x90\xf8\x01\xba\xec\x5cVT\xc3$I\xaa\xba\
\x13\x89\x1f\x98s\xe5#\xc5\xb4L\x92\xa4\xea\xea\x01\xbe\
C\xfc\xa0\x9c+\xcfR\xdf\x07\x1b%Ij\xcb0\xe0\
4\xe2\x07\xe5\x9c\xf9J!\x9d\x93$\xa9\xa2z\x81\xb3\
\x88\x1f\x90s\xe6\x09\x9c\x02X\x92\xd4`+\x00\x17\x10\
? \xe7\xce\xfb\x8ah\x9e$IU\xb42\xe9)\xf8\
\xe8\xc18w~RD\xf3$I\xaa\xa21\xc0\xb5\xc4\
\x0f\xc6\xb9s\x0b\xe9\xc4G\x92\xa4\xc6Y\x9d4\x10F\
\x0f\xc6\xb9\xf3 \xb0V\x01\xfd\x93$\xa9r\xd6\x02\xee\
\x22~0\xce\x9d\xfb\x80u\x0b\xe8\x9f$I\x953\x1e\
\xb8\x87\xf8\xc18w\xee\x04\xd6,\xa0\x7f\x92$U\xce\
\x86\xc0C\xc4\x0f\xc6\xb9s+\xe9\x96\x87$I\x8d\xb3\
\x05\xe9\xbd\xf7\xe8\xc18w\xae%=\xec(IR\xe3\
l\x0fL!~0\xce\x9dKq\x9a_I5\xd3S\
\xd0\xd7\x19\x01lL\xba/\xbc\xe4\xfe\xe8\x5c\xe0y`\
2\xf0\xf7\x82\xbe\x8f\xe2\xec\x02\xfc\x11\x18\x1b]Hf\
\xbf\x01\x8e\x00\xe6G\x17\x22I\xdd\xa0\x07x+\xf0M\
\xe0f\xe0e\x06\xfe\x045\x15\xf8\x03iY\xd8\xf5\x02\
\xea\xd5\xd0\xec\x05\xcc$\xfe\x93x\xee\x9cI\x9a\xdaX\
\x92\x1aoe\xe0\x9f\x80\xfb\x19\xfcA\xb5\x8f\xf4Ir\
\xdf\xcc\xb5kp\x0e\xa4\xf5\x09^\x1d\xf3\x03\x8a\xbbB\
&I\x95\xd5\x03\x1c\x0d<I\xb1\x07\xd9\xeb\x80\x1d2\
n\x87:\xf3~\xd2\xad\x9c\xe8\xc18w\xfe\xa3\x88\xe6\
IR\xd5m\x08L\xa0\xbc\x83\xed|\xd2\x01wD\xa6\
\xedQ{>\x02, ~0\xce\x1d\x97\xf5\x95$`\
w\xf2=\xf5}\x030.\xcff\xa9\x85O\x92n\xd5\
D\x0f\xc69\xb3\x10\xf8\x5c\x11\xcd\x93\xa4\xaa\xfbG`\
\x1ey\x0f\xc2\x8f\x92\xde3W\x9c/\x11?\x18\xe7\xce\
\x02\xe0\xa8\x22\x9a'IUw(\xe9\xd2|\xc4\xc1\xf8\
y`\xd7\xf27Q\xcb\xf1\xef\xc4\x0f\xc6\xb93\x8ft\
\xb2+I\x8d\xb7\x030\x8b\xd8\x83\xf2\x1c\xd2\x03h\xca\
\xa3\x078\x99\xf8\xc18\xe2\xe7\xec\xbd\x05\xf4O\x92*\
o\x0d\xd2\xa4=\xd1\x07\xe6E\xa4\xcb\xb2\x9f,ws\
\x05\x0c\x03~L\xfc\xfe\xce\x9d\x97\x80}\x0a\xe8\x9f$\
\xd5\xc2\xcf\x89?0/\x9b\xef\xe3\xfb\xd8e\xe9\x05\xce\
&~\x1f\xe7\xce\x8b\xc0nCo\x9f$\xd5\xc3^\xc4\
\x1f\x98\xfb\xcb\x99\xc0\xf0\xf26\xbd\x91V\x04.\x22~\
\xdf\xe6\xces8\xf7\x84$\xbd\xcaM\xc4\x1f\x9c\x07\xca\
\x95\xc0*\xa5m}\xb3\xac\x0c\x5cN\xfc>\xcd\x9d\xa7\
\x817\x15\xd0?I\xaa\x8d=\x89?8\xb7\x93[\x81\
\xb5\xcaiAc\xac\x02\xfc\x99\xf8}\x99;\x8f\x01\x9b\
\x0c\xbd}\x92T/\xbf$\xfe\x00\xddn\x1e\x016+\
\xa7\x0d\xb5\xb7\x1a\xf0\x17\xe2\xf7a\xee<\x80\x8bPI\
\xd2k\x8c\x04f\x13\x7f\x90\xee$\xcf\x02;\x95\xd1\x8c\
\x1a\x1b\x07L$~\xdf\xe5\xceD\x9caR\x92\x96\xeb\
\x00\xe2\x0f\xd2\x83\xc9K\xa4\x95\xea\xd4\xda\xfa\xa4O\xc1\
\xd1\xfb,wn\x07^W@\xff$\xa9\x96\xbeE\xfc\
\x81z\xb0\x99\x0f|\xac\xf8\x96\xd4\xca&\xa4\xfb\xdf\xd1\
\xfb*w\xae\xc3\x87F%i@U\x7f\x1a|!p\
b\xd1M\xa9\x897\xd2=\x13;\xe5\xcc5\xc0\xe8\x02\
\xfa'I\xb5\xf6\x10\xf1\x07\xec\x22r*ib\x1b%\
;\x90\xdey\x8f\xde/\xb9s!i\x8e\x03IR\x0b\
3\x89?h\x17\x95KH\xef\xb87\xddN\xc0T\xe2\
\xf7G\xee\xfc\x0a\x18Q@\xff$\xa9\x11\xa2\x0f\xdaE\
\xe7F\xd2\x9a\x06M\xf5\x0e\xd2\x03\x92\xd1\xfb!wN\
#\xadk IjC\x0f\xd0G\xfd\x0e\x9c\xf7\x03\xfb\
\x93\x1e~k\x92\x83\x80\xdf\x02+E\x17\x92\xd9)\xc0\
\x17H'\x02\xca\xa3\x874\xab\xe2^\xa4+N\x9b\x03\
\x1b\x90\xae\xc0\x8d\x0a\xacK\xaa\xabY\x8b3\x99\xf4V\
\xd7\xad\xc0\x04\xe0\x1e\x86p\xec\xab\xd3-\x80\xa5\xf3\x14\
\xb0\xdd`\x9bRA\x87\x93\xd6\xb6\x8f\xee{\xee\x9cX\
@\xef\xd4\xbeuI=\x7f\x98\xf8}o\x8cI\xcf\xf1\
}\x15X\x87A\xa8\xf3\xfb\xe1\xd3I\x97\xc4\xeb\xeec\
\xa4\xe5\x93\xa3\xfb\x9d3\x0bI\x9f\xfa\x95\xc78\xd2m\
\x969\xc4\xef{c\xcck3\x07\xf8o`m:P\
\xf5\xd7\x00[e.\xf0\xc1N\x1aR1\xc7\x93\x06\xc3\
\xe8>\xe7L\x1f\xf0\xc9\x22\x9a\xa7\x96z\x80O\x91\x96\
P\x8e\xde\xef\xc6\x98\xd6\x99\x06|\x82\xf4\xbb\xdb\xd27\
\xba\xa0\xe0\xb2S\xd7O\x8b_&\xbe\xb7\xb93\x1f8\
\xb2\x88\xe6\xa9\xa5\xd5\x80\x8b\x89\xdf\xe7\xc6\x98\xces!\
0\x96\x16\xf6\xef\x82Bs\xe5{\xd4\xe7\x81\xc7\xffG\
|?sg.\xf0\xbe\x22\x9a\xa7\x96\xd6\xe5\x95\x87\x8b\
\x8c1\xd5\xcc\xdd\xa4\xdf\xe5~\xadD}\x1f\x04\x5c^\
\xce\xa3\xda\x13\xc5\xf4\x00\xdf'\xbe\x8f\xb93\x1b\xd8\xaf\
\x80\xfe\xa9\xb5u\x81G\x89\xdf\xe7\xc6\x98\xa1\xe7\x11Z\
< X\xa5\xe5\x80\x8b\xc8\x04\xda\xb84\xd2\x85z\x81\
3\x88\xef_\xee\xcc\x00\xf6(\xa0\x7fjm5\xfc\xe4\
oL\xdd2\x11X\x95~\xec\xde\x05\x05\xe6\xce=T\
k\x8d\xf8^\xe0\x1c\xe2\xfb\x96;\xd3\x80]\x0a\xe8\x9f\
Z\xeb!\xdd7\x8c\xde\xe7\xc6\x98\xe2\xf3;\x06x0\
\xf0\xc6.(0w&\x03[\xf5\xd7\x90.\xb2\x22i\
\x9a\xe3\xe8~\xe5\xce3\xc0\xb6\x05\xf4O\xed\xf9\x14\xf1\
\xfb\xdc\x18S^\x8ea)K\x9f\x0d\xec\x0e\x5cO\xf3\
\xbc\x08\x1c\x02\xfc9\xba\x90~\xac\x0c\x5c\x04\xec\x1b]\
HfO\x03\xef\x04\xee\x8d.\xa4!\xd6&\xcd\xa0Y\
\xc5[c\x92\xda3\x0d\xd8\x02\x98\x02\xaf^=o2\
\xf0\x06\x9a\xf7\x89k%\xe0\x03\xa4\x83\xdf}\xc1\xb5,\
kU\xe02\xd2t\xabM\xf20\xe9\x9e\xff\xa4\xe8B\
\x1a\xe4d\xd2\x87\x00I\xf55\x924U\xf7\x1f\xe1\xb5\
\xf7\x03V\xa3\x8d\xd7\x06jj!\xf0\x19\xe0\x87\xd1\x85\
,\xb6\x06\xf0'`\xc7\xe8B2\xbb\x0f\xd8\x874\x95\
\xb3\xf2X\x97t\xd2U\xe5\xb7c$\xb5g\x0e\xb01\
\xf0\xf4\xb2\xef\xc4O\x03\xdeMz\xe5\xaai\x86\x01?\
 \xbdb\x17=W\xc0\xda\xc054o\xf0\xff+\xe9\
\x93\xbf\x83\x7f^G\xe3\xe0/5\xc5J\xa4\xdf\xf9~\
\x1dF\x9aq-\xfa\x81\x85\xa8\x9cA\xdcI\xc0\xfa\xc0\
\x83m\xd4X\xb7\xdc\x84\xf7\x9f#\xf4\xe0\xc2>\xc64\
-\x93h1U\xf0\xfbi\xf6I\xc0\x8f\xc9\x7f\x12\xb0\
%\xe9Y\x8c\xe8m\xcf\x9d\xab\x81\xd1\x05\xf4O\x9d\xdb\
\x86\xf8\xfdo\x8c\xc9\x9f\xad\x06\x1a\xe0~K\xba\x1d\xf0\
\xd2\x00\x7f\xa6\xce\x8e&\xbdz\xb7J\xa6\xef\xb7'\xe9\
-\x8c*\xcdMP\x84K\x81\x03i\xee\xcfY\xb4\xa6\
=`*)\xd9\xbb\xd5'\xdc\xcb\x80\xbdY\xfc\xca@\
\x03\x1d\x04\xdcJ\xb9\x13\xd1\x0c'\xad\xaf~\x15\xb0z\
\x89\xdf\xa7\x1b\xfd\x864\xb7\xff\x9c\xe8B\x1al\xa7\xe8\
\x02$\x85\xd8\xa9\x9dK\xdc\xb7\x01\xbb\x02\x0f\x95\x5cL\
\xb7\xda\x9c\xf4\xc9\xfc\xbf\x805\x0b\xfe\xda{\x93\x1e|\
\xfb*\xaf~%\xb3\x09\xce\x22-\xd3<?\xba\x90\x86\
\xdb<\xba\x00I!:\xfa\xdd_\x13\xb8\x85\xf8\xfb\x16\
\x91\x99\x01|\x8b\xf4\x0a\xc5`\x0d\x03\x0e\x00\xae\xed\x82\
\xed\x89\xca\x0fhs\xadj\x95\xee\x19\xe2\x7f\x1e\x8c1\
\xf9\xf3T\xa7\x07\xe1Q\xa4\xd5\xf4\x0e\xec\xf0\xef\xd5\xcd\
B\xd2U\x81?\x00W\x92f\xab\x1b\xe8\x93\xec\x1a\xa4\
\xab(\xfb\x02\x87\x02\xe3\xcb.\xb0\x8b}\x0b\xf8\x97\xe8\
\x22\xf4\xbff\x91f\x9b\x94\xd4,\xb3\x06\xf3)l8\
p*\xf0\xf1\x82\x8b\xa9\xb2y\xa4W\xf7\x9e&M-\
\x0c\xe9\x13\xeex`\xa3\xc5\xff\xf4\x13/\xfc_\xe0\x9b\
\xd1E\xe8U\x16\xd0\xbc\xdbO\x92`\xc1P\x06\xa5\x13\
\x80\xff\xc0\x81M\xad-\x02\xfe\x19\xf8nt!z\x8d\
\xe9\xe4{\xd3ER\xf7xq(\xef\xb9\x9fDZY\
hAA\xc5\xa8\x9e\xfaHW\x8b\x1c\xfc\xbb\xd3\x8b\xad\
\xff\x88\xa4\x1a\x1a\xd2\x09\x00\xa4\x19\xf3\x0e\x00f\x16P\
\x8c\xea\xa7\x0f8\x0a83\xba\x10\xf5\xeb\xe1\xe8\x02$\
\x85x\xa8\x88\x99\xee\xae$-\xde\xf2\x5c\x01_K\xf5\
1\x07x/\xf0\xb3\xe8B4\xa0n[\x01SR\x1e\
\xf7\x175\xd5\xed\xad\xc0[I\x0f\xc2I\xb3I\xb3H\
\xfe>\xba\x10\xb5tCt\x01\x92B\x5c_\xf4\x03|\
k\x91\xa6vuv\xb1\xe6\x9aNzM\xf4\xc6\xe8B\
\xd4\x96\xb5I\xab/F\xaf\x80))\x9f>`|\xd1\
\xbf\xf4SHs\x8b\xff\xa1\xe0\xaf\xabj\x98F\x9a\xeb\
\xc0\xc1\xbf:\x9e\x05\xae\x8b.BRV\xd7\x00\xcf\x95\
q\xd6?\x0bx\x0f>\xf8\xd54O\x03o#\xdd\x0e\
R\xb5\x9c\x1d]\x80\xa4\xac~\x06\xe5\xbf\xc3\x7f\x02i\
\xe67\xd5\xdbd\xd2\x83\xa0\x93\xa2\x0b\xd1\xa0\x8c \xed\
\xbb\x0d\xa2\x0b\x91T\xba'\x80M\x80ye\xcf\x00v\
#\xe9\x93\xe1\x01x\x8f\xb1\xae\x1e$-e\xfchp\
\x1d\x1a\xbc\x85\xc0\x5c\x9c\xe2[j\x82/\xb1\xf8Jm\
\xaeY\xfc\xf6\x05\xce\x07\xc6d\xfa~\xca\xe3o\xc0;\
I\x0f\x91\xa9\xdazI+\x7fn\x1f]\x88\xa4\xd2\xdc\
\x01\xecLz\x080\xdb\xa7\xf2+H\x03\xc5\xf3\x99\xbe\
\x9f\xcaw\x1b\xe9\x9e\xbf\x83\x7f=\xf4\x01G\x93\xd6\xb5\
\x90T?sI\xbf\xe3}K\xfeC\xce\xcb\xf2\xb7\x00\
\xbb\x01\x8fd\xfc\x9e*\xc7\x9fI\xf7\xfc_\x88.D\
\x85\xba\x03\xf8bt\x11\x92J\xf1y\xe0\xafK\xff\x87\
\xdc\xab\x80M%-'\xbc\x17\xb0N\xe6\xef\xadbL\
\x00\x0e\xc6\xe9\x9f\xeb\xea\x16`5\xd2\xc4^\x92\xea\xe1\
T\xe0\xc4e\xffc\xc42\xa0\xb3\x80_\x01;\x90\x9e\
DTu\x5cD\x9a\xde\xf7\xe5\xe8BT\xaa+\x80\x8d\
\x81m\xa3\x0b\x914d\xe7\x00\x9f \xad\xca\xfa*Q\
\xeb\x80\xcf\x03~\x03\xac\x07l\x17T\x83:\xf3K\xe0\
C\xc0\xfc\xe8BT\xbaE\xc0\xc5\xc0(`\xd7\xe0Z\
$\x0d\xde\xb7\x81O\xb3\x9c\xc1\x1f\xe2N\x00 \xbdz\
\xf4\xbb\xc5\xff\xbeg`\x1dj\xed\xc7\xa4%}\xfbZ\
\xfdA\xd5\xca\x95\xc0D\xe0]\xc0J\xc1\xb5Hj\xdf\
L\xe0\xa3\xc0\xf7\x82\xebh\xcbQ\xa4O\x96\x8bL\xd7\
\xe5\x87\xe4{]T\xddi]\xd2\xcca\xd1?\x8b\xc6\
\x98\xd6\xf9=\x15\x9c\xd4\xeb\x10\xd2\xf3\x01\xd1\xcd3\xaf\
\xe4\xc4\x81v\x98\x1ag\x0f\xd2U\x81\xe8\x9fKc\xcc\
ks\x05\xe9\xd5\xec\xb6u\xdb'\xbb]Hg/k\
D\x17\xd2p\x8bH\xb3E}'\xba\x10u\xa5-\x81\
#H'\xed[\x06\xd7\x225\xd9\xdfH\xcf\xeb\xfc\x02\
\xb8\xaf\xd3\xbf\xdcm'\x00\x00\x9b\x03\x97\x01\x1bE\x17\
\xd2P\x0b\x81\xe3\x80\xd3\xa2\x0bQ%\x8c#-\xff\xbd\
\x05\xb0>0\x9a\xf4\xf0\xa0\xa4b\xcd\x22\xdd\xdb\x9f\x0c\
<@\x9a\x8c\xed\x99\xd0\x8aJ2\x0e\xb8\x9d\xf8K*\
M\xcb\x02\xd2\x83#\x92$\x85\x19\x05\xfc\x91\xf8A\xb1\
)\x99\x0b\x1c\xd6\xd6\x9e\x91$\xa9d#\x80s\x89\x1f\
\x1c\xeb\x9eY\xc0~m\xee\x13I\x92\xb2\xe8\x05\xce \
~\x90\xackf\x02\xefh{oH\x92\x94Q\x0fp\
\x0a\xf1\x83e\xdd2\x05\xd8\xb1\x83\xfd IR\x88c\
p\xc2\xa0\xa22\x09\xd8\xac\xb3\xf6K\x92\x14\xe7``\
:\xf1\x03h\x95s\x0di\xc57I\x92*eS\xe0\
n\xe2\x07\xd2\xaae!\xf0}\xd2\xc3\x95\x92$U\xd2\
h\xe0\xe7\xc4\x0f\xaaU\xc94\xd2R\xbe\x92$\xd5\xc2\
\xfb\x81\xa9\xc4\x0f\xb0\xdd\x9c\x1bI\xeb\xbbK\x92T+\
\xeb\x01\x97\x12?\xd0v[^\x02>\x07\x0c\x1b|k\
%I\xea~\x87\x03O\x13?\xf0vC.\x056\x1c\
R7%I\xaa\x90U\x80\x93\x809\xc4\x0f\xc2\x11y\
\x00x\xcf\x90\xbb(IREm\x0c\xfc\x12\xe8#~\
P\xce\x91g\x81\xcf\xe0\x13\xfe\x92$\x01i\xbd\xf2_\
S\xdf\x13\x81g\x81/\xe2\x12\xac\x92$-\xd7\xc6\xc0\
\xb7H\xaf\xc3E\x0f\xdaEd\x12\xe9\x13\xbf\x03\xbf$\
Im\x18\x0b\x1c\x07\xdcA\xfc \xdei\xe6\x00\xe7\x01\
\xef\x22\xad\x8f I\x92\x06a[\xe0?\x80\x87\x88\x1f\
\xdc\xfb\xcb\x02\xe0j\xe0X`\xf5r\xda IRs\
m\x0f|\x05\xb8\x0e\x98G\xec\xa0\xff<\xe9\xb9\x85\xa3\
\x805\xcb\xdchIR3y\x19y\xf9\xc6\x00;\x03\
\xbb\x02o\x05\xb6\x03\xc6\x97\xf4\xbd\xfa\x80\x87\x81[\x81\
\x9bI\xb3\xf6M$\xcd\xdb/IR)<\x01h\xdf\
\x1a\xc0\xd6\xc0&\xc0\x06\xa4Iv\xc6/\xfe\xef\xab\x93\
\xe6\x1f\x18\x06\xac\xba\xf8\xcf/\x00f\x92\x06\xf8\x17\x96\
\xca\x13\xc0\xe3\xc0c\xc0\xfd\xc0}\xa4{\xfb\x92$I\
\x92$I\x92$I\x92$I\x92$I\x92$I\x92\
$I\x92$I\x92$I\x92$I\x92$I\x92$\
I\x92$I\x92$I\x92$I\x92$I\x92$I\
\x92$I\x92$I\x92$I\x92$I\x92$I\x92\
$I\x92$I\x92$I\x92$I\x92$I\x92$\
I\x92$I\x92$I\x92$I\x92$I\x92$I\
\x92$I\x92$I\x92$I\x92$I\x92$I\x92\
$I\x92$I\x92$I\x92$I\x92\x1a\xab'\xba\
\x00)\x93^`{`W`s`#`U`E\
`.0\x03x\x0c\xf8\x1bp\x0bp\x07\xd0\x17Q\xa8\
$I\x1a\xba=\x80\x9f\x02\xd3\x80E\x1d\xe4\x05\xe0\xec\
\xc5\x7f\xdf\x13eI\x92*\xe2\xbd\xc0\xedt6\xe8\xf7\
\x97\xbf.\xfez\x9e\x08H\x92\xd4\xa56\x03\xae\xa2\x98\
\x81\x7f\xd9L \xdd>\x90$I]\xe4\xc3\xc0L\xca\
\x19\xfc\x97\xe4e\xe0\xe8\x5c\x1b$I\x92\xfa\xd7\x03\x9c\
B\xb9\x03\xff\xb2\xf9\x010,\xc7\xc6I\x92\xa4\xd7\xea\
\x05\xce\x22\xef\xe0\xbf$?[\xfc\xfd%IRF+\
\x00\xbf%f\xf0_\x92\xef\x96\xbe\x95\x92$\xe9\x7f\x8d\
\x04.%v\xf0_\x92cJ\xdeVI\x92\x04\x8c\x02\
\xae$~\xe0_\x92Y\xc0\x16\xa5n\xb1$I\x0d7\
\x16\xb8\x89\xf8A\x7f\xd9\x5c_\xe6FK\x92\xd4d\xab\
\x93\xa6\xe9\x8d\x1e\xec\xfb\xcb\xa1\xe5m\xba$I\xcd\xb4\
\x0ep/\xf1\x83\xfc@\x99\x88\xb3\x05J\x92T\x98\x0d\
\x80I\xc4\x0f\xf0\xed\xe4\x1d%\xf5@\x92\xa4F\xd9\x0c\
\x98L\xfc\xc0\xden~^N\x1b$Ij\x8e-\x81\
'\x89\x1f\xd4;\xc9\x8b\xa4\xf9\x09$I\xd2 \xec\x08\
<G\xfc\x80>\x98\xecZB?$\xa9P\xcee\xae\
n\xb4;p\x0d\xf0\xba\xe8B\x06i\xe7\xe8\x02$\xa9\
\x15O\x00\xd4m\xf6\x05\xfe\x04\xac\x12]\xc8\x10l\x15\
]\x80$\xb5\xe2\x09\x80\xba\xc9A\xc0%\xc0\xca\xd1\x85\
\x0c\xd1\xeb\xa3\x0b\x90$\xa9*>\x00\xcc#\xfe\xfe}\
\x11\xb9\xa3\xe0\xdeHR\xe1\xbc\x02\xa0np$ii\
\xdd\x11\xd1\x85\x14\xc4%\x82%u=O\x00\x14\xed3\
\xc09\xc0\xf0\xe8B\x0a\xb4(\xba\x00I\x92\xba\xd9\x09\
\xc4_\xae/#\x97\x15\xd9$I*\x83W\x00\x14\xe5\
\x9b\xc0\xb7\xa2\x8b(\xc9S\xd1\x05HR+u\xba\xec\
\xaaj\xe8\x01N\x01>\x1b]H\x89&F\x17 I\
R7\xe9\x05~J\xfc%\xfa\xb2\xb3{Q\x0d\x93$\
\xa9\xeazIO\xfaG\x0f\xceeg\x1a\xf5y\x9bA\
\x92\xa4!Y\x11\xf8\x1d\xf1\x83s\x8e\xfc\xa2\xa0\x9eI\
\x92Ti+\x93\xa6\xf6\x8d\x1e\x98se\xafb\xda&\
IRu\xad\x0a\x5cO\xfc\xa0\x9c+\xf7\x92\x1er\x94\
$\xa9\xb1V\x03n&~P\xce\x99\xf7\x15\xd29I\
\x92*j\x1cp7\xf1\x03r\xce\xdc\x80\x9f\xfe%I\
\x0d\xb6>\xf0 \xf1\x03r\xce\xcc\x01\xb6,\xa2y\x92\
$U\xd1&\xc0c\xc4\x0f\xc8\xb9sl\x01\xbd\x93$\
\xa9\x92\xb6\x22M\x81\x1b=\x18\xe7\xce\x8f\x8ah\x9e$\
IU\xb4\x030\x85\xf8\xc18w~\x8d\xd3iK\x92\
\x1ajW\xe0E\xe2\x07\xe3\xdc9\x9b4\xbb\xa1$I\
\x8d\xb3\x070\x83\xf8\xc18wN\xc5\x954%i\xb9\
V\x89.@\xa5;\x08x\x99\xf8\xc18wN\xc2\xd7\
\xfd$\x897\x02\xc7\x01\xbf\x02\xee$-\x84\xb2\xf4\xc1\
r6p\x0fp!\xf0%\xe0-x\xf0\xac\x83\x7f\x00\
\xe6\x11?\x18\xe7\xce\xbf\x16\xd1<I\xaa\xaaU\x81/\
\x90\xd6<\x1f\xccA\xf4q\xe0\x9b\xc0\xba\xb9\x0bW!\
>\x0a, ~0\xce\x99\x85\xc0g\x0b\xe8\x9d$U\
\xd2(\xe0\xeb\xc0t\x8a9\xa8\xce\x05N\x07\xd6\xce\xb9\
\x11\x1a\x92\xe3H\x83a\xf4\x80\x9c3}\xc0\xd1E4\
O\x92\xaah\x7f\xd2'\xf72\x0e\xb0\xd3\x81c\xf2m\
\x8a\x06\xe9\x04\xe2\x07\xe3\xdc\x99\x0f|\xb0\x88\xe6IR\
\xd5\x0c\x07\xbeC\x9eO}\x17\x02c\xf2l\x96:\xf4\
\xef\xc4\x0f\xc6\xb93\x078\xa4\x88\xe6IR\xd5\x8c\x04\
.&\xefA\xf7\xaf\xc0:96Nm\xe9\x01\xbeK\
\xfc`\x9c;\xb3\x80w\x16\xd0?I\xaa\x9c\x15\x81\xab\
\x889\xf8>\x04\xacW\xfe&\xaa\x85a\xc0\x8f\x89\x1f\
\x8cs\xe7E`\xf7\x02\xfa'I\x953\x0c\xf8\x0d\xb1\
\x07\xe1\x87I\xab\xca)\xc6p\xe0\x97\xc4\x0f\xc6\xb9\xf3\
<\xf0\xe6\x02\xfa'I\x95\xd4-\x0f{=\x06lT\
\xee\xa6j9V\x00. ~\xff\xe7\xce3\xc06\x05\
\xf4O\x92*\xe9\xcdt\xd7\x04/\x8f\xe0\x95\x80\x9cV\
\x06.'~\xbf\xe7\xce\xe3\xc0\xa6\x05\xf4O\x92*i\
\x18p3\xf1\x07\xe3\xe5\x1d\x9c\xbd\x12P\xbeQ\xc0\xd5\
\xc4\xef\xef\xdcy\x04\xd8\xb8\x80\xfeIRe\x1dA\xfc\
\xc1x\xa0\x83\xf4\x06\xe5mz\xe3\xad\x0e\xdcB\xfc~\
\xce\x9d\xbb\x81q\x05\xf4O\x92*\xab\x87t0\x8c>\
 \x0f\x94\xc7\xf1\x93Z\x19\xd6\x02\xee\x22~\xff\xe6\xce\
\x1d\xc0\xeb\x0a\xe8\x9f$U\xda;\x88? \xb7\x93G\
\x81\x0d\xcbiA#\xbd\x1e\xb8\x9f\xf8\xfd\x9a;\xd7\x93\
\xd6\xb4\x90\xa4\xc6;\x8b\xf8\x83r\xbby\x1cxC9\
mh\x94\x0dIs.D\xef\xcf\xdc\x99\x00\x8c\x1ez\
\xfb$\xa9\xfa\x86\x01S\x89?0w\x92\xc7\xf0\xc1\xc0\
\xa1x#\xf0w\xe2\xf7c\xee\x5cL\x9a\xe4J\x92\x04\
lG\xfc\x81y0\x99\x8cW\x02\x06c;`\x0a\xf1\
\xfb/w\xce\x05F\x14\xd0?I\xaa\x8d\x8f\x13\x7fp\
\x1el|0\xb03o\x05^ ~\xbf\xe5\xceOH\
W\xba$IK\xf9O\xe2\x0f\xd0C\x89W\x02\xda\xf3\
v`\x06\xf1\xfb+w~Hz\xcbE\x92\xb4\x8c_\
\x11\x7f\x90\xf6$\xa0\x5c\xfb\x03\xb3\x89\xdfO\xb9\xf3\xef\
E4O\x92\xea\xeaR\xe2\x0f\xd4E\xe4\x09`\x93\x82\
{S\x07\xef&\xadm\x1f\xbd\x7fr\xe7\xdf\x8ah\x9e\
$\xd5Y\x9d\xe6~\xf7J\xc0\xab\x1d\x09\xcc'~\xbf\
\xe4\xccB\xe0SE4O\x92\xea\xeeb\xe2\x0f\xdaE\
\xc6+\x01\xc9'\x80>\xe2\xf7G\xce,\x00\x8e*\xa2\
y\x92\xd4\x04g\x10\x7f\xe0\xf6$\xa0X\xffL\xfa$\
\x1c\xbd\x1frf.pX\x11\xcd\x93\xa4&\x18NZ\
h\xa7n^\x0f\x5c\x0b\xec\x05L\x8a-%\xbb\xaf\x02\
'F\x17\x91\xd9\xcb\xa4\xc1\xff\x8f\xd1\x854\xd40\xd2\
b]\xeb\x93V\x95\x1c\x15[\x8eTK\xb3\x16\xe7q\
\xd2\xed\xee\x85C\xfd\x82\xc3\x81{\x86\xfaE\xba\xd4\xba\
\xa4i_\x9br\x12\xd0\x03|\x1b\xf8Bt!\x99\xbd\
Dz\xd0qBt!\x0d\xf3fR\xdf\xf7\x06v\x04\
V\x8a-Gj\x949\xc0\xed\xc05\xc0%\xc0\x9d\x83\
\xfdBkR\xef\xcb\xc5\x7f\x076\x1bls*b\x18\
p*\xf1\xbd\xce\x9d\x17H\x93\x1b)\x8f\x15\x81c\x81\
{\x89\xdf\xf7\xc6\x98Wr\x0f\xe9\xb9\xafAMu~\
G\x17l@\x99y\x92\xfa\x9e\x04\xf4\x02\xe7\x10\xdf\xe3\
\xdcy\x964\xad\xb1\xca\xd7\x03|\x98\xf4{\x14\xbd\xdf\
\x8d1\xfd\xe7\xef\xc0\x87\xe8p\xf2\xb3\x13\xba\xa0\xf0\xb2\
\xf3$\xb0y'M\xa9\x80\x15\x80\xf3\x89\xefm\xc4\x0f\
\xf9\x16\x05\xf4O\xad\xadK\xba\xcc\x18\xbd\xcf\x8d1\xed\
\xe7*`\x1d\xda\xb4\x0e\xe9)\xea\xe8\xa2\xcbN\x9dN\
\x02F\x02\x7f \xbe\xa7\xb9\xf3\x08\xae\x04\x99\xcb^4\
s\xe1(c\xea\x90g\x81=hSS.#?E\
\xf5O\x02F\xd3\xccOe\xf7\x91>\x91\xaa|\x87\xd2\
\xcc\x19$\x8d\xa9S\xe6\x00\xef\xa3\x0d\x1b\xd3\x9c_\xf8\
g\x80\xad\xdaiJ\x17\x1a\x0b\xdcD|\x0fs\xe7\x1e\
`|\x01\xfdSk\x07\xd3\xbc\x19$\x8d\xa9k\x16\x00\
\xef\xa5\x0d'uA\xb1\xb9\xf24\xd5\xbb\x8f\xbc&\xf0\
W\xe2{\x97;\x7f\x01V+\xa0\x7fj\xed-4s\
\xe1(c\xea\x9cY\xa4\xd7u_e\xd9'\x05W\x02\
n\x01\xb6Y\xf6\x0f\xd6\xd4\x14\xd2{\xcc\xf7F\x17\xd2\
\x86q\xc0\x95\xc0\xd6\xd1\x85d\xf6g\xe0 `ft\
!\x0d0\x96\xf4>\xb1\xcfXH\xf5\xf38\xb0\x03\xe9\
\xf5i \xbd?\xbe\xb49\xc0\x11\xa4\xc9U\x9a`-\
\xd2\xd3\x92o\x8c.\xa4\x85\x0d\x81\x1bh\xde\xe0\xffG\
`?\x1c\xfcs\xf9\x1e\x0e\xfeR]m\x00\xfcg;\
\x7f\xf0\x00\x9au\x0f\xf0\x19`\xcbv\x1a\x13`s\xd2\
\xda\x06\xd1=\xca\x9d\xdf\x92^sT\x1eo\xa3\xde\x13\
\x82\x19c\xd2\xef\xf8.\xb4\xe1\x08\xd2\xc3\x03\xd1\x05\xe7\
J7\x9e\x04lC\xaa+\xba7\xb9s6i\x82#\
\xe5s\x1d\xf1\xfb\xdd\x18S~\xae\xa1MM<\x09\xe8\
\x96\xb7\x03v\x02\xa6\x12\xdf\x93\xdc\xf9\x11\xaf\xbd5\xa5\
r\xedF\xfc~7\xc6\xe4\xcb.\xd0\xfa@\xfb\x0b\xd2\
\xb4\x82\x0bZ\xfc\xb9\xbaX\x9b\xb4\xa8\xcc\x9b\x82\xebx\
\x1b\xe9\xd9\x84\xd5\x83\xeb\xc8\xed\xdb\xc0\xf1\x14\xb0\xca\x95\
:rtt\x01\x92\xb2\xfa?\x9d\xfc\xe1\xa6]\x09x\
\x96\xb8\x93\x80\xfdH\xaflD\xf7 w\xfe\xb5\x88\xe6\
\xa9c#\x81\x19\xc4\xef\x7fcL\xbeL\xa7\xc3\x15<\
\x0f\xa7Y\x0f\x06\xce\x00\xf6\xef\xa4A\x058\x0a\x98W\
@\xedU\xcaB\xe0\xf3E4O\x83\xb2\x0f\xf1?\x03\
\xc6\x98\xfc\xd9\xab\x93{\xad\xe7\x01\x1f\x03\xfa:\xf8;\
U6\x86\xb4\xce\xf2\x97(\xff\x9e\xf4H\xe0\xbf\x81\x9f\
\x02#J\xfe^\xddd!i\x09\xcbS\xa2\x0bi\xb0\
=\xa2\x0b\x90\x14b\xcfN\x07\xb6_\x00\x1f\xa59'\
\x01#H\xb3#^Cy\x0f\x07\xeeEZ\x8e\xf9\xd8\
\x92\xbe~\xb7Z\x00\x1c\x09\xfc$\xba\x90\x86k\xca\xa4\
_\x92^m\xd0\xbf\xfbM{&`\x11\xe9\xf6\xc7i\
\xc0\x1b\x06\xdb\xb4e\xec\x04\x5c\xdc\x05\xdb\x15\x919\xc0\
!Co\xa1\x0ap\x1f\xf1?\x0f\xc6\x98\xfc\xb9w\xd9\
\xa9\x80;q\x04\xcd|_{!i\x19\xdes\x81K\
\xe9l\x96\xba\xb5I+3}\x10\xd8\xbd\xf8\xd2*a\
6\xf0\x1e\xd2\xb4\xc6\x8a7\x95\xe6\xbdm\x22\x09\x9e\x1f\
\xca\x09\x004\xf7$`\x89\x05\xa4\xb9\xd3o\x05\x1e\x04\
\x1e%=\xc1?\x83\xb4x\xcd\x18\xd2*\x8b\x9b\x03\xbb\
\x92&\x1a\x1aj\xcf\xabl\x06p iZcu\x87\
\xb98\xe3\xa2\xd4Ds\x8b\x18\x8c\x0e'=\x1b0\xbc\
\x80\xaf\xa5\xfa\x9aFz\xab\xe2\x96\xe8B\xf4*\x9e\x00\
H\xcd4\xb7\x88\xa7\xdb\xcf\xe3\x95g\x02\xa4\xe5y\x16\
\xd8\x13\x07\xffn\xd4\x94\x85\xbf$\xbd\xda\xcc\xa2^o\
k\xda+\x82j\xdfd\xd2\xcc\x86\x13\xa3\x0b\xd1rM\
\x89.@R\x88)E\xbe\xdf\xde\xb4i\x83\xd5\xda\xa3\
\xa4\xd7\x1c'E\x17\xa2~=\x18]\x80\xa4\x10\x0f\x14\
=\xc1\x8dW\x02\xb4\xc4=\xa4\x07\x1f\x1f\x89.D\x03\
\xf2\xca\x8c\xd4Lw\x971\xc3\x9dW\x02t'\xe9\x93\
\xff3\xd1\x85\xa8\xa5k\xa3\x0b\x90\x14bB\x99\xaf\xa4\
5\xfd\x15\xc1\xa6\xba\x018\x88\xb4\xd8\x84\xba\xdfH\xd2\
C\x9ac\xa2\x0b\x91\x94\xcdt`\xed2\xe7\xb8\xf7J\
@\xf3\x5cKz\xd5\xcf\xc1\xbf:^\x06.\x88.B\
RV\xe7S\xd0k\x80\x03\xf1\x99\x80\xe6\xb8\x84\xb4\x94\
\xb1\xaf\x95U\x8f\xeb1H\xcdr\x06\x94\xbf\xca\x1dx\
%\xa0\x09~\x0d\xbc\x9f4\xa9\x8c\xaa\xe7&\xe0\xba\xe8\
\x22$eq5p3\xe4\xbb?\x7f/\xe9\x95\xb0C\
\xc8s\xd2\xa1|\xce\xc0\xab<u0\x89\xb4\x1f\x9b<\
U\xb5Tw\x0bI\x1f\xc8\x9f\x84\xbc\x0f\xe8M$\xbd\
\x12\xe6I@}|\x0f8\x9e\xb4\xb2\x94\xaa\xed\x09`\
\x03`\xfb\xe8B$\x95\xe6\xa7\xc0\xa9K\xfeG\xc4\xd9\
\xbek\x07\xd4\xc3I\xc0\x97\xa3\x8bP\xa1\xc6\x02w\x90\
\x16\xb0\x92T/\x0f\x03;\xb2\xd4C\xda\x11\x9f\xc4}\
0\xb0\xfaN\xc0\xc1\xbf\x8e^$\x9d\xa0\xcf\x8e.D\
R\xa1f\x03\xff\xc02ohE]\x8a\xf7\xc1\xc0j\
Z\x04|\x16\xf8vt!*\xcd\xed\xa4\x03\x85\xbf\x9b\
R=\xf4\x91\xc6\xdb;\x97\xfd?\x22'\xe9\xf1\xc1\xc0\
j\xe9\x03\x8e\x02N\x8f.D\xa5\x9bD\xfa\xfd<\x04\
o\xd5IU6\x07\xf8G\xe0\xe2\xe8B\xfa\xb3d)\
\xe1E\xa6k3\x178\xac\xbf\x1d\xa8\xdaz;i:\
\xe7\xe8\x9f?cL\xe7y\x9a\xb4\x12k\xd7\xf3$\xa0\
{3\x1b8\xb0\xff]\xa7\x9a\x1b\x0f\x5cI\xfc\xcf\xa1\
1\xa6\xfd\xfc\x09\x18G\x85x\x12\xd0}\x99IZ\xd4\
G\xfa \xe9U\xc1\xe8\x9fIcL\xffy\x9ct\xc9\
\xbf\x92<\x09\xe8\x9e\xbc\x00\xbcu\xe0\xdd\xa5\x86Y\x01\
8\x06\xb8\x9b\xf8\x9fOc\xcc+\x99\x08|\x9c\xf4;\
\xda\xb6n\x9c\xf5\xcbU\x04\xe3M\x01\xde\x05\xdc\x15]\
\x88\xba\xd6\xf6\xa4\x87\x04\xf7&\xbd[\xbcrl9R\
\xa3\xcc&\xbd\xb1s\x0d\xe9\x01\xbf\xff\x19\xcc\x17\xe9\xc6\
\x13\x00\xf0$ \xd2\x93\xc0>\xc0\xfd\xd1\x85\xa82z\
\x80\xf5\x17g\xf4\xe2H*\xd6K\x8b3yq\x16\xc5\
\x96S\xae\xc3\x81\xf9\xc4_ZiR\x1e\x036ic\
\xdfH\x92T*\x9f\x09\xc8\x97\xfb\x80u\xdb\xdb-\x92\
$\x95\xefp`\x1e\xf1\x03d\x9d\xf3 \xb0N\xbb;\
D\x92\xa4\x5c\x0e$=\xf4\x10=P\xd61\xf7\xe0\xe0\
/I\xeab{\x00S\x89\x1f0\xeb\x94kI+\xc0\
I\x92\xd4\xd56\x01\x1e ~\xe0\xacC\xce\x05V\xea\
\xac\xfd\x92$\xc5Y\x13\xb8\x9a\xf8\x01\xb4\xaaY@Z\
\xceW\x92\xa4\xca\xe9\x05N$\xadP\x17=\xa0V)\
S\x80};o\xb7$I\xdd\xe5@\x5c\xad\xac\xdd\x5c\
\x8d\x0f\xfbI\x92jdM\xd2T\x88\xd1\x03l\xb7\xe6\
e\xd2%\xffa\x83m\xb0$I\xdd\xecH\xd2%\xee\
\xe8\x01\xb7\x9b\xf2g`\x8b\xa14U\x92\xa4*X\x03\
\xf8)>\x1b0\x05\xf8(\xdd\xbb\xd6\x83$I\xa5\xd8\
\x01\x98@\xfc@\x9c;s\x81\xef\xe3\xbb\xfd\x92\xa4\x86\
;\x98\xb4db\xf4\xc0\x5cv\xe6\x93VO\xdc\xa0\x90\
\xaeI\x92T\x03=\xc0A\xc0M\xc4\x0f\xd4Eg\x0e\
p:\xb0Qa\xdd\x92$\xa9\x86v&\xcd\x80W\xf5\
\xc5\x85\x9e\x02\xfe\x15X\xbb\xd8\xf6H\x92Tok\x03\
\x9f\x07\xee&~0o7s\x81\x8b\x80\xf7\x02+\x14\
\xdf\x12I\x92\x9ae\x1b\xe0k\xa4U\xf1\xa2\x07\xf9\xe5\
]\xe2\xbf\x14\xf88\xe9\x0d\x07I\x92\x0a\xe1kb\xaf\
\xb6\x1ei\xd5\xc1%\xd94\xf3\xf7\x9f\x0b\xdc\x06\x5c\x0f\
\xdc@z\x8f\xff\xa5\xcc5H\x92\x1a\xc0\x13\x80\x81\xad\
\x03\xec\x09lK:\x19\xd8\x1cx\x03\xb0b\x01_{\
*\xf0\xf0\xe2\xdcK\x1a\xf4o%}\xea\x97$\xa9T\
\x9e\x00tn\x18\xe9u\xbbM\x81\xf1\xc0\xe8\xc5Y\x0d\
\x18\xb3\xf8\xdf{\x81Y\xc0\x0c\xd2\x80\xfe\xd2\xe2\x7f\x9f\
\x06<D\x1a\xf4\xa7\xe5.\x5c\x92$I\x92$I\x92\
$I\x92$I\x92$I\x92$I\x92$I\x92$\
I\x92$I\x92$I\x92$I\x92$I\x92$I\
\x92$I\x92$I\x92$I\x92$I\x92$I\x92\
$I\x92$I\x92$I\x92$I\x92$I\x92$\
I\x92$I\x92$I\x92$I\x92$I\x92$I\
\x92$I\x92$I\x92$I\x92$I\x92$I\x92\
$I\x92$I\x92$I\x92$I\x92$I\x92$\
I\x92$IRE\xf4D\x17 \x05\x19\x03\xac\x06\x0c\
\x07\xe6\x02\xd3\x81\x97B+\x92\xa4\x8c<\x01P\x13\x8c\
\x04\xf6\x05\xf6\x04v\x016\x05V_\xce\x9f\x9b\x02\xdc\
\x0b\xfc\x05\xb8\x1a\xb8\x1e\x98\x9f\xa7DI\x92T\x94m\
\x803I\x9f\xee\x17\x0d\x22\xcf\x00'\x03\x1bf\xae[\
\x92$\x0d\xc2f\xc0%\xc0B\x067\xf0/\x9by\xc0\
\x19\xc0\xb8\x9c\x1b!I\x92\xda\xd3\x0b|\x15\x98C1\
\x03\xff\xb2\x99\x06\x1c\x9dmk$IRK\xe3\x81k\
)g\xe0_6\xbf\x04Fe\xd9*I\x92\xd4\xaf\x8d\
\x80I\xe4\x19\xfc\x97\xe4v\xe0u96N\x92$\xbd\
\xd6\xd6\xc0\xd3\xe4\x1d\xfc\x97\xe4\x7fH\xaf\x12J\x92\xa4\
\x8cv\x00\x9e#f\xf0_\x92\xeb\x80\x15\xcb\xdePI\
\x92\x94\xec\x06\xbcH\xec\xe0\xbf$\xdf-y[%I\
\x12\xb0\x0fi\xd6\xbe\xe8\x81\x7fI\x16.\xaeI\x92$\
\x95\xe4@\xe0e\xe2\x07\xfde\xf3\x000\xa2\xc4\xed\x96\
$\xa9\xb1\x0e'M\xca\x13=\xd8\xf7\x97\xe3\xca\xdbt\
I\x92\x9a\xe9\x08\xd2\xbc\xfc\xd1\x83\xfc@y\x8c4\x19\
\x91$I*\xc0\xa7)nZ\xdf\xb2\xf3\x9e\x92z \
IR\xa3\x9c@\xfc\xa0\xdeI~]N\x1b$Ij\
\x8eo\x10?\xa0w\x9a\x19\xc0\x0ae4C\x92\xa4\xba\
\xeb\x01N!~0\x1fl\xdeR|K$I\xaa\xb7\
^\xe0'\xc4\x0f\xe2C\xc9\xf1\x85wE\x92\x0a6<\
\xba\x00i)\xbd\xc0\x99\xc0\x87\xa3\x0b\x19\xa2M\xa2\x0b\
\x90\xa4V<\x01P\xb7X\x118\x0f8$\xba\x90\x02\
\xbc>\xba\x00Ij\xc5\x13\x00u\x83\x95\x81\x8b\x80}\
\xa3\x0b)\xc8\x98\xe8\x02$\xa9\x15O\x00\x14m4p\
\x09\xb0wt!\x05\x1a\x16]\x80$\xb5\xe2\x09\x80\x22\
\xad\x0e\x5c\x0e\xec\x14]H\xc1\xe6D\x17 I\xadx\
\x02\xa0(k\x03W\x00\xdbD\x17R\x82\xa7\xa2\x0b\x90\
\xa4V<\x01P\x84\xf5\x80\xab\x80\xcd\xa2\x0b)\xc9\xe3\
\xd1\x05HR+\xde\xabTn\x1b\x02\x13\xa8\xef\xe0\x0f\
pgt\x01\x92$u\x93-\x81'\x89\x9f\xa8\xa7\xcc\
,\x00\xd6(\xaaa\x92$U\xdd\xf6\xc0\x14\xe2\x07\xe8\
\xb2s}Q\x0d\x93\xa42y\x0b@9\xec\x02\x5c\x03\
\xac\x19]H\x06\x17D\x17 IR7\xd8\x83\xb4B\
^\xf4'\xf3\x1c\x99Mz\xb5Q\x92\xa4F;\x10x\
\x99\xf8\x819WN-\xa6m\x92$U\xd7\xbbI\x13\
\xe2D\x0f\xca9?\xfd\xbb\x06\x80$\xa9\xd1>Bz\
\x1a>zP\xce\x99\xaf\x14\xd29I\x92*\xeaS@\
\x1f\xf1\x03r\xce\xdc\x86\x93jI\x92\x1a\xec\x8b\xc0B\
\xe2\x07\xe4\x9cy\x1e\xd8\xa4\x88\xe6I\x92TE_#\
~0\xce\x9d\xd9\xa4\xb7\x1c$Ij\x9c\x1e\xe0;\xc4\
\x0f\xc6\x11\x83\xff;\x0b\xe8\x9f$I\x953\x0c8\x8d\
\xf8\xc18wf\x02{\x15\xd0?I\x92*\xa7\x178\
\x8b\xf8\xc18w\xa6\x01\xbb\x16\xd0?I\x92*g\x05\
\xe0|\xe2\x07\xe3\xdc\x99\x0a\xecT@\xff$I\xaa\x9c\
\x15\x81K\x88\x1f\x8cs\xe7i`\xeb\x02\xfa'IR\
\xe5\x8c\x02\xae\x22~0\xce\x9d\xc7\xf0U?IRC\
\x8d\x05n\x22~0\xce\x9d\xfbq\x8a_I5\xd43\
\xc4\xbf\xf1A\x1f\x02\x00\x00\x0b\x85IDAT\xbf=\
\xb07\xf0f`K`<\xaf,\xf9:\x0fx\x0e\x98\
\x0cL\x04n\x06\xfeD\xba\x94\xaajY\x0b\xb8\x02\xd8\
6\xba\x90\xcc&\x02\xfb\x02\xcfF\x17\x22I\xdd`=\
\xe0\x1b\xa4\x81\xbd\xd3OS\x0b\x81\x1b\x81\x8f\x01#s\
\x17\xaeAY\x17\xb8\x8f\xf8O\xe2\xb9s\x0b.\xed+\
I@\x1a\x08~\x0c\xcc\xa7\x98\x03\xecS\xc0\xa7\x81\x11\
97B\x1d\xd9\x08x\x84\xf8\xc18w\xae\x05\xc6\x0c\
\xbd}\x92Tm=\xc01\xa4\xc9O\xca8\xd8\xde\x0d\
\xec\x9cmk\xd4\xae\xcd\x81'\x88\x1f\x8cs\xe72\xbc\
:%I\x8c%\x1d\x10\xcb>\xe8\xce\x07>\x97i\x9b\
\xd4\xda\xb6\xa4\xfb\xde\xd1\x83q\xee\x5cH\x9a\xe3@\x92\
\x1amC\xf2\xdf\xfb=\x1bo\x09D\xdb\x19x\x81\xf8\
\xc18w~\x8eK\xfaJ\x12\xeb\x01\x0f\x13s \xbe\
\x1aX\xa5\xfcM\xd4r\xbc\x1d\x98N\xfc`\x9c;\xa7\
\x93\xd65\x90\xa4F[\x95\xf8\xa7\xbe\xef\x00\xc6\x95\xbd\
\xa1z\x95\xfdH+\xdcE\x0f\xc6\xb9s2C\x7f\x1d\
V\x92*o\x18\xf0\x07\xe2\x0f\xca\x8bHO\x9foV\
\xee\xe6j\xb1\xf7\x01s\x89\xdf\xe7\xb9\xf3\xb5\x22\x9a'\
Iu\xf0i\xe2\x0f\xcaKg*\xb0[\xa9[\xac\x0f\
P\xdc\xab\x9dU\xc9B\xe0\x0bE4O\x92\xea\xe0\xf5\
\xc0\x0c\xe2\x0f\xce\xcbf\x16pp\x89\xdb\xddd\xc7\x00\
}\xc4\xef\xe3\x9c\xe9\x03\x8e-\xa2y\x92T\x17?!\
\xfe\xe0\xdc_\x16\x00\x9f,o\xd3\x1b\xe98\xd2'\xe1\
\xe8}\x9b\xfb\xe7\xe8cE4O\x92\xeabC\xd2\xdc\
\xfd\xd1\x07\xe8V9\xb1\x9c\xcdo\x9c\x7f#~_\xe6\
\xce\x5c\xe0\xb0\x22\x9a'Iu\xf2\x0d\xe2\x0f\xd0\xed\xe6\
,\x9c+`(\xbeN\xfc>\xcc\x9d9\xc0!E4\
O\x92\xea\xa4\x87\xeaM\xf9\xfa{\xd2\xda\xf4j\xdf0\
\xe0G\xc4\xef\xbb\xdc\x99\x09\xecU@\xff$\xa9vv\
 \xfe =\x98\xdcJZ\xa6V\xad\xf5\x02g\x12\xbf\
\xcfrg\x1a\xb0K\x01\xfd\x93\xa4Z\xfa\x12\xf1\x07\xea\
\xc1\xe6A`\xe3\xe2[R++\x00\xbf!~_\xe5\
\xce\xb3\xc0v\x05\xf4O\x92j\xeb<\xe2\x0f\xd6C\xc9\
3\xc0\x8e\x85w\xa5\x1eV\x04.\x22~\x1f\xe5\xce\xd3\
\xc0\xd6\x05\xf4O\x92j\xedn\xe2\x0f\xd8C\xcdL\xe0\
]E7\xa6\xe2F\x93\xd6U\x88\xde7\xb9\xf3\x08^\
\x15\x92\xa4\xb6<O\xfcA\xbb\x88\xcc\x07\x8e.\xb87\
U5\x16\xb8\x91\xf8}\x92;\xf7\x93&\xb4\x92$\xb5\
\xa1N3\xc1-\x04\xfe\xa5\xd8\xf6T\xce\x9a\xc0\x9d\xc4\
\xef\x8b\xdc\xb9\x0b\x1f\x0a\x95\xa4\xb6\xf5\x90\x06\xcd\xba\xad\
\x86\xf6#\xe03\xa4\x93\x9b&Y\x07\xb8\x12\xd82\xba\
\x90\xccn%\xadf8-\xba\x90\x06Z\x07x\x0bi\
\xe1\xae\x0dH\xaf\xe7\xae\x1cZ\x91TO\xb3IS\xe3\
?\x0e<\x00\xdc\x06<5\xd4/Z\xd7U\xe0.\x00\
V\x1ajs*dC\xe0!\xe2\xfb\x9e;\xd7\x02c\
\x86\xdc=ubk\xe0$\xd2-\x97\xe8\xfdoL\x93\
s\x1f\xf0-`+\x06ir\x17lDY\xb9\x1eX\
}\xb0\x8d\xa9\x90\xcd\xa8\xf7~\xec/\x97\xe1\xa7\xcd\x9c\
\xde\x01\x5cC\xfc~7\xc6\xbc6W3\x88I\xcf\xea\
\xfe\xb0\xd8\xbd\xc0\xfa\x9d6\xa5B\xdeDz\xed-\xba\
\xcf\xb9s\x01i\x8e\x03\x95o#\xd2\xec\x9b\xd1\xfb\xdc\
\x18\xd3:\x97\x90\xae\x08\xb7\xa5\x09\xd3\xc3>\x05l\xdf\
nC*dG\xe09\xe2\xfb\x9b;\xbf\x02\x86\x17\xd0\
?\xb5v\x04\xe95\xdb\xe8}n\x8ci?3\x80\x0f\
\xd1\x86\x8fvA\xb19\xf2\x22\xf5\x9a\x13\xfem\xc0t\
\xe2\xfb\x9a;\xa7\x91\xd65P\xb9\x86\x01\xdf#~\x7f\
\x1bc\x06\x9fSh\xf1\x90\xff8\xea\xf5*\xe0@\x99\
\x03\xfc\xe3@\xcd\xa8\x88}IO\x83F\xf73wN\
\xa6~o\xact\xa3^\xe0\x17\xc4\xefoc\xcc\xd0\xf3\
sZ|h\xba\xa1\x0b\x8a\xcc\x95>\xe0s\x035\xa3\
\xcb\x1dB:\x91\x89\xeec\xee\x9cX@\xef\xd4\x9e\xd3\
\x88\xdf\xdf\xc6\x98\xe2\xf2#\x06\xf0\x91.(0wN\
\xa6z\x97\x92?\x00\xcc#\xbew9\xb3\x10\xf8B\x11\
\xcdS[>G\xfc>7\xc6\x14\x9fO\xd3\x8f\x95h\
\xe6\x93\xe4\xe7\x92\x16\xcc\xa9\x82\x8f\x03\x0b\x88\xefY\xce\
\xf4\x01\xc7\x16\xd1<\xb5e'\xea;/\x881M\xcf\
\x1c\x06X8\xef\xb8.(0\x22\x13\x80U\xfbkJ\
\x97\xf8\x14\xcdyNcI\x16\x00\x1f+\xa2yjK\
/\xf0W\xe2\xf7\xbb1\xa6\xbc\xfc\x0f\xfd\xbcA5\x02\
\xb8\xa7\x0b\x0a\x8cj\xca:\xcbkJ\x17\xf8\x0a\xf1\xfd\
\xc9\x9d\xb9\xc0\xa1E4Om;\x9e\xf8\xfdn\x8c)\
?\x9f\xa4\x1f\xdb\xd3\xbc{\xccK\xf2$\xb0M\x7f\x8d\
\x09r\x22\xf1}\xc9\x9d9\xa4\x07\x1d\x95\xcf\x08\xd2\xfc\
\xe2\xd1\xfb\xde\x18S~&3\xc0$j\xff\xdc\x05\x05\
Fe*\xb0{\x7f\x8d\xc9\xa8\x07\xf8/\xe2\xfb\x91;\
3\x81=\x87\xde>u\xe8#\xc4\xef{cL\xbe\x1c\
\xc9\x00~\xda\x05\x05Fe6\xf0\xee\x81\x9aS\xb2^\
\x9a\xd9\xff\x17\x80\xb7\x16\xd0?un\x02\xf1\xfb\xdf\x18\
\x93/WA\xff\x93\xaa\xf4\x02g\x93\xa6\x01m\xa2y\
\xc0a\xa4\xf9\xcfsZ\x814i\xc3?d\xfe\xbe\xd1\
\xa6\x00\xef\x02\xee\x8a.\xa4\x81\xc6\x91n\x7fU\xed\x95\
XI\x83\xb7\x10\x18\xdf\xdf/}\x1fi\x8a\xe0\x1fg\
+\xa7\xbb\xac\x00\x9cO\xeaA.\xab\x00\x7f\xa0y\x83\
\xff\x93\xa4\xcb\xfe\x0e\xfe1\xf6\xc2\xc1_j\x9aa\xc0\
^\xbd\x03\xfc\x81E\xc0\xa5\x8b\xff\xb9'\xcd\x9b\x82\xb5\
\x17x\x0fi9\xe1\xebH\xaf\xa5\x95e\x07\xe0\x0a\xd2\
{\xd8M\xf2(i\x00\x9a\x14]H\x83\x1dK\xf3~\
\xee$\xc13\xed\x9c\xf9\x7f\x9dW&\xa1i\xa2\x7f\x22\
\xbd\x1f\xfd\xf6\x12\xbe\xf6\xca\xa4\xfe\xde\x04lZ\xc2\xd7\
\xeff\xf7\x93z\xfaHt!\x0d\xf7\xc6\xe8\x02$\x85\
\xe8\xe8w\xff\x00\xe0%\xe2\x1f^\x88\xcc\xef\x817w\
\xd2\xb4~\x8c$M\xee\xd3\xd4W\xaf\xee\x02\xd6\x1ar\
\x17U\x84\xa6\xfe\x0c\x1a\xd3\xf4<\xda\xe9e\xfd\x9dH\
\xb7\x05\x9a~\xf0\xbe\x1d8\x87\xd4\x8b\xc7\xda\xfc;\xc3\
\x81]H\xf7\xf8\x0f\x07\xd6,\xa5\xb2\xeew\x0b\xb0?\
0-\xba\x10\x01iI\xe9U\xa2\x8b\x90\x94\xdd\xf4\xc1\
\xdc\xd7\x7f\x03p9\xb0I\xc1\xc5T\xd5$\xd2'\xda\
{\x80gxe`\xeb\x01\xc6\x03\x1b\x02[\x93^q\
\x1b\x1dP_7\xb9\x0e8\x98\xf4\xbe\xbf\xba\xc3\x02\xd2\
\xf3.\x92\x9ae\xc1`\x1f\xec[\x03\xf8\x1d\xb0k\x81\
\xc5\xa8\xde.#M\xef\xfbrt!z\x95Y\xa4g\
Q$5\xcb\xac\xc1\xbe\xfe3\x15\xd8\x97\xf4\xda\x9a\xd4\
\xca\x85\xa47*\x1c\xfc\xbb\x8fWc\xa4f\x9a1\x94\
\xf7\x7fg\x91\xe6l?\xbd\xa0bTO\xe7\x92\x9ey\
\x98\x17]\x88\x96\xeb\x89\xe8\x02$\x85\x98<\xd4\x09@\
\xfaH+\x0b}\xad\x80bT?\xa7\x93f\x93l\xea\
+\xa4U\xf0@t\x01\x92B<X\xd4\x0c`'\x92\
\xd6n\x9f_\xd0\xd7S\xf5\xfd\x904\xc9\xcc\xc2\xe8B\
4\xa0\xdb\xa2\x0b\x90\x14\xe2\xd6\xa2g\xf7{'p\x01\
0\xa6\xe0\xaf\xabj9\x09\xf8rt\x11j\xcb\x9b\x80\
\x89\xd1EH\xcan\xab2\xa6\xf7u\xae\x80\xe6Z\x04\
|\x09\xf8Nt!\xea\xc8\x03\xc0f\xd1EH\xca\xe6\
!`\xb32\x16\x01\xb9\x8d4\xe1\xcd\x83%|mu\
\xafE\xc0gq\xf0\xaf\xa2s\xa3\x0b\x90\x94\xd5\xcf\x80\
Ee.\xf0\xb3\x06i\xea\xdc]J\xfc\x1e\xea\x0e}\
\xa4\xf5\x22\xce\x0e\xaeC\x833\x8e\xb4&\xc3\xc8\xe8B\
$\x95n\x0eiB\xbf\xa7\xca\x5c\x06t\xc9\x5c\x01\x97\
\x95\xf8=\x14o\x1e\xe95\xbf\xb3\x83\xeb\xd0\xe0=\x83\
\xfbOj\x8a3\x80\xa7 \xcf\x12\xbf\xbd\xc0\x7f\x03\xc7\
d\xf8^\xcak.i\xf0\xbf$\xba\x10\x0d\xd9\xda\xc0\
}\xc0j\xd1\x85H*\xcd4`s\xe09\xc83\x07\
\xf8\x22\xd2\x8c\x81\xbd\x94\xb3\xa4\xaeb\xcc\x04\x0e\x04\xfe\
\x14]\x88\x0a1\x8b\xb40\xd0A\xd1\x85H*\xcd?\
\x017,\xf9\x1f9\x17\x01\x99\x00L&\x0d\x1ae\xde\
zP\xf9^$\xad\xe8wC\xab?\xa8J\xb9\x1d\xd8\
\x86\x0e\xd7\x09\x97T\x09\xe7\x03\xff\xb2\xf4\x7f\xc8q\x0b\
`Y\xef&=u\xec\x02$\xd54\x05x\x17i\x05\
D\xd5\xcfX\xe0z\xd2\x0a\x96\x92\xeaa\x22\xf06`\
\xc6\xd2\xff1\xe2\x04\x00\xd2\xd2\xb8\xbf\x07^\x17\xf4\xfd\
58O\x02\xfb\x00\xf7G\x17\xa2R\xadK:\x09\xd8\
(\xba\x10IC\xf6\x08i\xf0\x7fj\xd9\xff#\xeaR\
\xfc\xcd\xa4\x93\x80IA\xdf_\x9d{\x1c\xd8\x13\x07\xff\
&x\x12\xd8\x0d\xaf\xf2HUw/\xb0\x07\xcb\x19\xfc\
!\xf6^\xfc\xc3\xa4\x87\x02\xef\x0c\xacA\xed\xb9\x9f4\
 <\x14]\x88\xb2y\x9at\xc2wAp\x1d\x92\x06\
\xe7\xb7\xc0\xae\xc0\xdf\xa3\x0b\x19\xc8h\xe0r\xd2\xdb\x02\
\xa6\xfbr\x17N\xeb\xdct\xc7\x00/\x10\xff\xb3h\x8c\
i\x9d\xa9\xa4\x89\xd9Z\xca\xf9\x16@\x7f\xe6\x01\xe7\x01\
\xeb\x03\xdb\x05\xd7\xa2W\xbb\x85\xb4\xc0\xd3\xd4\xe8B\x14\
\xea\x0e\xe0,\xd2\x83\xbb\xdb\x00\xc3c\xcb\x91\xb4\x1cs\
\x80\xd3\x80\xf7\xd3\xe6\x1bZ\xddp\x02\x00i\xc9\xd8K\
\x80\x11\xa4\x87\x15\x14\xefZ\xe0\x00\xd2\xbb\xe1\xd2,\xe0\
\x8f\xc0\x99\xa4'\x89\xd7\x03V\x0f\xadH\x12\xa4uw\
\xbe\x0f|\x98t\xd9\x7fv\xbb\x7f1\xea-\x80\x81\x1c\
\x0b\xfc\x80\xee99i\xa2\xcb\x80C\x81\x97\xa3\x0bQ\
W\xdb\x0a\xd8\x9b\xb4\x02\xe8\xe6\xa4\xabx\xa3\x17GR\
\xb1^Z\x9c\xc9\xa4\x15<o\x05\xae\x01\xfe\x16YT\
\x19\x0e!}\xe2\x88\xbe\x97\xd2\xc4\xfc\x0eX\xa9\xf5.\
\x92$\xa9\x1c;\x93&\x9d\x89\x1e\x10\x9b\x94_\xe2\xfd\
]IR\x17\xd8\x02x\x8c\xf8\x81\xb1\x099\x1d\xa7h\
\x96$u\x91\xf5I\xf7;\xa2\x07\xc8:\xe7\x1c\xfc\xe4\
/I\xeaB\xe3Hs\x19G\x0f\x94u\xcc\x7f\xd2\x9d\
\x0f\x83J\x92\x04\xc0\xaa\xc0\x95\xc4\x0f\x98u\xc9\x02\xe0\
\xf3\x1d\xed\x01I\x92\x82\x8c\x00\xce ~\xf0\xaczf\
\x02\x07w\xd8{I\x92\xc2\x1d\x0f\xcc%~ \xadb\
&\x01\xdbv\xderI\x92\xba\xc3[\x81'\x88\x1fP\
\xab\x94\xf3I\xb7R$I\xaa\xb4\xd5\x81\xdf\x10?\xb0\
v{f\x01\x9f\xc2\x87\xfd$I5s$0\x8d\xf8\
\x81\xb6\x1b\xf3\x17`\xd3\xc1\xb7V\x92\xa4\xee\xb66\xf0\
3\xe2\x07\xdcn\xc9K\xc0\x09\xb8\xa6\x82$\xa9!\xf6\
\x03\xee#~\x00\x8e\xcaB\xe0W\xc0\xf8\xa16R\x92\
\xa4\xaa\x19N\xba\xe7\xdd\xb4\xb5\x04\xfe\x0c\xbc\xa5\x80\xfe\
I\x92Tic\x80/\x03\xcf\x11?8\x97\x99\xbf\x00\
\x07\x16\xd43I\x92jc4i\xd6\xbbG\x88\x1f\xac\
\x8b\xcaB\xe0\x0a`\x9f\x02\xfb$IR-\xf5\x02\x87\
\x02W\x01}\xc4\x0f\xe2\x83\xc9t\xe0T\xe0\x8d\x05\xf7\
F\x92\xa4F\xd8\x00\xf8*p?\xf1\x83z\xab\xcc\x07\
.\x07>\x04\xac\x5cF3$Ij\xa2\xad\x81\x13I\
\xf7\xd2\xe7\x13?\xe0/\xf9\xa4\x7f1\xf0Q`\x8d\xb2\
6\x5c\x92\xd4L\xce\x0c\xf7Z\xa3\x80]\x80\xdd\x81\xdd\
\x80\xb7\x01+f\xf8\xbeS\x80[\x81\x1b\x80\x1b\x81[\
H'#\x92$\x15\xce\x13\x80\xd6V\x06\xb6\x046[\
*\x9b.\xfe\xe7*\x1d~\xad>\xd2\xfa\x05\x0f\x01\x0f\
/\xf5\xcf{\x81\x07\x0b\xaaW\x92\xa4\x96<\x01\x18\x9a\
Q\xa47\x0cF\x03cI\xaf\x1d\x8e&\xcdC\xf0\x12\
i\xd9\xdd\x97\x97\xfa\xf7\xe9\xc0\xbc\x90J%I\x92$\
I\x92$I\x92$I\x92$I\x92$I\x92$I\
\x92$I\x92$I\x92$I\x92$I\x92$I\x92\
$I\x92$I\x92$I\x92$I\x92$I\x92$\
I\x92$I\x92$I\x92$I\x92$I\x92$I\
\x92$I\x92$I\x92$I\x92$I\x92$I\x92\
$I\x92$I\x92$I\x92$I\x92$I\x92$\
I\x92$I\x92$I\x92$I\x92$I\x92$I\
\x92$I\x92$I\x92$I\x92$u\xb1\xff\x0fW\
\xebQ;\xa3\xb5\xbe]\x00\x00\x00\x00IEND\xae\
B`\x82\
\x00\x00ZM\
\x89\
PNG\x0d\x0a\x1a\x0a\x00\x00\x00\x0dIHDR\x00\
\x00\x02\x00\x00\x00\x02\x00\x08\x06\x00\x00\x00\xf4x\xd4\xfa\
\x00\x00\x00\x04sBIT\x08\x08\x08\x08|\x08d\x88\
\x00\x00\x00\x09pHYs\x00\x00\x0e\xc4\x00\x00\x0e\xc4\
\x01\x95+\x0e\x1b\x00\x00\x00\x19tEXtSof\
tware\x00www.inksca\
pe.org\x9b\xee<\x1a\x00\x00 \x00ID\
ATx\x9c\xec\x9dw\x98]U\xd5\x87\xdf\x99\xf4\xde\
IH \x04\x02$\xa1\xb7\xa0\xf4\x22FA\x8a\xa04\
\xf9\xa4\xf8\x81\x88\x0a\xd8\xf9@E\xc4\x86\x05\x1b  \
E\xa5KS\xe9J\x87\xd0{\x0d%!\x85\x1e\x02i\
\xa4'\x93\xef\x8f5c\xc61\xc9\xdc}\xee\xdeg\x9d\
u\xcez\x9f\xe7\xf7$\xa0\xdc\xbb\xee\xef\xb4u\xd6\xde\
{\xed\x06\x1c\xc7\xb1@\x03\xb0\x060\x08\x18\x0c\x0c\x04\
\xfa6\xab_\xab?{\x03\x9d\x9a\xff\xb93\xd0\xa3Y\
\x9d[}Vw\xa0K\x9b\xcf\x9f\xd9\xea\xef\xcb\x81Y\
\xad\xfey\x110\x07\x98\xdd\xac\x99m\xfe\xb9\xe5\xef\xef\
\x01o7kA\x1d\xbf\xd5q\x9c\x1ch\xd0\x0e\xc0q\
\x1c:\x01\xc3\x81\xb5[\xfd\xb96\xb0V\xf3\x9f\x83\x90\
\x87\x7f\x07\xad\x0030\x93\x15\xc9\xc0[\xad\xfe|\x13\
\x98\xd4\xac9j\xd19\x8e\xe3\x09\x80\xe3\xe4D\x030\
\x02\xd8\x18\xd8\x00X\xbf\x95\x86\x03\x1d\xd5\x22\xd3c:\
0\xb1\x8d&5\xff\xf9\x81b\x5c\x8eS\x09<\x01p\
\x9c\xf8\xf4\x026D\x1e\xf6[\x03\x1b\x01[ e{\
\xa76f\x02/\x02O4\xeb\x85f-\xd4\x0c\xcaq\
\xca\x84'\x00\x8eS\x1f#\x81\xad\x80M\x81\xcd\x9a5\
\x02\xbf\xb6R\xb0\x18I\x02\x9em\xd6c\xc0\xe3\xf8|\
\x03\xc7\xc9\x84\xdf\xa4\x1c\xa7v:\x02\xa3\x80\x1d\x80\x1d\
\x81]\x90\xf2\xbd\xa3\xc7R\xe0\x15`<\xf0\x00+\xaa\
\x05\x8e\xe3\xb4\x83'\x00\x8e\xb3j\xfa\x01\xdb7kG\
`,\xd0M5\x22\xa7\x16\xde\x04\x1e\x02\x1eD\x12\x83\
'\x81e\xaa\x119N\x01\xf1\x04\xc0qV\xd0\x1b\xd8\
\x03\x18\x87<\xf0\xc7\x00\x8d\xaa\x1191\xf8\x00\xb8\x1b\
\xb8\x03\xb8\x1d\x99h\xe88\x95\xc7\x13\x00\xa7\xea\xac\x07\
\xec\x03\xec\x0d\xec\xcc\x7f\xae\x97w\xca\xc9\xdbHe\xe0\
\x0e\xe0&dy\xa2\xe3T\x0eO\x00\x9c\xaa\xd1\x07y\
\xcb\xdf\x13\xf8$0L7\x1cG\x99&d\xde\xc0\xdf\
\x81\x7f\xe0\xf3\x07\x9c\x0a\xe1\x09\x80S\x056\x00>\x83\
<\xf0w\xa0\x9ak\xee\x9d\xda\x98\xc8\x8ad\xe0!|\
\xee\x80Sb<\x01p\xca\xca\xba\xc0A\xc0\xc1\xc0\x96\
\xca\xb186\x99\x0e\xdc\x88$\x03\xb7\xe3=\x08\x9c\x92\
\xe1\x09\x80S&\xd6B\xde\xf4\x0fDf\xee\xfb\xf9\xed\
\xc4b\x012_\xe0R\xe0Vd\xf9\xa1\xe3\x98\xc6o\
\x90\x8eu\x06\x02\x07\x00\x87\xe3\x0f}'\x1f\xde\x07\xae\
C\x92\x81\x07\x90\xcd\x93\x1c\xc7\x1c~\xb3t,\xd2\x0d\
y\xcb\xff\x02\xb0\x13\xbeT\xcf\xd1\xe3%\xe0\x8af\xf9\
\xf2B\xc7q\x9cDl\x06\x9c\x85\xf4\x89_\xeer\x15\
HM\xc0\xbd\xc0a@W\x1c\xc7q\x9c\xba\xe9\x8a\xbc\
\xed\xdf\x8e\xfeM\xde\xe5\xaaE3\x81\xf3\x81Mp\x9c\
\x02\xe3C\x00NQ\xd9\x18\xf8<p\x0c\xd0_9\x16\
\xc7\xc9\xca\x13\xc0\x1f\x91\xf9\x02\xbei\x91S(<\x01\
p\x8aDW\xe4\xa1\xff%d\x87=\xc7)\x0b\xef\x01\
\x7f\x06\xfe\x00LQ\x8d\xc4q\x1c\xa7@\x0c\x04NB\
6q\xd1.\xdf\xba\x5c)\xb5\x0c\xe9-\xb0\x1d\x8e\xe3\
8\x15f$\xf0;`\x1e\xfa7f\x97+o=\x8e\
,_\xed\x80\xe38NE\xd8\x1a\xb8\x04i\xa6\xa2}\
\x13v\xb9\xb45\x118\x11\xe8\x81\xe38N\x09\xe9\x80\
\xcc\xe6\x7f\x18\xfd\x1b\xae\xcbUD\xbd\x07\x9c\x06\xf4\xc3\
q\x1c\xa7\x04t\x04\x8eB\x9a\xa4h\xdf`].\x0b\
\x9a\x05\xfc\x10O\x04\x1c\xc71J#\xf2\xc6\xff2\xfa\
7T\x97\xcb\xa2\xe6\x00g\xe0\x89\x80\xe38Fh\x00\
\xf6\x01\x9eB\xff\x06\xear\x95A\x9e\x088\x8eSx\
\xfc\xc1\xefr\xa5\xd3,d\x8e@o\x1c\xc7q\x0a\xc2\
\x1e\xc0#\xe8\xdf ]\xae*h\x06\xd27\xa3\x0b\x8e\
\xe38Jl\x0b\xdc\x8f\xfe\x0d\xd1\xe5\xaa\xa2^\x06\xf6\
\xc7q\x1c'G\x86\x22\x9b\x9d,C\xff&\xe8rU\
]\x0f#\xdbb;\x8e\xe3$\xa33\xd2\xb0d\x0e\xfa\
7=\x97\xcb\xf5\x9f\xba\x11X\x1f\xc7\xa9\x11oA\xe9\
\xd4\xca\x81\xc0\x0d\xc0!\xf8\xd8\xa3\xe3\x14\x91\x0d\x91\x8d\
\xb4z\x03\x0f\x01\x8bu\xc3q\x8a\x8e\xef\x06\xe8\xb4\xc7\
\x96\xc0o\x81\x9d\xb5\x03q\x1c\xa7f\xde\x02NFZ\
n;\xceJ\xf1\x04\xc0Y\x15\x03\x80S\x81\xaf\xe0\x95\
\x22\xc7\xb1\xca\xdd\xc85<A;\x10\xa7x\xf8\x8d\xdd\
iK\x03\xf0E\xe0&`\x17\xa4\xa3\x9f\xe386Y\
\x178\x1a\x19\xb6{\x18\xd9\x80\xcbq\x00\xaf\x008\xff\
\xc9Hdv\xff\xc7\xb4\x03q\x1c':o\x00\xdf\x00\
\xae\xd1\x0e\xc4)\x06\xfev\xe7\x00tB\xc6\x0b\x9f\xc7\
\x1f\xfe\x8eSV\xd6\x02\xae\x06\xae\x03\x06+\xc7\xe2\x14\
\x00\x1f\x02p6\x07\xfe\x01|\x1e\xd9\xb9\xcfq\x9cr\
3\x06\x19\x16\x98\x09<\xa1\x1c\x8b\xa3\x88W\x00\xaaK\
7d\x83\x91'\x80m\x94cq\x1c'_\xfa\x22\xc3\
}7\x03\xc3\x94cq\x94\xf0\x0a@5\xd9\x19\xb9\xf0\
\xf7\xc3\x93@\xc7\xa92\x1b\x00_\xc0\xab\x01\x95\xc4'\
\x01V\x8b\xee\xc0\xaf\x91Y\xfe~\xec\x1d\xc7i\xcd\x8d\
H#\xa1\xb7\xb4\x03q\xf2\xc1\x1f\x02\xd5a+\xe0r\
`\xb4v \x8e\xe3\x14\x96\x99H\xdf\x80+\xb5\x03q\
\xd2\xe3\x09@\xf9i\x04\xbe\x05\xfc\x08\xe9\xe5\xef\x94\x9f\
\x85\xc0\x02\xe4f\x0e\xb0\x08\x98\xdf\xfc\xf79\xc8&N\
K\x81\xb9\xcd\xff\xae\x01\x19\x13f%\xff\xdc\x1d\xe8\x83\
\xb4\x97\xed\x99.d\xa7`\xfc\x198\x1e\xf8P9\x0e\
'!\x9e\x00\x94\x9b\xb5\x90V\xa0\xbbi\x07\xe2\xd4\xcd\
\xbb\xc0\x14\xe0u`:\xb2'\xfc\xfb\xad\xf4^\xf3\xbf\
\x9b\x01\xccK\x14C\x07$\x11\xe8\xd7\xfcg\x1f`M\
`\x082\x91l\x08\xb2Sd\xcb\x9f}W\xfe1\x8e\
\x11^\x05\x0e\xc5\xe7\x06\x94\x16O\x00\xca\xcbg\x91Y\
\xbe\xfd\xb5\x03qjb\x0e0\x09y\xc8OnV\xeb\
\xbf\xcf_\xd5\x7fX`z\x22\xbb\xd3\xad\x8f4\x99Z\
\xbf\x95\x86\xe1\xf7\x1f\x0b,\x06\xbe\x0b\x9c\x89\xec8\xe8\
\x94\x08\xbf\x00\xcbGO\xe0\xf7\xc0Q\xda\x818+e\
\x19\xf2\xa0\x7f\xb6\x8d\xa6P\xad\x1bl7d=\xfa\xe6\
\xc0f\xc0\xa6\xc0\x16\xc8\x1e\x14N\xf1\xf8\x17p\x04\xf0\
\x8ev N<<\x01(\x17c\x81+\xf0=\xc1\x8b\
\xc2R\xe0I\xe0\x11\xe4!\xff\x0c\xf0\x026\xdf\xe6\xf3\
b(\x92\x10l\x09|\xb4Yk\xa8F\xe4\xb40\x1d\
8\x12\xb8U9\x0e'\x12\x9e\x00\x94\x87\xc3\x81\xf3\x90\
7+G\x87\xb9\xc8\xc3\xfe\x01d\xdc\xf4>`\xb6j\
D\xe5`(\xb0\x03\xb0#\xb05\xb0-\xd2\xbe\xda\xc9\
\x9f\xe5\xc0/\x90\xd6\xe1U\xaaX9N!\xe9\x0a\x5c\
\x88\x5c\x8c\xae|\xf5\x062\xc9\xf2KH\x09\xdb\x9b*\
\xe5C/`Od\x5c\xfa\x19\xa0\x09\xfds\xa1j\xfa\
\x13~\xbe;\x8e*\xc3\x81\xc7\xd0\xbf\x19TE\x8b\x81\
{\x80\x93\x90\xb1k\xa7\x18\x0c\x06\x0eC\x1eJ\xaf\xa3\
\x7f\x9eTE\x17\xe3Ud\xc7Qa\x0fd\xe9\x97\xf6\
M\xa0\xecz\x1d\xb8\x008\x00Y\xfa\xe6\x14\x9f\x8d\x80\
\xff\x03\x1e\xc6\xab\x03\xa9\xf5\xfd\x1a\x8f\x89\xe38\x11h\
@\xde@\x97\xa2\x7f\xf1\x97U\xcf\x02\xdfC\xca\xfa\x8e\
m\x86\x02\xc7\x22\x13\xd7\x16\xa1\x7fn\x95M\xcb\x80O\
\xd6|4\x1c\xc7\xc9L/d/o\xed\x8b\xbe\x8cz\
\x118\x0dY\x9a\xe6\x94\x93\xde\xc0\xc1\xc0\xdf\x90n\x89\
\xda\xe7\x5cY4\x0d\xaf\x8e9NRF\x01\x13\xd0\xbf\
\xd8\xcb\xa4W\x81\x1f#\xcb\xce\x9cj\xd1\x0f8\x06\x99\
\xd3\xb1\x0c\xfds\xd1\xba~\x1d\xe4\xbe\xe385\xb33\
\xd2\xeeU\xfb\x22/\x83\xde\x07~\x8bl\x8e\xe48\x00\
k\x03\xdfAV\x14h\x9f\x9fV\xb5\x00i=\xee8\
ND>\x87\x97+\xebU\x13p72S\xbck\x98\
\xfdN\xc5\xd8\x1ai\xa1=\x17\xfd\xf3\xd6\x9a~\x95\xc1\
o\xc7qV\xc1\x89xy\xb2\x1e}\x80\xdc\xcc7\x09\
5\xde\xa9<\xbd\x80/\x22\x0d\x9d\xb4\xcfc+\x9a\x81\
'\xd8\x8eS7\x9d\x80\x8b\xd0\xbf\xa0-\xaa\x09\xe9[\
~ \xbe\xfd\xb1\x13\x87\xb1H\xb3\xady\xe8\x9f\xdfE\
\xd7\xde\x19=v\x1c\x07\xd9b\xf5_\xe8_\xc8\xd6\xb4\
\x10iL\xe2o\xfbN*\x06 ;\xe3\xbd\x8d\xfe\xf9\
^T\x9d\x93\xd9]\xc7\xa98\xc3\x80\xa7\xd0\xbf\x88-\
i6\xf0;|\x02\x92\x93\x1f\x9d\x91\xbd7\x9eC\xff\
\xfc/\x9a\x9e\xab\xc3W\xc7\xa9,\x9b\xe1mLC\xf4\
\x1a\xd2\x10\xa9O\x16\xb3\x1d'\x12;\x027\xe2\x1d\x07\
[\xb4\x14\xe8^\x97\xa3\x8eS1v\x05\xe6\xa0\x7f\xf1\
Z\xd0\xe3\xc0g\x81\x0eY\x8cv\x9cDl\x83'\x02\
-\xda\xa8N/\x1d\xa72|\x12\xd9\x1f^\xfb\xa2-\
\xba\x9eG&\xf6\xf9\xe6#N\x91\xd9\x0c\xb8\x9aj'\
\x02\xbb\xd7\xed\xa2\xe3T\x80}\x90\x06\x1a\xda\x17l\x91\
5\x01\x19o\xf57~\xc7\x12UN\x04\xf6\x8d\xe0\x9f\
\xe3\x94\x9a\xc3\x80%\xe8_\xacE\xd5D\xfc\xc1\xef\xd8\
gk\xe06\xf4\xaf\xa7<\xe5\x09\x80\xe3\xac\x86c\xf0\
\x06?\xab\xd2T\xe0h\xa4\x17\x82\xe3\x94\x85q\xc0\xd3\
\xe8__y\xe8c\x91<s\x9c\xd2\xf1e\xaaY\x16\
lO\xf3\x90\xdd\xf8\xbaev\xd6q\x8aM#2\x8f\
e2\xfa\xd7[J\x8d\x8ee\x98\xe3\x94\x89\xef\xa2\x7f\
q\x16MM\xc0_\x90}\xdb\x1d\xa7\x0at\x07NA\
zXh_\x7f\xb1\xe5\xcb\x00\x1dg%\xfc\x14\xfd\x8b\
\xb3hz\x10\xd8\xb6\x1eS\x1d\xc70k \xdd+\xcb\
T\x11|>\xaaC\x8eS\x02~\x84\xfe\x85Y$\xbd\
\x8eL\x82\xf4%}\x8e\x03;P\x9e\xf9\x01\xe7G\xf6\
\xc6qLs\x12\xfa\x17eQ\xb4\x08I\x86z\xd4\xe5\
\xa8\xe3\x94\x8f\x8e\xc8\xee\x9f\xd6\x87\x05|3 \xc7i\
\xe6\xab\xe8_\x90E\xd1C\xc0\xc6\xf5\xd9\xe98\xa5g\
M\xe0\x0a\xf4\xaf\xd7,z\x0f\xdf\x0e\xd8q\x00\xf8\x02\
\xe5\x1a\xdb\xcb\xaa\xb9\xc0\x09\xc8\x0ch\xc7qjc\x0f\
\xec\xad\x16\xf8E\x12'\x1c\xc7\x18\x87 \xb3a\xb5/\
Hm\xdd\x02\xacS\xa7\x97\x8eSUz\x02\x7f\xc0\xc6\
\x8b\xc4\x02|GN\xc7a_`1\xfa\x17\xa4\xa6>\
\x00\xbeX\xaf\x91\x8e\xe3\x00\xb2\xe3\xe0+\xe8_\xd7\xab\
\x93\xbf\xfd;\x95g\x1c\xb0\x10\xfd\x8bQSW\x01\x03\
\xeb5\xd2q\x9c\xff\xa0\x07p\x16\xc5\xac\x06L\x05z\
\xa7\xfb\xe9\x8eS|vB\xba\xd9i_\x8cZ\x9a\x0d\
|\xben\x17\x1d\xc7Y\x1d\xbb\x00S\xd0\xbf\xde[\xb4\
\x0c\xf8x\xca\x1f\xec8Eg#\xa4\xec\xad}1j\
\xe9a`\xfd\xba]t\x1c\xa7\x16z\x03\x97\xa3\x7f\xdd\
/G:\x1a:Ne\x19B\xb12\xf2<\xb5\x04\xf8\
\x01\xb2\x86\xd9q\x9c|\xf9_\xe0C\xf4\xae\xff\x0b\xf1\
f^N\x85\xe9\x86\xbc\xfdj?\x8854\x05\x99\x9c\
\xe48\x8e\x1e\xa3\x80'\xd1y\xf8\xfb\xd2^\xa7\xb2t\
\x00\xfe\x81\xfe\x83XC\x7f\x06z\xd5\xed\xa0\xe381\
\xe8\x02\xfc\x86|&\x08.C\xca\xfe\xfe\xe6\xefT\x9a\
\xdf\xa3\xff \xce[\x0b\x90\xb2\xa3\xe38\xc5c\x1c0\
\x8dt\xd7\xffT|\xc2\x9f\xe3\xf05\xf4\x1f\xc6yk\
*\xb0M\x0c\xf3\x1c\xc7IF\x1f\xe0WH\xb2\x1e\xeb\
\xda\x9f\x0f\x9c\x89W\xfd\x1c\x87O#e0\xed\x07r\
\x9e\xba\x03_\xdb\xef8\x96\x18\x0e\xfc\x12\x98A\xf6\xeb\
~:\xd2\xe0gX\xce\xb1;N!\xd9\x96j\xad\xf5\
o\x02\xce@\xe6;8\x8ec\x8f\xae\xc0>\xc0\x1f\x81\
\x17X}\x8b\xf2%\xc0\xb3\xc09\xc0^\xc8\xdc\x02\xa7\
\xc4\xf8D\x8e\xda\x19\x0e<\x0a\x0c\xd6\x0e$'\xe6\x02\
G\x01\xd7i\x07\xe2\xd4Lw\xa0\x7f\xb3\x06\xb4\xfa{\
Gd\xedx\x07\xda\xef\xd8\xb6\x00\xe9f9\x0b\xd9\xbe\
y\x1e\xd2\xe4i:\xf0>\xf2F\xb9 A\xecN>\
t\x07F \xbb\x0e\xf6o\xfew\xef!\xc7w2~\
l+\x85'\x00\xb5\xd1\x15\xb8\x0f\x18\xab\x1dHN\xbc\
\x0a\xec\x07L\xd0\x0e\xc4\xf97\x1d\x81u\x81\x0d\x80\x91\
HYv(\xb06r3_\x1b\xb9\xb9\xe7\xc1|\xe4\
\xa1\xf1:2\xe9lZ\xab\xbf\xbf\x06LD\xf6\xc3p\
\x1c\xa7\xc0x\x02P\x1b\x17\x00Gk\x07\x91\x13\xe3\x91\
y\x0e\xefk\x07RQ:!\x9d%7k\xd6\x18\xe4\
\xa1\xbfn\xf3\xfff\x81\xa5H\x9f\x88\x97\x90$\xf2\x15\
\xe0i\xe09\xa4\xaa\xe08N\x01\xf0\x04\xa0}\x8eA\
\xc6\xcf\xaa\xc0_\x81#\x91\x12\xb0\x93\x9e\x8e\xc0&\xc0\
\xf6\xc8\xfc\x92\xcd\x91\x87\x7fg\xcd\xa0\x12\xb2\x04\x19\x87\
~\xb2YO4k\x89fP\x8eSU<\x01X=\
\xdb\x22\xa5\xff*L\x869\x03i\xf0\xb1\x5c;\x90\x12\
\xd3\x03\xd94jG\xe4\xa1?\x16\xd9\xf3\xbd\xca\xccG\
\xe6\xd6\xdc\x0f<\x00<\x04\xccQ\x8d\xc8q\x9c\xca3\
\x88\xb4M5\x8a\xa2%H\x95\xc3\x89Og\xe4\x81\x7f\
\x1a\x92H.F\xffx\x17]K\x91\xf6\xda?D\x92\
$\xdfg\xc2q\x9c\x5c\xe9\x08\xdc\x89\xfe\xcd0\xb5f\
\x03\x9f\x88\xe4\x99#\x0cB\x86Q\xaeCVRh\x1f\
c\xeb\x9a\xd9\xec\xe51\xc0\x1a\xb5\x1f\x06\xc7q\x9cl\
\xfc\x02\xfd\x1b_j\xbd\x89L2s\xeag}\xe0$\
\xa4\x84\xbd\xbau\xd6\xae\xfa\xb4\x0c\xa9\xa4|\x1d\x99\x14\
\xe98\x8e\x13\x95\xcf\x92\xcf\xa6\x1a\x9a\x9a\x8c,%s\
\xb23\x1c\xf8\x16\xf0\x18\xfa\xc7\xb3\xaaz\x12\xf8\x0e\xb0\
V;\xc7\xcaq\x1c\xa7]6@& i\xdf\xd8R\
\xeaed\xcd\xb8\x13N\x1f\xe0K\xc8R\xc9\xb2'\x89\
\x96\xb4\x0c\xb8\x0bi\x5c\xd5^\xa3#\xc7q\x9c\xff\xa2\
\x132\x1bY\xfbf\x96R\xcf\x02Cb\x19V\x11\x1a\
\x80]\x81K\x90\x19\xeb\xda\xc7\xd0\xb5z\xcd\x07.\x07\
v\xc1W99\x8eS#?A\xff\xe6\x95R\x8f!\
\xeda\x9d\xda\x18\x08\xfc\x1f\xd2\xd5N\xfb\xd8\xb9\xb2i\
\x02\xb2sg?\x1c\xc7qV\xc1\xce\x94{\xf2\xd6\xfd\
H\xf9\xdai\x9f-\x80\x8b\x88\xbb\x9d\xaaKW\x0b\x80\
?\x03[\xe28\x8e\xd3\x8a\xbe\xc8^\xf7\xda7\xa9T\
\xba\x1di@\xe3\xac\x9aF\xe0\x00d\x86\xb9\xf6\xf1r\
\xa5\xd5\x9d\xc8Nw><\xe08\x0eW\xa2\x7fSJ\
\xa5\xbb\x80n\xf1\xac*\x1d\x9d\x91\x89c\x13\xd0?V\
\xae|\xf5\x02\xb2\xbfG\x15\xba|:\x8e\xb3\x12\x0eG\
\xffF\x94J\x0f\x01\xbd\xe2YU*\xba\x00_\xa4\xdc\
\x95\x1fWm\x9a\x06\x9c\x88'\xca\x8eS)\xd6E:\
\xe1i\xdf\x80R\xe8iV\xec\xf5\xed\xac\xa03\xf2\xe0\
\x7f\x0b\xfdc\xe4*\x96\xdeA\x9a9y\x22\xe08%\
\xa7#\xd2\xb5M\xfb\xa6\x93B/ 3\xd8\x9d\x15t\
BZ\xc9Vao\x07W}z\x038\x16\xdf\x83\xc0\
qJ\xcb\xf7\xd1\xbf\xd1\xa4\xd0\xab\xc0\x9a\x11}\xb2N\
\x03p(\xe2\x8b\xf6\xb1q\xd9\xd2\x04\xe0\xd38\x8eS\
*F#\xfb\xddk\xdf`b\xebu\xbc?zk\xb6\
A\x96?j\x1f\x17\x97m=\x8c,\x13v\x1c\xc78\
\x8d\xc0\x83\xe8\xdfTb\xeb\x1d\xa4\x8d\xb1#m\x8e/\
\xc3[\xf5\xba\xe2\xeaJ`\x18\x8e\xe3\x98\xe5x\xf4o\
$\xb15\x0f\xd86\xa6IF\xe9\x82\x0c\xed\xccC\xff\
\x98\xb8\xca\xa9\xb9\xc8\xe6C\x9dq\x1c\xc7\x14\xc3)\xdf\
F?\xcb\xf0qJ\x80\xdd\x81\x97\xd0?\x1e\xaejh\
\x02\xf0q\x1c\xc71\xc3\x0d\xe8\xdf8b\xebkQ\x1d\
\xb2G\x7f\xe0|\xbc\xdc\xef\xd2\xd1\xd5\xc0 \x1c\xc7)\
4\x87\xa1\x7f\xb3\x88\xad\xdfGu\xc8\x1eG\x02\x1f\xa0\
\x7f\x1c\x5c\xd5\xd6t\xe0\x10\x1c\xc7)$\x03\x80w\xd1\
\xbfQ\xc4\xd4M@\x87\x98&\x19b0\xf07\xf4\x8f\
\x81\xcb\xd5Z7#\x13P\x1d\xc7)\x10\x97\xa2\x7fs\
\x88\xa9\xc7\xa9\xee\xe6>\x07\x023\xd0?\x06.\xd7\xca\
4\x1b\xe94\xe98N\x01\xf8$\xfa7\x85\x98\x9a\x06\
\x0c\x89\xea\x90\x0d\x06\x00\xd7\xa3\xef\xbf\xcbU\x8b\xae@\
v\x19u\x1cG\x89.\xc0D\xf4o\x06\xb1\xb4\x10\x18\
\x1b\xd5!\x1b\xec\x8249\xd2\xf6\xdf\xe5\x0a\xd1T`\
W\x1c\xc7Q\xe1$\xf4o\x021ut\x5c{\x0aO\
G\xe0t`)\xfa\xde\xbb\x5cY\xb4\x0c\xf8\x09\xd5\x9d\
\xaf\xe38*\x0c\xa1\x5ck\xfe/\x88kO\xe1\x19\x0e\
\x8cG\xdfw\x97+\x86\xee\xa6\x9aCw\x8e\xa3\xc2\xc5\
\xe8_\xf4\xb1\xf4$\xd5\xda\xa2tg\xa4\xb5\xb1\xb6\xef\
.WLM\xc7\x9b\x079Nr\xb6FJo\xda\x17\
|\xac\x9bFU\x96\x165\x00\xdf\xc6K\xfe\xae\xf2j\
)p2r\xae;\x8e\x93\x80\xfb\xd0\xbf\xd0c\xdd,\
\xc6E\xf6\xa6\xa8\xf4\x04\xfe\x8a\xbe\xe7.W\x1e\xba\x1a\
\xe8\x8e\xe38Q9\x18\xfd\x8b;\x96\xbe\x1d\xd9\x9b\xa2\
2\x02x\x0e}\xbf]\xae<\xf5\x04\xd5\xa9\xee9\x05\
\xa5L\xa5\xa8n\xc8\x860\xc3\xb5\x03\x89\xc0m\xc0^\
\xc8\x8d\xa2\xcc|\x14\xf8;\xd2\xdd\xcfq\xaa\xc6;\xc0\
\x01\xc0C\xda\x81T\x84\x11\xc06\xc0z\xc0PV\xcc\
\xad\x9a\x0f\xbc\x8d,\x1b\x7f\x0a\x98\xac\x11\x9cS\x1f\xdf\
G?\xab\x8f\xa1\xe9Tc\xc6\xf0A\xc8\x85\xa7\xed\xb7\
\xcb\xa5\xa9\x85\xc0\xa18\xa9\xd8\x158\x17x\x83\xda\x8f\
\xc9T\xe0\x0f\xc0N\xf9\x87\xebda-\xe0C\xf4/\
\xe6\x18\xda7\xb27E\xe4\x14|\x07?\x97\xabEM\
\xc0\xb7pb\xd1\x01\xd9,,\xc6\xd0\xe2\x8b\xc0\xe1x\
/\x87B\xf3G\xf4/\xe2\x18:7\xb61\x05\xa3\x11\
\xf9\x8d\xda>\xbb\x5cE\xd4o\x91k\xc4\xc9\xce\xae\xc0\
\xb3\xc4?6/ K\x94\x9d\x82\xb1\x1e\xb0\x18\xfd\x8b\
\xb7^M\xa0\xdc3\x83;\xe33\xfd]\xae\xf6t\x0d\
\xd0\x15'\x94.\xc0oH[Yl\x02~\x87\xdc\xcb\
\x9c\x82\xf0g\xf4/\xdaz\xb5\x08\xd8*\xb2/E\xa2\
'\xf0O\xf4}v\xb9,\xe8\x0e\xaa\xbb\xe3g\x16\x06\
\x91o\xe7\xd0\xf1\xc0\x1a\xb9\xfc2g\xb5\x8c\xa2\x1c\x8d\
c\xbe\x13\xdb\x98\x02\xd1\x1fx\x18}\x8f].K\x1a\
\x0f\xf4\xc1i\x8f\xa1\xc0+\xe4\x7f|^\x00\xd6\xcc\xe1\
\xf79\xab\xe1J\xf4/\xd4zu/\xe5\x1d\xf7\x1b\x80\
,\xab\xd1\xf6\xd8\xe5\xb2\xa8\xc7\x90k\xc8Y9\x03\x90\
\x07\xb1\xd6\xf1y\x01\xe3\xdb>[\xee\x03\xb0\x09\xf0\x0c\
\xb6\x1f\x9e\x0b\x81\xcd\x91\x0c\xb6l\x0cDJ\x99\x9bk\
\x07R\x11\x96 K\x9d\xa6 \xeb\x98\xa7\x02\xef7\xeb\
\x83f-D\x96^.\x06\xe6\xb5\xf9\xef;#e\xe7\
^\xc8xj\x1f\xe4\x06;\xb0\xd5\x9f\xeb }6\x86\
\x03\xfdR\xfe\x18\xe7\xdf<\x87\xec!\xf0\xaev \x05\
\xa3\x03p+\xfa\xfb+\xdc\x0e\xec\x89\xb4\x9f7GG\
\xed\x00\xea\xe0\x87\xd8~\xf8\x83lw[\xc6\x87\xff \
\xe4\xe1\xbf\x99v %d\x06\xf08\xb2I\xd4\xab\xc8\
\xc3~\x0a\xf0&2\x1c\x96\x17\xbd\x91!\xb8Q\xc0\x18\
`42\x8feD\x8e1T\x81M\x91ki7\xe4\
\xd8;\xc2\xf7\xd0\x7f\xf8\x83\xc4\xf0m\xe0\x0c\xed@\xb2\
`\xb5\x02\xb0\x15r\x13\xb4\x1a?H\xf5b,\xf2\xe6\
V&\x06\x01w\x227.\xa7>f#-c\x1fG\
\xca\xc1\x8f#\x0f\xfb\x22\xd3\x1f\xb9>\xc7\x02\xdb7\xab\
\xbfjD\xe5\xe0i`w`\xa6v \x05`\x13\xe4\
\xba(\xcal\xfc\xc5\xc0\x96H\xcf\x00'\x07nB\x7f\
|\xae\x1e-EZR\x96\x8d>\xc8\x9b\xa9\xb6\xbfV\
\xb5\x08I\x9e\xbe\x8dTO,'\xb8-4\x00\x1b\x03\
_\x06\xfe\x86$5\xda>[\xd5#H\xe5\xa5\xea\xdc\
\x8e\xfe\xb1h\xab\x9b\x92\xfeb\xe7\xdf|\x14\xfd\x83]\
\xaf~\x15\xdd\x15}\xba!\x13\x1a\xb5\xbd\xb5\xa6I\xc0\
9H\x07\xc8\x9e\xc1\xae\xdb\xa3#\xd2b\xf5\xa7H\xef\
\x0bm\xff\xadi<\xd5^\x22\xb8\x0b\xfa\xc7`U\xf2\
FA9p\x03\xfa\x07\xba\x1eM\xa2|\x0d\x7f:\x01\
7\xa2\xef\xad\x15=\x8d\xec\x0b\xbfa\x16\xb3K\xc6\x18\
\xc4\x0b_-R\xbbnE\xae\xb9*\xf27\xf4\xfd_\
\xddqq\x122\x1a\x99m\xa9}\xa0\xb3\xaa\x09\xd8#\
\xba+\xba4\x02\x97\xa1\xefm\xd15\x058\x0d9\x87\
\x9d\x95\xb312\x99j\x1a\xfa\xc7\xab\xe8\xfa\x0b\xe5\x18\
\x22\x0aa\x082gJ\xdb\xfbU\xa9\x09\xd8\x22\xd9\xaf\
w\xcc\xf7\xfc\xbf<\xbe%\xea\x9c\x89\xbe\xafE\xd5B\
\xe0*d\xa6\xb0\xf5\x15+y\xd2\x08\x8c\x03\xae\xa5\x1c\
m\xbeS\xe9\xe7Y\x0d6\xca\xb1\xe8{\xde\x9e\xaeJ\
\xf6\xeb+\xce\x1a\xc0\x02\xf4\x0fpV\xcd\x03\xd6\x8e\xee\
\x8a.\xc7\xa1\xefk\x115\x03\xf8\x1108\xbb\xb5N\
3k\x02\xdf%l;\xd7*\xe9\xc4\xec\xd6\x9a\xe3\x1f\
\xe8\xfb\xdd\x9e\x96\x02\xeb\xa72\xa0\xca\x9c\x8e\xfe\xc1\xad\
G\xa7\xc6\xb7D\x95\x8d\xb1\x9d\x90\xa5\xd0$\xe4\x86\x5c\
\xe5IZ\xa9\xe8\x04\x1c\x88\xcc\x84\xd7>\xceE\xd22\
`\xbf:|\xb5\xc4;\xe8\xfb]\x8b\xceKe@U\
\xe9\x06\xbc\x87\xfe\x81\xcd\xaai\x94k\xe2_\x07d\x22\
\x9b\xb6\xafE\xd1}\xc0\xa7\xf12\x7f^\xec\x01\xdc\x83\
\xfeq/\x8a\xe6R\xfe\xa6[C\xd1\xf7\xb9V-D\
\xe6+8\x91\xf8\x12\xfa\x07\xb5\x1e\x1d\x1a\xdf\x12U,\
\x8c\xc5\xe5\xa1\xdb\x81\xed\xea\xf4\xd2\xc9\xce.\xc0]\xe8\
\x9f\x07E\xd0\x14\xca=\xe4dm\xf9\xf7iI\x5c\xa8\
 \x8d\xc0\xcb\xe8\x1f\xd0\xac\x1aO\xb9f\xebv\x01\xde\
F\xdfWM=\x80\xb4fu\x8a\xc1\xae\xc0\xa3\xe8\x9f\
\x17\xdaz\x10\xe8Z\x9f\x95\x85e?\xf4\xfd\x0d\xd1;\
\xc8\xbd\xd2\xa9\x93O\xa3\x7f0\xb3j\x19\xe5\xeb\xf8w\
\x04\xfa\xbeji\x22\xb0\x7f\xfd\x16:\x09h\x00\x0eF\
\x8e\x91\xf6y\xa2\xa9\x8b\xeb5\xb2\xa0\x1c\x84\xbe\xb7\xa1\
:\x22\x89\x13\x15\xe3~\xf4\x0fdV\xfd)\x81\x1f\xda\
<\x88\xbe\xafyk6\xd2\x9e\xd73\xfa\xe2\xd3\x198\
\x09\x19\x17\xd7>o\xb4tt\xdd.\x16\x8f\xcf\xa2\xef\
k\xa8\x9eL\xe2D\x85\xd8\x06\xfd\x83\x98U\xf3\x91\x89\
+eb\x18\xd2\xecB\xdb\xdb<u9>\xa1\xc7\x22\
k!k\xb2\xb5\xcf\x1f\x0d-\x00\xb6\xae\xdf\xc2B\xf1\
1\xf4}\xcd\x22o\x0f\x5c\x07\x96\x1b\xff\xfc:\x81\x1f\
\xda\x1c\x83\xbe\xafy\xe9e\xca\xd7\xb5\xb1\x8a|\x1cx\
\x0d\xfd\xf3)o\xbdF\xb9va\x1c\x83\xbe\xa7Yt\
m\x0a3\xaa@/\xec\x96\xf1>D\x1a\x17\x95\x8d\x8b\
\xd0\xf76\xb5\x96\x22\xedh\xcb:\x99\xaa\x8a\xf4\x00~\
\x83\x1c[\xed\xf3+O\xddDy& wAv\xcb\
\xd4\xf64T\x8b\x91fVN \x96\xdf6\x7f\x96\xc0\
\x8f\x22P\xf6\xad~_B\x96\x1b9\xe5\xe4\xa3To\
\x92`\x99:\x05>\x86\xbe\x9fY\xf4\xdd\x14f\x94\x1d\
\xab\xcbzfS\xae\xd2[kf\xa0\xefo\x0a5\x01\
g!\x0d\xa7\x9cr\xd3\x1b\xb8\x02\xfds./-\xa0\
<M\x82~\x81\xbe\x9fY4\x19o\x12\x16\xc4\x16\xe8\
\x1f\xb4\xac:-\xbe\x1d\x85\xa03\xfa\xde\xa6\xd0\x0c`\
\xdf\x88>96\xf8\x022T\xa7}\xfe\xe5\xa1\xe7)\
Gr\xbb=\xfa^f\xd5\x9e\x09\xfc(-\xe7\xa0\x7f\
\xc0\xb2\xe8}\xa0O\x02?\x8a@\x0f\xf4\xfd\x8d\xad{\
\x90\x95\x0dN5\x19MuZZ\x9f\x13\xc93M\x1a\
\x81W\xd1\xf72\x8b\xfe\x9e\xc0\x8fR\xd2\x1d\x98\x85\xfe\
\x01\xcb\xa2\x93\x13\xf8Q\x14z\xa2\xefoL\x9d\x09t\
\x8c\xea\x90c\x91\xae\xc0\xd9\xe8\x9f\x8f\xa9\xd5\x04|\x22\
\x92g\x9a|\x0d}/\xb3h\x09\xe5[\x16\x9e\x84#\
\xd1?XY4\x03yH\x96\x95\x06l\xce\xc2m\xab\
\x0f\x81C\x22{\xe3\xd8\xe7\x10d\xcbn\xed\xf33\xa5\
\xa6\x22s ,\xd3\x1b\x98\x89\xbe\x97Y\xf4\x9d\x04~\
\x94\x8e\x07\xd0?PY\xf4\xa3\x14f\x14\x8ci\xe8\xfb\
\x5c\x8f\xa6R\x9e\x09QN|\xb6\x06^G\xff<M\
\xa9\xf3\xa3\xb9\xa5\xc7O\xd0\xf71\x8b^HaF\x99\
\xd8\x18\xfd\x83\x94E\x0b(\xf7N\x5c-\xfc\x13}\xaf\
\xb3\xeaQ\xbc\xa3\x9f\xd3>C\x80\x87\xd1?_S\xa9\
\x09\xe9\xaag\x99\xc1H\xa7Um/\xb3\xa8P{\xc3\
\x14mi\xc2\xe1\xda\x01d\xe42\xe0]\xed r\xc0\
jo\xeb\xeb\x90\x1d\xe3\xdeQ\x8e\xc3)>\xef\x00\xbb\
\x037h\x07\x92\x88\x06\xe0Bl\x0fW\xbe\x8b\xdd}\
V\xac>\xe3\x92\xd3\x80\xac\x97\xd4\xce\xd0\xb2d\xd4\x1b\
%\xf0\xa3\x88|\x1c}\xbfC\xf5\x07\x8a\x97\xe8:\xc5\
\xa7\x03vW#\xd5\xa2\x9f\xc7\xb3J\x85u\x91\x89u\
\xda>\x86j\x06\xb2\xa4\xdai\xc3\xb6\xe8\x1f\x9c,\xba\
)\x85\x19\x05\xa530\x07}\xcfk\xd5\x0f\xd3\xd8\xe0\
T\x88\xd3\xd1?\x8fSh12\xe4j\x99\xab\xd1\xf7\
1\x8b\xf6Ka\x86u\xceD\xff\xc0d\xd1n)\xcc\
(0\x17\xa0\xefy{j\xa2\x5c-P\x1d]~\x80\
\xfe9\x9dB\xf7b{\xaf\x80\x1d\xd0\xf70\x8b\xaeJ\
a\x86e\x1a\xb09\xc3\xfc\xf1\x14f\x14\x9c\xad\xd0\xf7\
}uj\x02\x8eK\xf6\xeb\x9d\xaar*\xfa\xe7v\x0a\
Y\x1f\x93\xb6\xd82\xfeC\xa4\xdf\x8d\xd3\x8c\xd5L\xee\
\xd0\x14f\x18\xe0f\xf4\xbd_\x99\x9a\x80/%\xfc\xdd\
N\xb5\xf9\x1e\xfa\xe7xl\xbd\x83\xed\xee\xa5\x87\xa1\xef\
a\x16\x1d\x98\xc2\x0c\xab\xfc\x0e\xfd\x03\x92\xe5\xc2\xe9\x94\
\xc2\x0c\x03lN\xf1\xb6V\xf5\x87\xbf\x93\x07\xa7\xa0\x7f\
\xae\xc7\xd6\x19Q\x1d\xca\x97\xce\xc0\x9b\xe8{\x18\xaak\
R\x98a\x91F\xe0-\xf4\x0fH\x95.\x9a\x18\x14m\
g\xae\x93\xd2\xfe\x5c\xc7\xf97'\xa3\x7f\xbe\xc7\xd4\x02\
`DL\x83r\xe6\x87\xe8{\x18\xaay\xd8^\x8a\x19\
\x8d]\xd0?\x18\xa1j\x02\xd6Oa\x86!\xba\x02\xcf\
\xa0\x7f,\x96#\xc9\x88\xe3\xe4\x89\xd5I\xcb\xab\xd2\x95\
q\xed\xc9\x95\xb5)^E\xb2\x16yKrd\x9d\xb6\
\xf6\x81\x08\xd5\x9dI\x9c\xb0\xc7\xba\xc0{\xe8\x1e\x8b\x0b\
\xb0=\x93\xd9\xb1I#p-\xfa\xf7\xa2Xj\x02>\
\x12\xd5\xa1|\xb9\x11}\x0fCuu\x12'\x0c\xd1\x01\
\xe9\xea\xa4} BU\xd5\xc9\x7f+\xe3\xa3\xe8\xed\xde\
x\x15r\x0e9\x8e\x06\xdd\x80\x87\xd0\xbf\x1f\xc5\xd2}\
q\xed\xc9\x95}\xd0\xf7/Ts\x80.)\xcc\xb0\xc2\
\x8e\xe8\x1f\x84P\xbdG\xc5\x0f\xdaJ\xf8\x08\xf0>\xf9\
\x1e\x87?S\xddI\x98Nq\x18\x04LD\xff\xbe\x14\
K\xe3\xe2\xda\x93\x1b\x1d\xb0\xb9\x94\xbc\x0c[4g\xe6\
\xc7\xe8\x1f\x80P\xfd:\x89\x13\xf6Y\x0fx\x96\xf4\xfe\
/\x05\xbe\x8f\x97\xfd\x9d\xe20\x0ai\xf1\xaa}o\x8a\
\xa1\x87#{\x93'?B\xdf\xbfP\x9d\x93\xc4\x09#\
<\x81\xfe\x01\x08\xd5\x98$N\x94\x83\xeeH\x82\x94j\
B\xce$\xa4j\xe48Ec'`!\xfa\xf7\xa7\x18\
\xda;\xb27y\xb1\x012\x97A\xdb\xbf\x10\xbdNE\
_f\x86`\xef`\x8dO\xe2D\xf9\xd8\x06\xf8\x17\xf1\
|\x9f\x85,\xbd\xea\x9a\xe7\x8fp\x9c@\xbe\x82\xfe=\
*\x86\x9e\xc4\xeeC\xe9A\xf4\xfd\x0b\xd5VI\x9c(\
8G\xa0o|\xa8\xbe\x9c\xc4\x89\xf2\xb2\x1dp\x09\xb2\
\xce8\x8b\xdf\xcf\x03_\x03z\xe7\x1d\xb8\xe3d\xa4,\
+\x03\xacnXs,\xfa\xde\x85\xea\x07I\x9c\xa8\x01\
\xcd,\xef*\xe0`\xc5\xef\x0fe\x190\x0cY\xb5\xe0\
\x84\xd1\x03\xd9c}\x0f`Kd\x17\xb2\xfem\xfe?\
\x8b\x90r\xd83H\x16\x7f\x1b\xf0b\x8e1\x96\x99\x0e\
\xc0\x80V\xea\x8aL\xa0liD\xf2!\xb2\xb5\xeaB\
d2g\x8b\x96\xe5\x1e\xa9}\xfa\x22o\xd0\xebj\x07\
R'\x0f\x22-\xda\xad\xd1\x0fi,g\xa9Z\xf8\x10\
\xb0\xbd\xc6\x17k%\x00\x1d\x80\xe9\xfc\xf7C\xa0\xc8\xdc\
\x89<\xc0\x9c8t\x06\x06\x22\xdb\x92.c\xc5RB\
';k\x01\x9b\x02\x9b\x01\x1b!\x0f\xa1\x11\xc0P\xc2\
\x97K.CZ\xacN\x05^\x03& \xc9\xd9s\xcd\
\xff\xdeY5\xdb\x02\xf7c\x7f\xdf\xf7\x9d\x91\xdfa\x8d\
\xeb\x81\xfd\xb5\x83\x08`)\xb2\x9ad\x96v y\xb1\
=\xfae\x97P}1\x89\x13\x8e\x93\x9d\xcd\x91!\x92\
k\xc8\xb7\x1f\xfa\x9bH\x13\x93\x13\x91d\xc3\xf9o\xbe\
\x8e\xfe=\xab^\xdd\x14\xdd\x95|8\x04}\xefB\xf5\
\x99$N\x14\x14k\xcb5\x16#o\xab\x8e\xa3I\x17\
`_\xe0B\x8a\xb5\x01\xca\x1b\xcd1\xed\x83\xf7\xc8h\
\xa1\x01\xb8\x01\xfdcS\x8f\x9a\x80Mb\x1b\x93\x03=\
\x91^\xfb\xda\xfe\x85\xe8\xfc$N\x14\x94\xc7\xd17<\
D\xb7\xa5\xb1\xc1q\xda\xa5\x01\x19z\xfa\x0bz\x1d\x17\
C4\x13i\xd2\xb4;vg\x92\xc7b\x006;\x9d\
\xb6\xd6\x9f\xa2\xbb\x92\x0f\xd7\xa0\xef]\x88&\xa7\xb1\xa1\
x\x0cF\xc6\x17\xb5\x0d\x0f\xd1QI\x9cp\x9cU3\
\x08Y\xfah\xb9\xcb\xdc\xab\xc0\xffQ\xed\xea\xd9\xa1\xe8\
\x1f\x87z\xb4\x00\x9b\xc7\xef \xf4\xbd\x0b\xd5\x86I\x9c\
(\x18\xd6\xc6g\x16!3K\x1d'\x0fF\x01\xe7\x01\
\xf3\xd1?\xf7ci>p.\xd2\xa8\xa5\x8a\xdc\x82\xfe\
1\xa8G\x16\xb7\xda\xee\x81\xbdk\xe8\xd8$N\x14\x8c\
\xdf\xa3ot\x88nNc\x83\xe3\xfc\x07\xa3\x80\xcb\xb1\
W\x1d\x0b\xd12\xe0R\xaa\x97\x08\xac\x83,\xb5\xd4\xf6\
?\xab\xa6`s\xd3-k;\x04^\x9e\xc6\x86ba\
\xad\xfd\xefqilp\x1c@\x96\xe8]\x8c\xcd\xfd\xcc\
\xb3j\x09\xb2\x8d\xf3\x90\x08\xfeY\xc1\xfa\xaa\x00\x8b\x8d\
\x81\x8eA\xdf\xb7\x10\xbd\x91\xc6\x86\xe2\xd0\x0b{7:\
\xeb\x0d=\x9cb\xd2\x158\x05\x98\x8b\xfe9\xae\xa59\
Hy\xb9\x0a+\x07:\x00\x8f\xa1\xefyVY\x9c\x08\
\xbd&\xf6*j#\x938Q\x10\xf6@\xdf\xe0\x10M\
Hc\x83Sqv\x01^F\xff\xfc.\x8a&P\x8d\
M\x9e\xb6@\xaa\x1f\xda~g\xd12`\xed\xf8\x96$\
\xe7a\xf4\xbd\x0bQ\xae\x13\xce\x1b\xf3\xfc2\xec\xb5\x96\
\xb4\x98\xf5:\xc5\xa5'2\xc1\xefn*2\xe3\xb7F\
F\x03\xf7\x22[\xa3\xf6P\x8e%%O\x03\x17i\x07\
\x91\x91F\xe0p\xed 2`\xad\x99\xd1.\xda\x01\xa4\
$\xe6\x0eqyh\x5c\x1a\x1b\x9c\x0a\xf2\x11dY\x9c\
\xf69]t\xbd\x0c\x8c\xcd\xe8\xb1\x05\x86b\xafIM\
\x8b^\xc1^o\x87\xb1\xe8\xfb\x16\xa2\x89il\xd0\xa7\
\x032\xe6\xa7mp\xad\x9a\x87\xad\x0d%\x9cb\xd2\x80\
\xac\x85\xb7Z\xfa\xd5\xd0b\xe0[\xd8{\xd8\xd4\xcaO\
\xd1\xf78\xab\xac\x0d\xd54\x023\xd0\xf7\xadV5a\
\xb3\xefB\xbbl\x89\xbe\xb9!\xb2V:r\x8aGo\
dc\x12\xeds\xd9\xaa\xaeA&\x0e\x97\x8d\xbe\xd8z\
(\xb5\xd6\x85\x09\xfcH\xcdU\xe8\xfb\x16\xa2\xbd\xd2\xd8\
\xf0\xdf\xe49\x07\xc0\xda\xf8\xff\xad\xda\x018\xa6Y\x07\
\x99\x80diW\xb2\xa2\xf1Yd\xabT\x8b\x93\xcfV\
\xc7,\xe0g\xdaAd\xe4\x00\xec\xedr\xf8/\xed\x00\
\x02\xf9\x88v\x00)\xb8\x02\xfd\xcc*D\xa5^\x8e\xe1\
$e\x13dM\xaf\xf69\x5c\x16MC\xb67.\x13\
]\x91\xdf\xa5\xedm\x16}*\x81\x1f)Y\x1b}\xcf\
BT\xca\x97\xcf\xc9\xe8\x1b[\xabJ\xdf\x90\xc1I\xc6\
\x0e\xc0\x07\xe8\x9f\xc3e\xd3\xfb\xc0v\x01\xc7\xc1\x02G\
\xa1\xefk\x16\xfd%\x85\x19\x89\xb1\xb4\xa7\xc6\xfb\x94l\
\xfeK_dr\x83\xb6\xb1\xb5\xea\xafilpJ\xce\
\xde\xd8\x9d\xe1mA\xf3\xb0\xf7\xf6\xb9::b\xb3\x0a\
0\x0b{\xcd\x9b.F\xdf\xb7\x10\xe5\xd2.;\xaf9\
\x00\x9bb+\xa3y@;\x00\xc7\x1c\x07\x03\x7f\x03\xba\
k\x07Rb\xba\x03\x7fGvz+\x03K\x81\xb3\xb4\
\x83\xc8@\x1f\xec-\x91\xbeW;\x80@\xb6\xcc\xe3K\
\xf2J\x006\xcb\xe9{bQ\xa5\x04\xa0\x17\xb0\x1e\xd2\
\x97\xbd\xb7r,V\x19\x07\x5c\x82\xbc\xd19i\xe9\x88\
l(\xf4q\xed@\x22q\x01\xb2Q\x905\xac\xed\x0d\
p\x9fv\x00\x81l\xae\x1d@L\xceG\xbf\xa4R\xab\
\xe6R\xde\x1b\xf9P\xe0hd\x0c\xefYd\xaf\xef\xb6\
\xbf\xff\xc3\xe6\xff\xedO\xc8f\x1ak\xaaDj\x87\xb1\
T\xbb\x9f\xbf\x96\xe6\x00\xdb\xd4p|,`m\x87\xd4\
\xe5\xc0[\xd8\xaa\xea\x82\xad\xe1\x96R-C\x7f\x10}\
Ck\xd5\x1d\x89<\xd0\xa2\x13p\x08R\x02\xcb2\x0f\
c\x19\xd2\xba\xf6@ln\x09\x9a\x92Q\xc0{\xe8\x9f\
\xb3U\xd5\xbb\x94ck\xe1\x91\xd8\xdb$m9\xf6\x12\
\xb0\xbf\xa2\xefY\xadz=\x91\x07\xb9\xd3\x88\xad7\xa4\
\x1f\xa6\xb1!w\x1a\x80C\x89;\xfbu\x12\x92\x088\
0\x0c\xd9']\xfb|\xad\xba^\xa3\x1cU*\x8b\x0d\
\xa3~\x90\xc4\x89t|\x03}\xcfB4 \x8d\x0d\xf9\
2\x12}#C\xf4\x8946\xe4\xca:H%#\x95\
GwP\xbe\xe6,!t\xc5\xf6\xd6\xaee\xd3\x03H\
\xa5\xcb2;\xa1\xefc\xa8\x1eM\xe2D:vD\xdf\
\xb3\x10\xed\x9e\xc6\x86|\xd9\x1f}#k\xd5R\xecO\
\x84\xfb\x140\x9b\xf4^\xbd\x8f,{\xab\x22\x17\xa1\x7f\
\xae\xba\xfeS\xbfX\xed\x11\xb3\xc1s\xe8\xfb\x18\xa2e\
\xc0\xa0$N\xa4\xa1;\xb2\xcf\x84\xb6o\xb5\xea\xc44\
6\xac \x8fU\x00\x96V\x00\xbc\x8aL.\xb2\xca\x89\
\xc0?\xc8'\x89\xe9\x8f,\xc9\xfaR\x0e\xdfU$\xfe\
\x17\xf8\x82v\x10\xce\x7f\xf1-\xec\xf7\x08\xb8\x5c;\x80\
@\x1a\xb1\xb5}\xed|$\xc9\xb2\xc2(\xed\x00b`\
il\xeb\xcaD\x1e\xe4\xc1\x09\xe8\xf9\xf6\xb5\x1c~_\
\x11\x18\x89\xad\x1d-\xab\xa6\x0f\x90\xe1/\xab\x0cG\xde\
\xaa\xb5}\x0c\xd19I\x9cH\xc7\x1f\xd1\xf7\xacV\xdd\
\x99\xc8\x83\x7f\x93G\x05`\xd3\x1c\xbe#\x16\xcfk\x07\
\x90\x91\x83\x80\xdf*~\xff\x99\xc8\xc6-e\xa6\x13\x92\
 \x96qw\xba\xb2\xd0\x0fy\x8b\xb6\xba\x8cw\x1ap\
\xbfv\x10\x81\xec\xa6\x1d@ \xcfh\x07\x10\xc0\x18\xed\
\x00\xea\xa5\x0b\xb6\x96\xb7\xec\x93\xc6\x86\xa4l\x82\xac\xdd\
\xd7\xf6\xb2\x0d\xc5\x01\x00\x00 \x00IDATn\x0e\
\xb0a\xe2\xdf\xaa\xc9w\xd1\xf7\xd8U\x9b\xbe\xb1\x8ac\
h\x81c\xd0\xf7/DMH\x131+X\x9b\x08\xd8\
'\x8d\x0d\xf90\x1a}\x03C\xb4N\x1a\x1b\x92\xd1\x11\
x\x02}\xdfZ\xf48\xe5\xec\x150\x8a\x957Mr\
\x15Ss\x90e\x9a\x16\xe9\x07,D\xdf\xc3\x10\x1d\x92\
\xc4\x894\xf4\xc6\xd6\xbe4\xdb\xa6\xb1AH=\x04\xb0\
~\xe2\xcf\x8f\xc9,\xa4\x04g\x89\x13\x80\xad\xb4\x83h\
\xc5\xd6\xc0\xb1\xdaAD\xa6\x01\xe9d\xd9U;\x10\xa7\
fz!\xc3R\x16\x99\x09\xdc\xa2\x1dD \x96vi\
\x9c\x83\xf4\x8e\xb0B\xd2\x89\x80\x9e\x00\xac\xa0e\x09\x8e\
\x15z\x03\xa7h\x07\xb1\x12N\x07zj\x07\x11\x91\x03\
\xb15\xd3\xd9\x11\x0e\x06\xf6\xd0\x0e\x22#Wh\x07\x10\
\xc8G\xb4\x03\x08\xe4Y\xed\x00\x02X/\xe5\x87{\x02\
\xb0\x02K'\x05\xc0W)f\xa7\xa8\x01\xc88f\x19\
\xe8F9\xd6\x97W\x95\xb3\xb1\xb7m-\xc0\xbf\x80%\
\xdaA\x04\xb0\x05\xb6|~I;\x80\x00F\xa4\xfcp\
O\x00V`i}h#\xc5~\xc8~\x05{\x1b\x85\
\xac\x8c\xe3\xb17/\xc4Y\xc1(l\xf6\xa9\x98\x03<\
\xac\x1dD\x00]\xb0\xb5{\xdd\xcb\xda\x01\x04\xb0n\xca\
\x0fO\x9d\x00X\xbayZZ\x02\xb83\x893\xc3:\
\x19\x89\xbd\xb2`[z\x01\xdf\xd6\x0e\xc2\xa9\x9boc\
\xeb\xed\xb4\x85\x7fi\x07\x10\x88\xa5\xeb\xdd+\x00\xcd\xa4\
N\x00,\xf5\x8b\xb741d/\xed\x00j\xe0\xd3\xda\
\x01\xd4\xc9\x89\xc0@\xed \x9c\xba\x19\x06\x1c\xa1\x1dD\
\x06\xac%\x00[k\x07\x10\x80\xa5\x0a\xc0Z\x18\xdd\xe7\
b\x00\xfaK(j\xd5|l\x95\xac\x9fD\xdf\xb3\xf6\
\xf4`\xb2_\x9f\x9e\xee\xc0\x0c\xf4=t\xc5\xd1$\xec\
5\x07\xea\x80\xec\xb7\xa1\xed]\xadz\x22\x8d\x0d\xc9x\
\x1b}\xcfjU\xb2\x89\x80)+\x00\x96\xde\xfe\xa7\x22\
F[\xa0#\xb0\xb1v\x105\xb0\x15v{\x02\x1cA\
1'X:\xd9X\x0f\xd9\x1a\xdb\x12\xcb\x90]7\xad\
\xb0\x11\xb6\xaewK\x15\xdf\xe1\xa9>\xd8\x13\x00a\xb2\
v\x00\x01\xac\x0ft\xd6\x0e\xa2\x06\xba`\xeb\x1ch\xa1\
\x11\xf8\xbav\x10NtN\xc6V\x95\x0f\xe0v\xed\x00\
\x02\xe8\x8a\xadI\xdfS\xb4\x03\x08`\xcdT\x1f\xec\x09\
\x80`)\x01\xb0\xb4C\x94\xa5s\xa0\x85=\x80\x0d\xb4\
\x83p\xa23\x06{\xfb\xab[\xaa\x00\x80\xad}_,\
\xdd\xf3M&\x00\x96\xfaCO\xd1\x0e \x00K\xfd\xf6\
{h\x07\x90\x81\x22/\xaft\xea\xe3h\xed\x00\x02\x99\
\x02\xbc\xa3\x1dD\x00\x9bh\x07\x10\xc0\x14\xed\x00\x02H\
\xf6,M\x99\x00\x0cN\xf8\xd9\xb1\xb1\x94\x0dZJ\x00\
\xac-\xbf\x1a\x04\xec\xab\x1d\x84\x93\x8c\xfd\xb17\xb7\xe3\
Q\xed\x00\x02\xb0to\xb2t\xcfOV\x01H93\
\xd6\x13\x804X\x1a\x02\x98\xab\x1d@ \x9f\xc5\xc6\xfc\
\x8a,4!\xcd\xae\x9eC\x96AMGv\x91\x04i\
\xdd<\x189\xb76E\xde\xe4\xf2\xd8*<o\xba\x00\
\x07\x00\x17h\x07\x12\xc0#\xd8IJ\x93\xb6\xad\x8d\xcc\
\xeb\xda\x01\x04\xe0\x09@b\xa6h\x07\x10\x80\xa5,\xfb\
}\xed\x00\x029H;\x80\xc8,\x05\xfe\x09\x5c\x86L\
(\xab\xf5x\x0c\x04\xc6\x01\x875\xffim\x09\xdd\xea\
8\x08[\x09\xc0c\xda\x01\x040R;\x80\x00,\x0d\
\xad$K\x00R2\x19\xfd\xf5\x93\xb5hA*\x03\x12\
\xd0\x17}\xbfjU\x13\xb66\x05\x1a\x82<0\xb5}\
\x8b\xa1\xf9\xc0\xef\x89\xb3|h\x1d\xa4\xa7~Y\xb6C\
^\x8a\x0c\xf5Xa\x08\xfa\x9e\x85\xc8\xd2\xfe\xf5\x1f\xa2\
\xefW-z7\x95\x01)\xcb|k$\xfc\xec\x98\xcc\
\xd0\x0e \x80\x11\xda\x01\x040\x85\x15%f\x0b|\x12\
[\xeb\x98W\xc5\xcdH\x9f\x88\x13\x88\xb3\xbd\xf5Td\
\xe3\xa9M\x80[#|\x9e6\x1d\x90cm\x85w\xb0\
u\x8f\xb24\x0c\xf0\xb6v\x005\xd2/\xd5\x07\xa7J\
\x00\xba\x22\xdd\xd4,`\xa9L=L;\x80\x00,\xf5\
\xdb\x06\xd8S;\x80:Y\x80\xac`\xd8\x9b4sZ\
&!-\xa8\x8f\xc5V\xd5leXJ\x00\xc0\xd6F\
eI7\xaf\x89\x8c\x95\x04\xa0\x13\xb27ItR%\
\x00}\x13}n\x0a,e\xd7\x96\x12\x80W\xb5\x03\x08\
\xa0\x03\xf0q\xed \xea\xe0\x1d`\x07\xe0\xc2\x1c\xbe\xeb\
\x8f\xc0N$,K\xe6\xc08lMr|Q;\x80\
\x00\x86j\x07\x10\x80\xa5s\xb8\x7f\x8a\x0f\xf5\x04\xc0+\
\x00\xa9xE;\x80\x006!a\x99-1S\x81\x1d\
\x81\xa7r\xfc\xce'\x90\x84#\xc6\x10\x83\x06\x03\x91\xd6\
\xb5V\x98\xa8\x1d@\x00\x96&\xacY\xba\xf7'\xb9?\
\xa5J\x00\x92d+\x89xO;\x80\x00,u\xd6\xb3\
\x94\x00\xec\xa0\x1d@Ff \xe5\xecI\x0a\xdf=\x09\
\xf8\x18\xb2\x9c\xd0\x22\x96\x8ey\x8a!\x9dTXJ\x00\
>\xd0\x0e \x00S\x15\x00K3A-e\x81\x96\xca\
k\x1a\x0f\xa5\xacl\xaf\x1d@\x06\x96\x22k\xda5\xe7\
ZL\x04\x0eF6\xae\xb1\x86\xa5cn\xe9Z\xf2\x04\
 \x0dI\xaa\xea>\x04`+\x01\xb0\xd2[a9\xf0\
\x96v\x10\x01l\xa9\x1d@\x06N\x03\xee\xd7\x0e\x02\xb8\
\x078];\x88\x0cl\xa5\x1d@\x00^\x01H\x83\xa5\
\x04 I[\xf5T\x09\x80\xa5\x1e\xf0\x96&\x01Z\x19\
\xa7\xfe\x00X\xa8\x1dD\x8dt\xc5Vs%\x80g\x81\
\x9fk\x07\xd1\x8a\x9f\x01/h\x07\x11\xc8(\xect}\
\x9c\x07\xcc\xd1\x0e\xa2F,\xf5X\x98\xa9\x1d@\x00I\
V\xd5\xa5J\x00\xac,\x01\x04[\x15\x00+\x09\x80\xa5\
\xb7\xff\x8d\xb0\xd7\xe9\xeexd\x08\xa0(,A\xfa\x0e\
X\xa2\x130Z;\x88\x00\xac\x5cS\x96\x86\x7f-\xb5\
*\xf7\x04 \x11\xf3\xb4\x03\xa8\x91\x0e$Z\x0b\x9a\x00\
+7+\xb0\xf7\xf6\x7f\x0fp\x9fv\x10+\xe1.\x8a\
1$\x11\x82\xa5co\xa5um\x0f\xec$\xd4V\xee\
\xfd`l\x08\xa0[\xa2\xcfM\xc1b\xed\x00j\xa4\x0f\
\xd0\xa0\x1dD\x8dX\xaa\xaa\x8c\xd0\x0e \x90_i\x07\
\xb0\x1a~\xa9\x1d@ \x96\x9a\xd6XI\x00\xc0N\x15\
`\xbev\x00\x01x\x05 \x11V\xc6\xaa--\xad\xb4\
4\xb66B;\x80\x00\xdeE6\xf7)*\xb7b\xab\
\xb9\xca\x08\xed\x00\x02\x98\xad\x1d@\x00\xbd\xb5\x03\xa8\x11\
K\x09@\x92\x97jO\x00\xecT\x00\xac\x94\xff\xc1\xd6\
\xcd\xcaRs\xa5k(\xd6\xd8\x7f[\x96\x02\xd7k\x07\
\x11\xc0Z\xda\x01\x040K;\x80\x00\xacT\x00,\x0d\
\x01tM\xf1\xa1\xa9\x12\x00+c@`'\x01\xe8\xa2\
\x1d@\x00\x96nV\x03\xb4\x03\x08\xe0.\xed\x00j\xe0\
N\xed\x00\x02\xb0t\xec\xad\xac\x02\x00;C\xc0\x96\xf6\
\xb4H\xb2Q\x99'\x00\xb0H;\x80\x1a\xe9\xa4\x1d@\
\x00\x96v\x01\xb4\xf4\x10\x18\xaf\x1d@\x0dX\x88\xb1\x05\
K\xc7\xdeR\x02`\xe5^e\xa9\x81\x95\xa9\x04\xc0\xd2\
\xb6\xaaV*\x00V\xd6,\x83,\x0b\xb3\x82\x95\xa5\x95\
3\xb0\xd1\xb6\xfa]\xec4X\xb1r\xec\xc1\xce\x8b\x0a\
\xd8\xb9W\x15y8\xad-\x9e\x00$\xc2\xca\x85e\xe5\
\xa2\x02[\x09\x80\x95\xa1\x15K\xed`\xad\xc4\x9ad\x5c\
5\x11\x96\xae)\xaf\x00\xc4'IU\xdd\x87\x00<\x01\
H\x81\xa5\x9b\x95\x95\x04\xc0\xd2\xbc\x0a+\xb1Z9\xf6\
`\xeb\x9a\xf2\x04 >I\x9e\xd5^\x01\xb03\x04`\
\xe5\xa2\x02[7++\x89\x95\xa5\x19\xcbV:\xacY\
9\xf6`\xeb\x9a\xb2r\xaf\xb2\x94\x00\x98\xaa\x00Xb\
\xb9v\x005b)\xa9\xb22\xb6\xd6\x88\x9d\xe6JV\
<\x05;\x09\x80\xa5Y\xe0M\xda\x01\x04`\xe5\xb9\xb2\
\x1c;I\x80\xa99\x00N|,\x1d++7++\
\x0f\x7fkXI\x00,\xcd\xac\xb7rM\x81\xad{\x95\
\x95\xcaJ\x92\xaa\x8a\xa5\x03Uu\xbc\x02\x10\x1fK\xe7\
\xbf\x95J\x15\xc0\xeb\xda\x01\xd4\xc84\xed\x00\x02\xb0t\
\xfc-%\xd6V\xeeU>\x04Pq,\x1d++o\
+\x96nT\x96xY;\x80\x1ayE;\x80\x00\xac\
\x94\xaa\xc1\xd6\xbd\xca+\x00\x8e\x09\xbc\x02\x10\x1fK\xe7\
\xbf\xa57\xc0G\xb5\x03\xa8\x11+qZ\xc3Rbm\
\xe5^\xe5s\x00*\x8e\xa5\x04\xc0\xca\xdb\x8a\xa5\xf3\xdf\
R\x02\xf066\xaa\x00\x16Z+\xb7`\xa5\xaa\x06\xb6\
\xae+\xaf\x008&\xb0t\xac\xac$\x00\x96\xdeT\xac\
\xf1w\xed\x00\xdaa\x220A;\x88\x00,%\x00\x96\
\xae++\x15\x00\x9f\x03Pq\xbc\x02\x10\x1fK\xe7\xbf\
\xa5\x0a\x00\xc0%\xda\x01\xb4\xc3%\xd8\xf2\xd4R\xac\x96\
\xae++\x15\x00O\x00*\x8e\xa5ce\xe5m\xc5\xd2\
\x9b\x8a5^\xa4\xb8%\xf6\x85\xc0\x05\xdaA\x04b%\
\xa9\x06[\xd7\x95\x95\x04\xc0\x87\x00*\x8e\xa5\xaeeV\
nV~\xfe\xa7\xe5'\xda\x01\xac\x82\x0b\x81w\xb4\x83\
\x08\xc4+\x00i\xf0!\x00\xc7\x04\x96\xfa\x96[\xb9\xa8\
,\x9d\xff\x96\x1e\x00-\xdc\x05\xdc\xa0\x1dD\x1bf\x02\
\xa7k\x07\x91\x01K\xc7\xdfR\x05\xc0\xca\xbd\xca\x13\x80\
\x8ac)\x01\xb0RV\xb3t\xa3\xb2\xca\x89\x14\xab3\
\xe0w\xb0\xb1\xadr[\xac\x0c\xab\x81\xad\xe7J\xa5\xf7\
\x82\xb1t\xa0\xaa\x8e\xa5\x04\xc0J\x8fuK\xe7\xbf\xa5\
\x07@k\xa6\x00\xc7j\x07\xd1\xcc5H\xf9\xdf\x22\x96\
\x8e\xbf\xa5\xc4\xda+\x00\x8e\x09<\x01\x88\x8f\xa5\x1b\x95\
\x95y\x15+\xe3J\xe07\xca1<\x0b\x1c\xad\x1cC\
=XJ\x00,=W\xacT+\xbd\x02Pq\xbaj\
\x07\x10\x80\x95\x04\xc0\xd2\xf9o9\x01\x00\xf8&p\x99\
\xd2w\xbf\x06\xec\x89\xad\xcd\x7f\xda\xe2s\x00\xd2\xe0\x15\
\x00\xc7\x04^\x01\x88\x8f\xa5\x1b\x95\xf5\x04`9p\x04\
\xf0\x87\x9c\xbf\xf7Y`'\xe0\xad\x9c\xbf\xb7\xcaX\xba\
\xae<\x01pL`%\x01X\x8e\x9d\x04\xc0\xd2\xf9o\
=\x01\x00)c\x7f\x058\x01X\x94\xc3\xf7]Cy\
\x1e\xfeIJ\xc0\x8e\x99d\xc5\x13\x80\x8ac%\x01X\
\x88\x9dr\xa5\xa5\xf3\xdf\xca\x9bJ-\x9c\x05\xec\x00<\
\x95\xe8\xf3?\x00\x8e\x01\x0e\xc2v\xd9\xbf5I\x1e\x00\
\x89\xb0t\xaeZ\xb9\x07$\xb9\xa7Z\xf9\xf1\x0e\xf4\xd4\
\x0e\xa0F\xac\xbc\xfd\x83\x9d\xec\x1f\xcaQ\x01h\xcd\x13\
\xc0X\xe08`Z\xa4\xcf\x5c\x08\x9c\x0d\x8c\xc6\xeel\
\xffUa\xa9\x02`eb\x1d\xd8y\x06&\x99\x04j\
\xe5\xc7;\x9e\x00\xa4\xc0\xd2\xf9_\xb6\x04\x00\xe47\x9d\
\x07l\x00\x1c\x0e\xdcI\xb6\x1b\xdd+\xc0\xa9\xc0\xba\xc0\
\xf1\xd8\x5c\xe7\xdf\x1e\x96*\x00\x96\x12\x00+{\xac$\
\xb9\xfe-\x9dTU\xa7\x97v\x005b)\x01\xf0\x0a\
@1X\x0c\x5c\xda\xac5\x80\xdd\x80\x1d\x811\xc0H\
\xa0\x0f\xd0\x0f\xf8\xb0Y\xd3\x90\xed\x86\x1fE\xba\x0d\xbe\
\x98\x7f\xc8\xb9\xe3\x15\x804Xy\x09HR\x01\xf0\x04\
\xc0\x0eV\x12\x80\xf9\xda\x01\x04`%\xfb\x87r'\x00\
\xad\x99\x0e\xfc\xb5Y\xce\x0a<\x01H\x83\x95\x04 \xc9\
\xf5o\xe5\xc7;v\x86\x00\xe6i\x07\x10\x80W\x00\x1c\
+XzY\xf3I\x80\xf1\xf19\x00\x15\xc7J\x05`\
\xb6v\x00\x01x\x05\xc0\xb1\x82W\x00\xd2`\xe5\x19\xe8\
\x15\x80\x0a\xd3\x01\xe8\xa6\x1dD\x8d\xcc\xd4\x0e \x00K\
\xdd\x15-\xbdU9\xf1\xf1\x04 \x0dV\x9e\x81\x9e\x00\
T\x98\x9e\xd8)W[\xaa\x00t\xd6\x0e \x00\xaf\x00\
T\x1b\x1f\x02H\x83\x95g\xa0\x0f\x01T\x98\xde\xda\x01\
\x04`)\x01\xb0\xd2\x5c\x09\xf2\xe9\x9c\xe7\x14\x17\xaf\x00\
\xa4\xc1\xca3\xd0\x13\x80\x0a3@;\x80\x00|\x08 \
\x0d\x0b\xb5\x03pT\xf1\x04 \x0dV\x9e\x81>\x04P\
a\xfak\x07\x10\x80W\x00\xd2\xe0\x09@\xb5\xf1\x04 \
\x0dV&\x02{\x05\xa0\xc2XJ\x00fi\x07\x10\x80\
'\x00\x8e\x15,\xcd\x01\xb0\x94\x00Xy\x06z\x05\xa0\
\xc2\xf4\xd3\x0e \x00\xaf\x00\xa4\xc1\x13\x80jc)\x01\
\xb04\x09\xd0\xca\xe4j\xaf\x00T\x18\xaf\x00\xa4\xc1\x13\
\x00\xc7\x0aV\x96\x01\x83\xad\x0a\x80\x95\xc4\xca\x13\x80\x0a\
c)\x01\xf0\x0a@\x1a<\x01\xa86=\xb4\x03\x08\xc0\
R\x02`e\x22\xb0\x0f\x01T\x18K\x09\xc0\x0c\xed\x00\
\x02\xb0\x94\x00\xf82\xc0jc)\x01\xb0\x94\xacZ\xa9\
\xacx\x02Pa\xac$\x00\xcb\x80\xf7\xb5\x83\x08\xc0R\
\x02`\xe9\xa6\xea\xc4\xc7R\x02`i?\x10+\x09@\
\x92\x17\x00O\x00l0D;\x80\x1a\x99\x81\xad\x8eu\
\x9e\x008V\xb0\x92\x00,\xc7\xd6\x8e\xa0V\x86\x00\x92\
x\xea\x09\x80\x0d\xd6\xd4\x0e\xa0F\xde\xd5\x0e \x10+\
7U\x80\x05\xda\x018\xaaX9W\xe7\x93h\xc2Z\
\x02\xba`\xa7\x0f\x80'\x00\x15f\xb0v\x0052]\
;\x80@\xac\xec\xb0\x08^\x01\xa8:V\x12\x00/\xff\
\xa7!\xc9\x0b\x80'\x00\xc5\xa7/\xd0];\x88\x1a\xb1\
V\x01\xf0\x04\xc0\xb1\x82'\x00\xf1\xb1R\xfe\x07O\x00\
*\x8b\x95\xf1\x7f\xf0\x0a@J<\x01\xa86\x9e\x00\xc4\
\xc7+\x00)>\xd4\x89\x8a'\x00\xe9\xb0\x92\x004\xe1\
\x09@\xd5\xb1\x92\x00|\xa8\x1d@\x00\x96\x12\x00\x9f\x03\
PQ\xacL\x00\x04\x1f\x02H\xc5\x5c\xecL\xacr\xd2\
`%\x01\xf0\x0a@\x1a\x92T\x00\xac\xb4A\xac2V\
&\x00\x02\xbc\xa7\x1d@ V\x12\x00K\xdd\x15\xb3\xd2\
\x11\xd8\x16\x18\x0bl\x08\xac\x85<\xf4\xba\x22\x09\xd0\x0c\
`\x0a\xf02\xf0 \xf0\x9aJ\x94:t\x04:k\x07\
Q#\x96\x96\x00z\x02\x90\xe2C\x9d\xa8\x0c\xd7\x0e \
\x80w\xb4\x03\x08\xc4J\x020G;\x80Dt\x00\xf6\
\x04\x0e\x03\xf6\x06z\x06\xfc\xb7\xd3\x80k\x80\xcb\x80\xa7\
\xe3\x87V(\xac\xbc\xfd\x83\x0f\x01\xa4\xc2\xe7\x00T\x14\
K\x09\xc0\xeb\xda\x01\x04b%\x01([\x05\xa0\x03p\
\x140\x01\xb8\x118\x84\xb0\x87?\xc8u\xf1M\xe0)\
\xe0N`\xf7\x98\x01\x16\x0cK\x09\x80\x0f\x01\xa4\xc1\x13\
\x80\x8a\xb2\x8ev\x005\xb2\x10[\x93\x00\x1b\x08\x7f\xe8\
hQ\xa6\x0a\xc0X\xe0Q\xe0b`\x83H\x9f\xb9;\
\x92\x04\x5c\x8f\xad\x84\xb9V<\x01H\x83\xa5e\x80>\
\x09\xb0\xa2X\xb9\xa1\xbd\x8e\xb4\x01\xb5Bw\xect\x01\
+C\x05\xa0\x01\xf8\x162~\xbfU\xa2\xef\xd8\x1fx\
\x06\xf8l\xa2\xcf\xd7\xc2J\xa2\x0a\xb6\x12\x00\xaf\x00\xa4\
\xf8P'\x1a\xdd\x80A\xdaA\xd4\xc84\xed\x00\x02\xb1\
R\xfe\x07\xfb\x15\x80N\xc8X\xfd/I?\xef\xa8/\
27\xe04$\xe9(\x03}\xb5\x03\x08\xc0R\x02`\
)\xb1\xf2\x04\xa0\x82\x0c\xc7\xceM\xcc\x13\x80tX\xae\
\x00t\x01\xfe\x0e|.\xe7\xef\xfd\x01p6v\xae\x9f\
\xd5\xd1O;\x80\x00,%\x00}\xb4\x03\x08\xc0\x13\x80\
\x0ab\xa5\xfc\x0f\xf6\x12\x00K\x17\xbf\xd5\x0a@\x03p\
\x11\xb0\x97\xd2\xf7\x7f\x19\xf8\x89\xd2w\xc7\xc4R\x02`\
i\x15\x80\xa5\xca\x8a\xcf\x01\xa8 \xebj\x07\x10\x80\xb5\
\x15\x00V\x86V\xc0n\x05\xe0$d\x89\x9f&'\x03\
\x87*\xc7P/\x96\x12\x80\x99\xda\x01\x04`\xe9%\xc0\
+\x00\x15$\xd6,\xe9<\x98\xaa\x1d@ \x96\x12\x00\
\x8b\x15\x80\xb1\xc0\xe9\xdaA4s>0R;\x88:\
\xb0\x94\x00|\xa0\x1d@\x00\x96*\x00I^\x02<\x01\
(6\x1bj\x07\x10\x80\xb5!\x805\xb4\x03\x08\xc0Z\
\x05\xa0\x118\x17\x99\xfcW\x04z\x01\x7f\xd0\x0e\xa2\x0e\
\x06h\x07\x10\x80\xa5\x04\xc0Rb\x95\xa4\xb2\xe2\x09@\
\xb1\xb1R\x01X\x8e\xbd!\x80\x81\xda\x01\x04`\xad\x02\
p8\xb0\xb5v\x10m\x18\x07\xec\xa7\x1dDF,\x95\
\xaagi\x07\x10@o\xed\x00jd\x19\x89\xe6Vx\
\x02P\x5c:\x00\xebi\x07Q#o\x90h\x8c*!\
\x96*\x00\x96n\xaa\x0d\xc8\xd8\x7f\x11\xf9\x016W\x05\
X\xaa\x00\xbc\xaf\x1d@\x00V*\x00\xb3H\xd4c\xc5\
\x13\x80\xe2\xb2\x0e\xb2\x84\xca\x02\xafj\x07\x90\x01K\x15\
\x00KC\x00{\x01\xa3\xb5\x83X\x05[\x02\xbbh\x07\
\x91\x01+\x15\x80\xc5\xf82\xc0\x14$\xbb\xfe=\x01(\
.\xa3\xb4\x03\x08\xe0e\xed\x002`\xa9\x02`i\x9b\
e\xedY\xff\xedq\x84v\x00\x19\xb0R\x01\xb0\xb4\x02\
\x00\xecL\x02L6\xaf\xc2\x13\x80\xe2be\xfc\x1f\xbc\
\x02\x90\x92\x85\xd8Y[\xdd\x19\xd9\xd5\xaf\xc8\x1c\x80\xbd\
]P\xad\xbc\xa9ZJ\x00\xbab\xa7\xc2\x9al\x0e\x90\
'\x00\xc5e\x13\xed\x00\x02xE;\x80\x0cX\xa9\x00\
\xbc\xa7\x1d@\x00[R\xfc\x0e\x8b\xbd\x81m\xb4\x83\x08\
\xa0\x01;c\xd5\xbe\x02 \x0d^\x01\xa8 \x96\x12\x00\
k\x15\x80.\x14\xffA\xd5\xc2\x0c\xed\x00\x02\xd8V;\
\x80\x1a\xd9^;\x80\x00zag\xd3*K\x15\x00+\
U\x15\xf09\x00\x95\xa3\x01\xd8X;\x88\x1aY\x0aL\
\xd6\x0e\x22\x10KM\x80,m\xb1\xbc\xbev\x0052\
F;\x80\x00\xfak\x07\x10\x80\xa5\x0a\x80\x95\xf1\x7fH\
\x98Xy\x02PLF`g\x8d\xead`\x89v\x10\
\x81XJ\x00,U\x00\xd6\xd6\x0e\xa0F,u\x05\xb4\
T\xaa\xf6\x0a@\x1a\xbc\x02P1,\x95\xff}\xfc?\
-\x96*\x00ki\x07P#\x96\xde\xfe,\x9d\xab\x96\
*\x00\x96\x12\xabd}@\xaa\x9e\x00$i\xae\x10\x81\
M\xb5\x03\x08\xc0\xe2\x12\xc05\xb5\x03\x08\xc0R\x02`\
\xc5\xd7\xee\xda\x01\x04`)\x01\xb0\xd4\xb0\xca\xd2\xd0\x8a\
\xb9\x04 \xc9\xd6\x85\x09(j\x9c\x96\x12\x80g\xb5\x03\
\xc8\xc0:\xda\x01\x04\xf0\x96v\x005\xd2\x08\x0c\xd6\x0e\
\xa2F\x16j\x07\x10\xc0\x10\xed\x00\x02\xb0T\x01\xb0r\
\xae\x82\xc1\x04`n\xa2\xcf\x8dMQ{\xaco\xa5\x1d\
@\x00\x16\x13\x80\xe1\xda\x01\x04\xf0\xb6v\x0052\x88\
\xe2l\xfe\xd3\x1e\x96\xba\xd5YzPY\x9a\x03\xe0\x95\
\x15\xd2%\x00V6\x86)\xe2\x0ev\xfd\xb0\xd3\x04h\
)0A;\x88\x0c\x8c\xd0\x0e \x807\xb5\x03\xa8\x91\
a\xda\x01\x04`\xa5\xaa\x02v\x86U\xc0\xd6p\x95\xa5\
\xca\x8a\xb9U\x00V\xc6\x85\x8b8\x81m\x1b\xeclX\
\xf2\x0a\xb6\xca\xa9-X\xaa\x00\xbc\xa3\x1d@\x8dXz\
PY\xf1\x14l\xbd\xa9ZjYmi%\x90\xb9\x0a\
\xc0\xa3\x89>76E\x8c\xd3J3\x15\x80\xa7\xb5\x03\
\xc8@\x03vf\xab/\xc0\xce\xb8\xaa\xa5\x0a\x80\x95\xaa\
\x0a\xd8I\xac\x96c+\xb1\xb2R\x01XN\xc2n\xa0\
\xa9\x12\x80\xb7\xb1Q\x05\xb8K;\x80\x950V;\x80\
\x00\x9e\xd3\x0e \x03C\x90>\xe0\x16\xb02\xfe\x0f0\
T;\x80\x00,\x0d\x01X\x99\x030\x13X\xa4\x1dD\
\x00\x96|]\x9c\xea\xc3S.\x03\xfc{\xc2\xcf\x8e\xc1\
D\x8a9~m)\x01\xb08\x01\xd0W\x00\xa4\xc1\xca\
\x9b*\xd8\xf1\xb5\x13v\x96\xabY*\xffw\x03zj\
\x07Q#I\xab*)\x13\x80K\x13~v\x0c.\xa1\
x}\x00\x86a\xebM\xcab\x05\xc0R\x02\xe0\xa5\xea\
4X\xa9\xac\x0c\xc2N\xaf\x16K\x09\x80\x95\xb7\x7fH\
<\xb12\xe5\xc9\xf5\x02\xc5,\xb1\x83L\x5c\xbb@;\
\x88\x95\xb0\x93v\x00\x01|\x80\x9d\xd5\x1e\xad\xb14\x01\
\xb0\x88\xabTV\x85\xa5\x04\xc0J\x05\xc0\xca85\xd8\
\x1a\xff\xf7\x89\x95\xcd\xa4\xce.\x7f\x92\xf8\xf3\xb3r!\
\xc5<a-%\x00Oh\x07\x90\x11K\x15\x80\xa9\xda\
\x01\x04`\xa5r\xb5\x00;\xeb\xd5=\x01H\x83\xa5\x0a\
\x80\xe9\x04\xe0.\xe0\x86\xc4\xdf\x11\xcaL\xe0t\xed \
V\xc1\xce\xda\x01\x04\xf0\xb0v\x00\x19\xf1\x04 >\x1d\
\xb0sS\xb54\xac\xe2\x09@\x1a\xac\x9c\xab`x\x0e\
@\x0b'R\xac\xce\x80\xdf!\xe1\xb2\x8a:\x18\x80\x9d\
-\x80\xa1\x98K(k\xc1\xd2\x10\x80\x95\x04`0v\
\xf6\xac\xb72\xfe\x0f\xfe\xa0J\x85\xa5!\x00\xb3s\x00\
Z\x98\x02\x1c\x9b\xc3\xf7\xd4\xc25H\xf9\xbf\x88\xec\x84\
\x9d\x06@`7\x01\xb0T\x01\xb02\x07\xc0J_\x05\
\xb03\xfe\x0f\xb6\x12\x00\x9f\x04\x98\x06\xd3C\x00-\x5c\
\x09\xfc&\xa7\xefZ\x15\xcf\x02G+\xc7\xb0:,\x95\
\xff'c\xab\xedg\x0b\x83\xb0\xb3\x0f\xf8,\x12\xee\x03\
\x1e\x99\xf5\xb4\x03\x08\xc0R\x02`ib\xa5W\x00\xd2\
P\x8a\x04\x00\xe0\x9b\xc0e9~_k^\x03\xf6\xa4\
\xb8\x9b\xff\x00\xec\xaa\x1d@\x00\x8fh\x07\x90\x91Q\xda\
\x01\x04`\xa5\xfc\x0f\xb0\xaev\x00\x01XJ\x00\xd6\xd6\
\x0e \x00K\x09\x80W\x00\x9a\xc93\x01X\x0e\x1c\x01\
\xfc!\xc7\xef\x04y\xf3\xdf\x89b_\xf8C\x80-\xb4\
\x83\x08\xc0\x13\x80\xf4L\xd6\x0e \x00K\x15\x00Ks\
\x00\xac\xccWYF1\xe7U\xad\x0aKm\xabK\x93\
\x00\x004\x01_\x01N \x9f\xb6\x91\xd7P\xfc\x87?\
\xc0'\xf0\xf1\xff<\x18\xad\x1d@\x00\x13\xb5\x03\x08\xc0\
R\x02P\xf4{A\x0b\x9d\xb03\x04\xf0\x1e\x92\x04X\
\xa0\x01;\x95\x95Y$~Nju\x99:\x0b\xd8\x01\
x*\xd1\xe7\x7f\x00\x1c\x03\x1cD\xb1\xcb\xfe-|B\
;\x80\x00\x16\x03Oj\x07\x91\x11K\x15\x00K\x09\x80\
\xa5!\x00+\xcb\x00\x87a\xa7\x0b\xa0\xa5\xf2\xff@\xa4\
\x15\xb0\x05\x92O\xac\xd4<\xc1\x9e@\xfa\xde\x1fG\xbc\
\xd9\xce\x0b\x81\xb3\x917\xbd\xa2\xce\xf6oK#\xf0q\
\xed \x02x\x1c\x9b[\x00\x83W\x00R\xd0\x09;o\
TM\xd8\x99[a\xa5\xfc\x0f\xb6\x12\x00+\xe7*\x94\
<\x01\x00)\x1b\x9d\x07l\x00\x1c\x0e\xdc\x89\x5c\xa4\xa1\
\xbc\x02\x9c\x8a\xbc\x89\x1c\x8f\xad\xf1\xa8\xb1HVj\x85\
\xbb\xb5\x03\xc8Hgl\xbd\xa9ZI\x00\xd6\x06:j\
\x07Q#obg\xc7:K\x09\x80\x95\xe5\xaa`\xcb\
\xd7\xe4\x09@Q.\xdc\xc5\xc8\xe6A\x97\x22K4v\
\x03v\x04\xc6\x00#\x91\xa5[\xfd\x80\x0f\x9b5\x0d\xd9\
n\xf8Q\xa4\xdb\xe0\x8b\xf9\x87\x1c\x8d=\xb5\x03\x08\xe4\
\x1e\xed\x0022\x8a\xe2\x9c\xef\xed\xb1\x10;\xfb,X\
\x1a\xff\x9f\xa4\x1d@\x00\x96\x1eTV\xceU\xb0U\x01\
H^Y)\xe2\x0dq:\xf0\xd7fU\x81\xfd\xb5\x03\
\x08`1\xf0\xa0v\x10\x19\xd9\x5c;\x80\x00^#[\
%L\x83\x91\xda\x01\x04\xe0\x09@\x1a\xac\x0c\xab\x80-\
_\x93WV\xb4\x87\x00\xaa\xce\xfa\xc0f\xdaA\x04\xf0\
00_;\x88\x8cl\xaa\x1d@\x00\xafj\x07\x10\x80\
\xa5a\x95\xd7\xb4\x03\x08\xc0\x1fTip_[\xe1\x09\
\x80.\x96\xde\xfe\xc1n\xf9\x1f<\x01H\x85'\x00i\
\xb0\xd4^\xd9R\x02`\xc9\xd7\xe4C+\x9e\x00\xe8\xf2\
\x19\xed\x00\x02\xb1:\x01\x10lUZ^\xd0\x0e \x00\
\x9f\x03\x90\x06+{V,\x03\xde\xd0\x0e\x22\x00K\x15\
\x80\xe4C+\x9e\x00\xe81\x0c\xd8V;\x88\x00\x16b\
\xb7\x03`\x7flu\xff\xf2\x04 \x0dV\x12\x80\xbe@\
o\xed j\xe4m`\x89v\x105\xd2\x11;\xcd\x95\
\x16\x93\xc3$@O\x00\xf4\xf8\x0c\xb6\xba\xff=\x04,\
\xd0\x0e\x22#\x96\xca\xff\xcb\x81\x09\xdaA\xd4\xc8\x00$\
\xb9\xb2\xc0l\xa4A\x98\x05,\xcdT\xb7T\xfe\x1f\x8a\
\x9dm\xab\xdf$\x87\x89\xc0\x9e\x00\xe8\xf1y\xed\x00\x02\
\xb9U;\x80:\xd8J;\x80\x00\xa6\x22K]-\xb0\
\x91v\x00\x01Xy\xfb\x07;\xe5\x7f\xb0\x95\x00x\xf9\
\xbf\x0d\x9e\x00\xe8\xb0\x11\xb0\x8dv\x10\x81\xdc\xa2\x1d@\
\x1dX\xf2\xdaR\xf9\xdfR\x02`i\x02\xa0W\x00\xd2\
`\xc9\xd7\x5cz+x\x02\xa0\xc3\xe1\xda\x01\x042\x0d\
[\x0f\xa6\xb6X\x9aka\xc9\xe7\x8d\xb5\x03\x08\xc0R\
\x05\xc0\xd2\xbc\x0aK\x09\x80W\x00\xda\xe0\x09@\xfe4\
\x02\x87i\x07\x11\xc8\x8d\xda\x01\xd4A?l5\xab\xb1\
\xd4\xd5\xd2+\x00i\xb0t\xbeZJ\x00,U\x00r\
YY\xe1\x09@\xfe|\x0c[kQ\xc1~\xf9\xdf\xd2\
d\xcb\xe7\xb5\x03\x08\xc0R\x05\xc0R\x02\xb0\x81v\x00\
\x01XJ\x00\xd6\xd7\x0e \x00\x1f\x02()_\xd0\x0e\
 \x90\xf9\xd8^\xff?V;\x80\x00\x96`'\x01\xe8\
\x0f\x0c\xd1\x0e\x22\x00+C\x00\x0dx\x05 \x15\x96\x12\
\x80\x5c|\xf5\x04 _\x86\x00\x07h\x07\x11\xc8]\xd8\
]\xfe\x07\xb6&\x00\xbe\x88\x9d\xdd\xea,\xbd\xfd/\xc2\
\xce\x865\xc3\xb0\xb3_\xfd\x5c`\xa6v\x105\xd2\x09\
_]\xf1_x\x02\x90/\xc7 \xdb\xd2Z\xc2r\xf9\
\x1f\xe0\xa3\xda\x01\x04\xf0\x94v\x00\x01X\x1a\xff\x7f\x09\
X\xaa\x1dD\x8d\xf8[j\x1aFP\xcc\xcd\xefV\xc6\
,`N\x1e_\xe4\x09@~t\x04\xbe\xa8\x1dD \
M\xc0\x0d\xdaA\xd4\xc1\xfa\xd8\xe9\xfc\x05\xf0\x84v\x00\
\x01X\xaa\x00X\x19V\x01[\xe3\xffV\x86U\xc0\x96\
\xaf\xb9\xed\xae\xe8\x09@~\xec\x87\xbd\xc9\x7f\xe3\x91\x8e\
TV\xd9I;\x80@,U\x00,%\x00\x96\x96V\
Z\xaa\x00L\xd4\x0e \x00K\xbe\xe6VY\xf1\x04 \
?\xbe\xa2\x1d@\x06\xae\xd1\x0e\xa0Nv\xd0\x0e \x80\
&\xe0\x19\xed \x02\xb04\x04`\xa9\x02`\xe9A\xe5\
\x09@\x1a\xbc\x02P2\xb6\x05v\xd3\x0e\x22\x90&\xe0\
z\xed \xea\xc4R\x05\xe0\x15\xec\xb4\x00\x1e\x80\xad\x15\
\x00\x96\x12\x00K\xa5jK\xdbV[J\x00r\xf3\xd5\
\x13\x80|8Y;\x80\x0c\xdc\x07\xbc\xa5\x1dD\x1d\xac\
\x81\xad\x9b\xa9\xa5\xf2\xbf\xa5\xb7\xff\x0f\xc9\xf1\x8d\xaaN\
\x1a\xb0\xd5\x05\xd0+\x00i\xc8\xcdWO\x00\xd23\x06\
\xd8W;\x88\x0c\x5c\xad\x1d@\x9d\xec\x88\xad\x06@\x96\
\xb6Z\xb6\xb6\xb42\xf9\xaej\x91\x18\x0a\xf4\xd0\x0e\xa2\
F,-\xad\xec\x88\xac\x02\xb0\xc2+y}\x91'\x00\
\xe99\x19{>/\xc3~\xf9\x7fW\xed\x00\x02yX\
;\x80\x00,\xed\xae\xe8\x13\x00\xd30\x09\xb9OX`\
\x1d\xa4\x0f\x80\x05\x96\xe2s\x00J\xc3\xba\xc0\xa1\xdaA\
d\xe0^\xe0]\xed \xea\xe4\xe3\xda\x01\x04\xb0\x10[\
C\x00\x96*\x00\x96\xc6\xff-%\x00\x96\xca\xff\x96\x86\
\x02\xa7 \x1dAs\xc1\x13\x80\xb4\xfc\x10;\xcd'Z\
s\xb9v\x00u\xb260Z;\x88\x00\x9e\x00\x16k\
\x07Q#\xbd\x80\x0d\xb5\x83\x08\xc0+\x00i\xf0\x09\x80\
i\xc8\xd5WO\x00\xd2\xb1)\xf6v\xfd\x03\x994e\
}\xfc\xdf\xd2\xdb?\xc0C\xda\x01\x04\xb0\x15\xb6\xee\x1b\
\x96*\x00\x96\x12+K\x15\x00O\x00V\x81\xa5\x0b\xd9\
\x1ag`\xd3\xdf\xbfbg9\xda\xaa\x18\xa7\x1d@ \
\x0fj\x07\x10\x80\xa5\xcd\x95fb\xab\x91\x95\xa5\xe6J\
\x96*\x00\x96\x86\x00<\x01(\x01;\x01{i\x07\x91\
\x91?i\x07P'\x8d\xc8\x96\xcb\x96\xb0\xb4\x02\xc0'\
\x00\xa6\xa1\x0b\xb6v\x01\xb4T\x01\xf0\xca\xca*\xf0\x04\
 >\x0d\xc0\xcf\xb5\x83\xc8\xc8\xcb\xc0\x03\xdaA\xd4\xc9\
\x96\xc0@\xed \x02\x98\x8a\xad~\x0b>\x010\x0d\x1b\
bg\xbe\xd0B\xec,\x01\xec\x8e\xad\xde\x0a^\x010\
\xceQ\xc0v\xdaAd\xe4b\xed\x00\x22\xb0\xa7v\x00\
\x81\x8c\xd7\x0e \x80\xbe\xd8\x1aO\xb5\x94\x00X*\xff\
O\xc2No\x85\xd1\xd8y\xce-&\xe7\xa6UV\x8c\
\xb1B\x7fd\xec\xdf\x22K\x81K\xb5\x83\x88\xc0~\xda\
\x01\x04r\x97v\x00\x01l\x8d\xad\xe6J\x8fi\x07\x10\
\x80\xa5\xee\x8a\x96\xc6\xff7\xd1\x0e \x80\xc9\xe4\xbcm\
\xb5'\x00q\xf990H;\x88\x8c\xdc\x02\xbc\xad\x1d\
D\x9d\x0cE\x1eR\x96\xb8G;\x80\x00,y\xbb\x18\
xV;\x88\x00,%\x00\x96\xc6\xff-UVrO\
\xac<\x01\x88\xc7v\xc0\x17\xb4\x83\xa8\x83s\xb4\x03\x88\
\xc0>\xd8zC\x9d\x0a\xbc\xa6\x1dD\x00\x96\xc6\xff\x9f\
E\xc6\xaa\xad`\xe9A\x95[\xab\xda\x08X\xf25\xf7\
\xc4\xca\x13\x808t\x05.\xc4\xae\x9f/\x00\xb7k\x07\
\x11\x01k{.\xdc\xa3\x1d@ \x96\x12\x00K\xe5\xff\
\xce\xd8\x9a[\xf1\xa2v\x00\x01XJ\x00\xbc\x02`\x94\
\x9fb\xab\x84\xd7\x96\xdf\x01\xcb\xb5\x83\xa8\x93\x9e\xc0\xee\
\xdaA\x04bi\xfc\x7fM\xa4\xb5\xb5\x15\x1e\xd5\x0e \
\x80Q\xd8Y\x01\x00v\x12\x80\x9e\xc8>\x00V\xc8\xbd\
\xb2\xe2\x09@\xfd\xec\x02\x9c\xa8\x1dD\x1d\xbc\x0f\x5c\xa6\
\x1dD\x04\xc6!\x95\x18K\xdc\xa3\x1d@\x00\xbbh\x07\
\x10\x88\xa5\x0a\x80\xa5\x97\x877\x91\x06K\x16\xd8\x08[\
C\x82/\xe7\xfd\x85\x9e\x00\xd4GO\xe0\x22l\xfbx\
\x1e\xb0@;\x88\x08\x1c\xa8\x1d@ \x93\x80i\xdaA\
\x04\xb0\xb3v\x00\x01\xcc\x05^\xd2\x0e\x22\x00Kej\
K\xcd\x95,\xad\x00\x98\x0d\xbc\x91\xf7\x97Z~p\x15\
\x81\xf3\xb0\xd5\xbd\xab-K\x80s\xb5\x83\x88@\x0fd\
\x02\xa0%,\x95\xff\xc1V\x02\xf0$v\xb6\xaa\x05[\
\x15\x00K\x09\x80%_\x9fGa\x18\xd6\x13\x80\xec\x1c\
\x8f\xcd\xcd~Zs5\xb6z\xa5\xaf\x8a}\x90$\xc0\
\x12\xb7j\x07\x10\xc0@l\xddL-\xb5V\x06\xaf\x00\
\xa4\xc2R\x05@\xa5i\x95'\x00\xd9\xd8\x018S;\
\x88:Y\x8e\xfd\xdf\xd0\xc2!\xda\x01\x04\xb2\x18\xb8C\
;\x88\x00v\xc2\xd6X\xea\xe3\xda\x01\x04\xd0\x19[U\
D+\x13\x00\xc1V\xd2\xaa\x92Xy\x02\x10\xce\x10\xe4\
\xcd\xb9\x93v ur\x13\xf0\x94v\x10\x11\xe8\x0b|\
R;\x88@\xeeG\xc6\xa9\xad`\xa9\xfc\x0f\xb6&\x00\
n\x80\x9d{\xc9r\xecT\x00\xfa\x00ki\x07\x11\x80\
W\x00\x0c\xd0\x0d\xb8\x0e\xe98g\x9d\xd3\xb5\x03\x88\xc4\
\xfe\xc8Nj\x96\xb8E;\x80@,%\x00\xd3\x81)\
\xdaA\x04`i\xa7\xba7\x809\xdaA\xd4\xc8\xc6\xd8\
\xaaZy\x05\xa0\xe0t\x00.\x07\xb6\xd7\x0e$\x02\xb7\
`\xabL\xba:\x0e\xd5\x0e \x03\x96\x12\x80>\xc0\xe6\
\xdaA\x04`\xe9\xed\x1fl5\x00\xb2\xf2\xf6\x0f\xb6\xe6\
ULoV\xeex\x02P;\xbfF\xde6\xcb\xc0O\
\xb5\x03\x88\xc4Z\xd8k\xfe3\x19[K\xd4v@\x92\
_+Xj\x00\x04\xb2\x81\x98\x15,%\x00[i\x07\
\x10\x80\xda\xae\x95\x9e\x00\xd4\xc6I\xc0\x09\xdaAD\xe2\
_\xc0\x03\xdaAD\xe2(l=\x9c\x00n\xd6\x0e \
\x90\x9d\xb4\x03\x08\xc4Z\x02\xd0];\x80\x00,%\x00\
[j\x07\x10\x80\x9a\xaf\x9e\x00\xb4\xcf\x89\xc0\xcf\xb4\x83\
\x88HY\xc6\xfe\x1b\xb1\xb9\xf9\x92\xa5\xf2?\xd8\x1a\xff\
_\x8a\xbd\xe4v\x89v\x00\x01XI\x00:\x02\x9bi\
\x07\x11\x80W\x00\x0a\xca7\x81\xdfbk2\xc9\xea\xb8\
\x15{7\xc8U\xb1;0B;\x88@fc\xab\x01\
POlm\x00\xf4$\xb6VW\x80\x9dIu\xcb\x81\
\x09\xdaA\xd4\xc8\x18d\xc2\xb6\x15<\x01( \xdf\x02\
~\xa5\x1dDD\x96\x01\xdf\xd1\x0e\x22\x22Gk\x07\x90\
\x81\x1b\x81E\xdaA\x04\xf01d\x9d\xba\x15\xee\xd6\x0e\
 \x03\xb9\xb7\x7f\xcd\xc8T\xec$W\x96\x92\xd6\xe5(\
\xf6V\xf0\x04\xe0\xbfi\x00~\x0c\xfcR;\x90\xc8\x5c\
\x84b\xa6\x19\x99\x01\xc0\xa7\xb5\x83\xc8\xc0\xf5\xda\x01\x04\
b\xad\xbf\xc2\xbd\xda\x01d\xc0Jc\x1d+\xe5\x7f\xb0\
5\xfe\xff\x060K;\x08G\xe8\x0a\x5c\x89dee\
\xd2\x1c\xa4\x81QY\xf8\x1a\xfa\x9e\x86j.\xb6\xca\x92\
 \xeb\xe9\xb5}\xabUK\x80^I\x5cHKw\xa4\
*\xa4\xed_{\xfan*\x03\x120\x1e}\xbfj\x95\
\xea\x9c \xaf\x00\xac` \xd2\x9e\xd5Z[\xd9Z\xf8\
\x05\xf0\x8ev\x10\x91h\x04\xbe\xa2\x1dD\x06n\xc1\xd6\
\xae\x8bc\xb0\xb5\x97\xba\xc5\xf1\x7f\x80\xf9\xc0C\xdaA\
\xd4\xc0=\xda\x01\xd4H\x07`\x0b\xed \x02P\xad\xac\
x\x02 l\x09<\x8c\xacy.\x1bo =\x0c\xca\
\xc2\xde\xd8j\x9e\xd2\xc2u\xda\x01\x04\xb2\xa7v\x00\x81\
\xdc\xa3\x1d@\x1d\xfcC;\x80vx\x1b\x1bI\x0aH\
gEK\x1b\x83=\xa7\x1d@\xd5\xf9*\xf2f\xa6]\
\x0aJ\xa5#\xe2YU\x08\xeeB\xdf\xd3P\xcdGf\
\xd4[\xe2_\xe8\xfb\x16\x22k\x09Kk\x06#C\x18\
\xda\x1e\xaeJ\x966\x0d\xfb\x1f\xf4\xfd\x0a\x91\xa5\xe5\x8a\
\xa5\xa27p\x15\xfa'@J\xddGy\x960\x02l\
\x0a4\xa1\xefk\xa8\xac\xbd\xfd\xf7\x00\x16\xa2\xef[\xad\
Z\x82\x5c\xcf\x96\xb9\x1c}\x1fW\xa6\xa5\xc0z\x09\x7f\
wl~\x83\xbeg\xb5j\x1e\xd2\xb3\xc0\xc9\x99O!\
\xcbZ\xb4O\x80\x94Z\x84\xad\xed0k\xe1b\xf4}\
\xcd\xa2\x03S\x98\x91\x90\xbd\xd1\xf7,D\x8f\xa4\xb1!\
W6F\x96\xeaj{\xd9V\x97\xa4\xfc\xd1\x09\xb8\x07\
}\xcfj\x95\x95a\x95\xd2\xb0\x06p\x05\xfa\x07>\x0f\
\xfd(\x92gEa\x0dl\xbd\x95\xb6h&\xb2\xba\xc4\
\x12\xe7\xa0\xef[\x88~\x9e\xc6\x86\xdc9\x0f}/[\
k>\xb6&\x826\x22\xcd\xb6\xb4}\xabUg\xa7\xb1\
\xc1iK\x07\xe0\x7f\x81\x19\xe8\x1f\xf4<\xf4\x0a\xf6\x1e\
:\xedq:\xfa\xbef\xd1\xf9)\xccH\xcc$\xf4}\
\x0b\x91\xe5\xf1\xff\xd6\xf4G&\xdci\xfb\xd9\xa2\xaf\xa7\
\xfd\xb9\xd1\xd9\x10}\xcfBtT\x1a\x1b\x9c\xd6\xec\x83\
\xcc\xb4\xd4>\xd8y\xa9\x09\xe9\xe0V&\xfa \xcd2\
\xb4\xbd\xcd\x22k+KF\xa1\xefY\x88\xac\xae\xff_\
\x15\x1f\xa3\x18C\x01\xff\xc4\xde*\xb1C\xd0\xf7-D\
>\x010!; \x93\xe0\xb4\x0fr\xde\xb26fW\
\x0b\xdfG\xdf\xd7,z\x15{\x930\xbf\x8e\xbeo!\
*\xc3\xf8\x7f[\xbe\x83\xae\xa7\x13\x91n\x9b\xd6\xf8\x15\
\xfa\xe7c\xad\x9a\x8fO\x00\x8cN#p\x00\xb2\xe1\x8d\
\xf6\x01\xd6\xd0\x9b\xd8\xbcpWG/\xec\x0e\xdd\x9c\x9a\
\xc0\x8f\xd4X\xea\xa2\xb6\x9c\xf2\xecn\xd9\x963\xd1\xf1\
\xf3\x0d`\xdd\x1c~_\x0a\x1eD\xff|\xacU\x0f'\
\xf2\xa0\x92\xf4E\xd6\xf3\xbf\x8a\xfe\x81\xd5R\x13\xb0G\
\xbdF\x16\x90\x93\xd0\xf76\xeb\xf1\xb0v#\x1dF1\
\xca\xcf!\xfah\x12'\x8a\xc1i\xe4\xeb\xe5+\xd8;\
g[\xe8\x82\xadI\xc2\xe7\xa4\xb1\xa1:tB\x96+\
\xfd\x95r7\xf2\xa9U\x96\x9au\xd4J\x0f\xe0]\xf4\
\xbd\xcd\xa2\xfb\x12\xf8\x91\x9a\xe3\xd1\xf7-D\xd3\x00;\
W}\x00\x00\x19\xb2IDAT\xb17N\x1d\xcaa\
H\x8b\xe3\xd4^\xde\x8c\xed\xea\xe1v\xe8\x9f\x8f!\xfa\
B\x1a\x1b\xcaMw\xe4\xa1\x7f.v\x1f\x0c)\xf44\
\x92\x01\x97\x8do\xa0\xefmV\x1d\x19\xdf\x8e\xe4\xdc\x8b\
\xbeo!\xfaK\x1a\x1b\x0a\xc7(\xd2\xado\x9f\x83T\
O\xad\xcdUi\x8b\xb5{\xc5\xe6il(\x17\x1d\x91\
>\xfd'\x00\xb7\xe1o\xfa+\xd3\x02\xa4\x89H\xd9\xe8\
\x03\xbc\x87\xbe\xbfY\xf4>\xf6v\xfe[\x13{\xe5\xff\
\x83\x938QL\x1a\x80C\x81\x09\xc4\xf1n1\xd2w\
`X\x9e?\x22!\xd7\xa0\x7f>\xd6\xaa\x05H\x05\xdb\
iEWdY\xc4\x81\xc0/\x91\x12\xea<\xf4\x0fV\
\xd1u|\x16\xb3\x0d\xf0S\xf4\xbd\xcd*\x8b\xc31_\
F\xdf\xb7\x10-\x01\xfa%q\xa2\xd84\x02\x9f\x06\xfe\
N\xb6m\x84_C&N\x96\xe5\xc1\xdf\xc2\x9b\xe8\x9f\
\x93\xb5\xaa0+WR\x96}\xba!\x0f\xf5\x8e\xc8L\
\xeeN\xc0\xa0f\xad\xd9\xfc\xe7``$\xd2\xc0a8\
\xe5\x1f\xcf\x8b\xcd\xb5\xc0A\xc8IU&\xd6B&$\
Y{\x8b\x069\x16\xa3\x91\xf8-q7\xb0\xabv\x10\
\x01\xdc\x07\xec\xa2\x1d\x842}\x80\x9d\x9b\xb5)\xb0\x01\
\x92\x14\xf5A\x92\x83\xb9H\xcb\xf3W\x91\x87\xce=\xc0\
\xb3\x1a\x81&f\x1d`\x8av\x10\x01\x9c\x8b$\xdc\xea\
\xd4\xb3\x0e\xb1\x019\xe9v\x03\xc6\x22\xe3T\xeb \xe3\
\xf4\x96\xb6c\xb4\xca\xf3H'\xa9\xb2=\xfcA\xdeP\
,>\xfc\x01\xee\xc4\xde\xc3\x7f0\xb0\x93v\x10\x81\xdc\
\xa2\x1d@\x01\x98\x0d\xdc\xd8\xac*\xb3\x9dv\x00\x81<\
\xa1\x1d@\x0bY\x12\x80a\xc01\xc0\xe7\xb1\xb5KT\
\x99\x98\x05\xec\x0f|\xa8\x1dH\x026\x05\x0e\xd7\x0e\xa2\
\x0e\xce\xd5\x0e \x03\xfb#\xed\xb2-q\xb3v\x00N\
a\xf0\x04 \x07\x86 \x93F,\xad\xb5,\xa3\x96\x01\
{\xb5s\xac,s\x0b\xfa\x1eg\xd5\x1b\xd8\xec\xeeu\
\x07\xfa\xde\x85hj\x1a\x1b\x1c\xa3<\x8a\xfe9Y\xab\
\xe6cl\x02`\x032^a\xb5\x17{\xd9\xf4\xbd\xd5\
\x1f.\xd3\xec\x89\xbe\xbf\xf5\xe8\xb4\xe8\x8e\xa4g\x102\
\xa1N\xdb\xbb\x10\xfd!\x89\x13\x8eE\xba#+\x1a\xb4\
\xcf\xc9Zuo\x1a\x1b\xd2\xd0\x0f\x99m\xaam\x9aK\
t-\xf6\xd7\xeb\xae\x8a\xaeH\x0frm\x8f\xb3j\x11\
04\xba+\xe99\x0e}\xefB\xb5w\x12'\x1c\x8b\
\xec\x8c\xfe\xf9\x18\xa2\x9f\xa5\xb1!\x1b\xab+W\xae\x89\
\xac\xbd\xf7\x1d\x8b\x8a\xc1}\xc0\xff 'Q\x199\x19\
Y\x11b\x95K\x81\xb7\xb4\x83\xc8\x80\xb5-I\x17\x00\
wi\x07\xe1\x14\x86\xed\xb5\x03\x08\xe4A\xed\x00ja\
\x180\x19\xfdl\xc9%z\x0e\xd9\xef\xa0\xacl\x80\xed\
\xb9%M\xc0\x98\xe8\xae\xa4gc\xf4\xbd\x0b\x95\xcf\xfe\
wZc\xa9B\xdd\x04\x0cLcC6V\xb6\xee\xbe\
\x1f\xb2\x17\xf4\x88|CqV\xc14\xe0\x93\xc8\x1c\x8c\
\xb2r6\xb6[\x19\xdf\x88th\xb3\xc6\x91\xda\x01d\
\xe0o\xda\x018\x85\xa1\x01[+\x00^Ev6-\
,\x0d\xc0\xf5\xe8gJ.\xd1\x0cl\xbeY\x86p0\
\xfa>\xd7\xab\x1d\xa2\xbb\x92\x9e\x8e\xc8\x90\x85\xb6w!\
Z\x0a\xac\x91\xc2\x0c\xc7$\xd6*X\x17\xa5\xb1!\x1e\
\xd6\xda\x81\x96Y\x1fbo|+\x94\xbe\xd8j\xe1\xb9\
2=\x10\xdd\x95|\xd8\x07}\xefB\xe5c\xffNk\
\xbe\x82\xfe9\x19\xa2c\xd2\xd8\x10\x87\xc1\xc0L\xf4M\
r\xc9\xc3\x7f\xf7\xd5\x1f\xaeRp\x19\xfa^\xd7\xab}\
\xa3\xbb\x92\x0f\xd7\xa1\xef]\xa8\x8eK\xe2\x84c\x95k\
\xd1?'C\xb4Q\x1a\x1b\xe2p\x1e\xfa\x06\xb9d{\
\xce\x1d\xdb9Ve\xe03\xe8{]\xaf^\xc4\xe6\xfe\
\x15\x03\xc9\xb6\x91\x8c\xa6\x96!+\x93\x1c\x07d\xb8z\
:\xfa\xe7e\xad\xfa\x80\x02\xdf+\x86a{\x16vY\
4\x0b[\x93Z\xb22\x18\xbb[\xfd\xb6\xd6\x91\x91}\
\xc9\x8b\x13\xd1\xf7.T\xf7'q\xc2\xb1\xca\xa6\xe8\x9f\
\x93!*\xe4\xea\x95\x96>\x00\xc7`{\x16v\x19\x98\
\x05|\x02ikYv.\xa0`\xcba2\xf0\x0a2\
\x84a\x91#\xb5\x03\xc8\xc0\xb5\xda\x018\x85b7\xed\
\x00\x02)\xec\xfa\xff\x06`\x12\xfa\x19R\x955\x1d\xd8\
\xba\xbd\x03U\x12\xbe\x80\xbe\xdf1thlcrb\
\x0b\xf4\xbd\x0b\xd5RlvYt\xd2am\xb5Za\
\xe7tm\x86\xbe9U\xd6KTgW\xc5\xf5\x90-\
L\xb5=\xafW\xcfQ\xe0\xf1\xbcv\xf8=\xfa\xfe\x85\
\xea\xce$N8ViD\x96Hk\x9f\x97\xb5j\x09\
\xd03\x89\x13u\xd2H\x813\x93\x0a\xf0 2\xe1\xef\
5\xed@r\xa0+p5\xd0[;\x90\x08\x9c\x8at\
\xf5\xb2F/ln\xb5|\x85v\x00N\xa1\xd8\x0c\x18\
\xa0\x1dD\x00\xcfP\xd0\xad\xdb\x1b\x81m\xb4\x83\xa8(\
W\x03\x1f\xa3\xe0\x9d\xa1\x22\xf2{\xca1\xcc\xf1\x04\xd2\
~\xd4\x22G\x01}\xb4\x83\x08d1\xde\xfd\xcf\xf9O\
|\xfc?\x22\x8f\xa1_\x22\xa9\x92\x9a\x80\x1fR\xde]\
\xfdV\xc6\xe7\xd1\xf7=\x96\xf6\x8a\xecM^4\x02/\
\xa3\xef_\xa8\xfe\x91\xc2\x0c\xc74\xff@\xff\xbc\x0c\xd1\
\xe7\xd2\xd8\x10\x87w\xd07\xa8*\x9a\x05\x1cP\xdba\
)\x0d\x1b#\xe5/m\xefc\xc8j\xd7?\x90\xc4E\
\xdb\xbf,:$\x85\x19\x8eY:`\xafa\xdd\xb0$\
NDb\x1e\xfa\x06UAOb{\xbb\xdb,\xf4B\
6\xc9\xd1\xf6>\x96v\x89kO\xae\xdc\x86\xbe\x7f\xa1\
\x9a\x03\xf4Ha\x86c\x96\xad\xd1?/C\xf4r\x1a\
\x1b\xe2\xd0\x11_\xff\x9f\x07\xe7\x03_C\x9a-U\x85\
\x06\xe0b`\xb4v \x91\xb8\x0e\xb8W;\x88\x8c\x8c\
\x06\xc6i\x07\x91\x81k\x91\x17\x94\xb2\xd3\x15\x18\xc2\x8a\
\x89m\xf3\x91\x8d\x9af\xabET\x5cv\xd5\x0e \x90\
\xbb\xb5\x03h\x8f2,\xcb*\xaa\xe6R\xf0\xf1\x9f\x84\
\xfc\x14}\xffci\x01\xb0n\x5c{r\xe5\x1c\xf4=\
\xcc\xa2\x9dS\x98Q\x00\xd6\x03\x8eG\xd6\xb2Of\xd5\
\xbf\xff\x03\xe0\x0e\xe0t`,\xd5\x9a7\xb4*nB\
\xff\xbc\x0c\xd1\xc1il\x88\xc7T\xf4M*\xa3\xee\x05\
\xd6\x0f8\x0ee\xa2,\xcd~Z\xf4\xd3\xb8\xf6\xe4J\
_$\x11\xd5\xf60T\x93(\xd7\x03\xaf#p\x180\
\x9e\xec\x9eL\x01N\x06\x06\xe5\x1bza\xe8\x8c\x0c\x0b\
i\x9f\x9b\xb5\xaa\x09i{^h\xeeD\xdf\xa82i\
.\xb2M\xa5\xd5F1\xf5\xb2;\xb2tK\xfb8\xc4\
\xd2[\x14\xb4\x89G\x8d|\x03}\x0f\xb3\xe8\xd4\x14f\
(q(\xf0*q\xef1\xa7a\xfb\xbc\xcc\xc2n\xe8\
\x9f\x97!z>\x8d\x0dq\xb1Z\x1e,\xa2n\x07F\
\x04\xb9_.\xc6 eK\xed\xe3\x10SG\xc64(\
g:`\xb3\xcd\xf72\xcaq\x1d\x0d'\xed\xe4\xcb\xc9\
\xd8[\x13_\x0fg\xa0\x7fn\x86\xe8\xac46\xc4\xe5\
\x10\xf4\x8d\xb2\xae\x0f\x90\x0d\x95\xcaT\xb2\x0ce\x106\
\x1f6\xab\xd3c\xd8\xae\xe4\xec\x8f\xbe\x87YtW\x0a\
3rf\x1c\xf9\xecx\xd9\x04|\x9fj\xdc{\x9eF\
\xff\xdc\x0c\xd1\xfeil\x88\xcb`$\xe3\xd66\xcb\xa2\
\x96 \x15\x14\xeb;\xdb\xd5Ko\xca\xd7P\xaa\x09\xd8\
!\xa6I\x0aX=&\x87\xa50#G\x0eG60\
\xca\xd3\xb3K\x90\x8aOYY\x13\xb9&\xb5\xcf\xcdZ\
\xb5\x0c\xe8\x9f\xc4\x89\x04\xf8<\x80p\xdd\x864\xb9\xa9\
:=\x90\xbd\xda\xb5\x8fGl\xfd9\xa2G\x1a\xec\x89\
\xbe\x87Y\xf4>\xb2,\xce*G\xa0\xf7Bu\x19\xb6\
+V\xab\xe3H\xf4\xcf\xcd\x10=\x99\xc4\x85D\x1c\x8e\
\xbeaV4\x01\xbb\xed`c\xd3\x15\x99\xf7\xa0}L\
b\xeb]lm6\xb22\x1e@\xdf\xc7,\xfam\x0a\
3r\xe2\xe3\xe8O\x80\xb5\xbcbeu\x5c\x89\xfe\xb9\
\x19\xa23\xd3\xd8\x90\x86\xce\xc04\xf4M+\xb2^B\
\xb2\xd0N\xd9,.\x1d\x9d\x80\x1b\xd1?.)th\
D\x9f4\xd8\x1d}\x0f\xb3\xcajUm(\xc5\xd8\xa2\
\xb6\x89\xf2\xb5\x1b\xef@1\xbc\x0d\xd1\xdeI\x9cH\xc8\
q\xe8\x9bVD=\x834s(ki-\x0b\x1d\x90\
\xdd\x0c\xb5\x8fM\x0a\xdd\x1c\xd1'-\xeeF\xdf\xc7,\
\x1a\x9f\xc2\x8c\x9c\xf8'\xfa\xfe\xb5h:\xb0F\xda\x9f\
\x9b+\x1fA\xdf\xd3\x10-\xc1\xde\xae\x9bt@\xc6-\
\xb4\xcd+\x8a\x1e\x01\xf6\xa5\x1a\xb3kC\xe8\x08\x5c\x8a\
\xfe\xf1I\xa1\xb9\xc0:\xf1\xacRaG\xf4}\xcc\xaa\
#\x12\xf8\x91\x07\x9fA\xdf\xbb\xb6\xba8\xe9/\xce\x97\
\x1f\xa0\xefg\x88\x1eIcCz\xb6\x06\x16\xa1o\xa0\
\x96\x16\x00\x7f\x01\xb6\xaf\xd7\xc8\x92\xd2\x05\xd9\x9b]\xfb\
8\xa5\xd2\x89\xf1\xacR\xc3\xe2\xa6?\xcb\x91\xc9\x7f\xdd\
\x12\xf8\x91\x9a\x8e\xc0D\xf4\xfdk\xab\xa5\xc0\xa6\x09\x7f\
w\x9e<\x88\xbe\x9f!:#\x8d\x0d\xf9p\x02\xfa\x06\
\xe6\xad\x09\xc0\xd71\xb4lC\x81^\x94{\xb5\xc8#\
\xd8_F\xb5-\xfa>f\xd5/\x13\xf8\x91\x07\x9fE\
\xdf\xbbU\xe9/\x09\x7fw^\xf4'\xff%\x95\xf5\xea\
\x13I\x9c\xc8\x91*t\x07\x9c\x85\xac\x9d\xdd\x0d/\xf3\
\xb7\xc7@\xe0Q\xf4\x8fY*-\x026\x8b\xe6\x96\x1e\
7\xa0\xefe\x16-\xc5\xeefK\xf7\xa1\xef\xdf\xaa\xb4\
\x10\xfb\xfb\x06\x1c\x84\xbe\x8f\xa1\x9e\x9b\xdf\xc2\xba\x11y\
8j\x9b\x19[-\x0f\xfd}\xf0m\x90ke-\xe0\
E\xf4\x8f]J}'\x9a[zl\x81\xadF)\xad\
\xf5\xf7\x04~\xe4\xc1\x06\x14\xdf\xf3/&\xfb\xf5\xf9p\
1\xfa\x1e\x86\xe8\xf646\xe4O\x03R\x96\xd36\xb4\
^\xbd\x8d4u\xd9\x1b\x7f\xe8\x872\x0a\xd9\x81L\xfb\
\x18\xa6\xd4\x9d\x94c\x85\x87\xb5mR[k\x8f\x04~\
\xe4\xc1\x8f\xd0\xf7\xae=Y^\xd5\xd2\x00\xbc\x89\xbe\x87\
!\xfaF\x12'\x149\x18\x98\x8d\xbe\xb1\xb5j\x0e\xb2\
>\xfdk\xc0&xy?+\xe3(\xdf\xc6>m\xf5\
>R\xe1\xb0\x8e\xb5]\xd2Z\xeb\x05l^\xa3\x8d\xd8\
H\x8ega7\xc1\xdd\x12}\xffB\xb5Q\x12'\x94\
\x19\x0e\x5c\x8f\xbe\xb9+\xd3\xebH\x09\xf1{H\xef\xf6\
\x8e\x89<\xa8\x12'\x22kY\xb5\x8fmj}&\x96\
a\x8a4\x00\x8f\xa3\xefeV\x1d\x17\xdf\x92\x5c\xb0\xd4\
liL\x22\x0fRs\x1a\xfa\xde\x85hj\x12\x17\x0a\
\xc4.\xe8\xb5~]\x86l\x7fy=\xf2\xb0\xdf\x13\xd9\
\xc8\xc8\x89Gg\xe0\x02\xf4/\xa4<ta$\xcf\xb4\
\xf9\x1c\xfa^f\xd5\x0c\xecN\x98\xb24G\xca\x5cW\
\xbaf\x9eB\xdf\xbb\x10\x9d\x97\xc6\x86\xe2\xb1\x11\xd2s\
\xfa\x05\xe2\x1a8\x0b\x99pv3\xf0{dI\xe2\xa7\
\x80\xd1\xf8\xf8}j\x06Q\xec\x19\xcd1\xf5\x0a\xd03\
\x8em\xaatA\x92bm?\xb3\xea\xc7\xf1-\xc9\x85\
^\xc0\x87\xe8\xfbW\xab,VY\xd6A\xdf\xb7P}\
:\x89\x13\x09\xc9Z.\x7f\x118\xa5YC\x80\xb1\xc8\
Cz8rc\xed\x81l\x8a1\xaf\xf9\xff?\x1b\x99\
-\xdb\xf2\xef\xe6!\xd9\xff\xbb\xcd\x7f\xb6hI\xc6x\
\x9c\xfa\xd8\x02i\xf03B9\x8e<X\x82l7\xfb\
\xa1v \x11\xf8*v\x8f\xd9\x22\xe0l\xed 2\xf2\
YlU.\xbak\x07\x90\x81\xfd\xb4\x03\x08d12\
\xa1\xd8q\xcc\xd0\x80<D\x16\xa0\x9f=\xe7\xa5\xafG\
qN\x9f\xfe\xd8\x9e\xa4yQ|Kr\xc3Z\xa5\xec\
\xa446$\xc5Z\xd3\xb1\xbb\xd2\xd8\xe08i\xe8K\
y7\xf4Y\x95\xae\x88\xe2\x5c18\x13}?\xb3\xaa\
\x09\xbb\xb3\xa5GS\xfc\xb5\xffmem\x08\xa0?\xf6\
&!\x97\xa1\x97\x88S\x11vEVOh_4y\
\xea\x19l\x95mW\xc7\xbaH\xc71mO\xb3\xca\xf2\
\xda\xf4\xdf\xa0\xef_\xa8\x0eJ\xe2D:\xfe\x07}\xcf\
BU\x86N\xa2N\xc9\xe9\x80,\xad\xb1\xd6[\xbb^\
}\x00\x8c\xac\xdf\xbe\xc2p%\xfa\x9e\xd6\xa3\x9d\xe3[\
\x92\x0b]\x91\xde\x11\xda\xfe\x85j\x8b\x14f$\xe4Z\
\xf4=\x0b\xd1[\xd8\xece\xe1T\x88\x0d\x81\x07\xd0\xbf\
X\xf2\xd62d\xc9hY\xd8\x01{%\xe8\xd6\xba?\
\xbe%\xb9\xf1y\xf4\xfd\x0b\xd5\x12$q\xb1BWd\
[nm\xdfBT\x96%\xc5N\x09\xe9\x884\xf6\xb1\
\xb4l)\xa6N\xa9\xdf\xc2\xc2\xd0\x11x\x1a}O\xeb\
\xd1'\xa3\xbb\x92\x1f\xf7\xa3\xef_\xa8\xc6'q\x22\x1d\
\x9fB\xdf\xb3P\x95\xa1\xa1\x98SB\xb6\xc1\xfe\x03\xa3\
\x1e\xfd\x8dr\x95\xe6\xbe\x85\xbe\xa7\xf5\xe8\x89\xf8\x96\xe4\
\xc6F\xe8\xfb\x97E\xa7\xa60#!\xe7\xa3\xefY\x88\
\x96 \x13\xaa\x1d\xa70tG6r\xb26\x936\xa6\
\x9e\x03z\xd7kd\x81X\x1b{\xa5\xd1\xb6\xb2\xfc\xa6\
\xf4[\xf4\xfd\xcb\x22Km\x80\x1b\x91\xcd\xdb\xb4=\x0b\
\xd1}I\x9cp\x9c\x8c\xec\x0eLD\xff\xc2\xd0\xd4\xeb\
\x94c\x93\x9f\xd6\x14u/\x8eZ\xf5\x02v7\xa5\xe9\
\x01\xccD\xdf\xc3P=\x9c\xc2\x8c\x84|\x14}\xcfB\
ur\x12'\x1c'\x90\xce\xc8[\xbf\xe5\x09b14\
\x0b\xd8\xb4N/\x8b\xc6\xde\xe8\xfbZ\xaf>\x17\xdd\x95\
\xfc8\x0e}\xff\xb2\xc8\xda\xfa\xff\x9f\xa1\xefY\xa86\
N\xe2\x84\xe3\x04\xb0!2\xbe\xaa}1hk\x11R\
\x01)\x13\xdd\xb1\xdd\xef\x7f9\xf2\xf6\xdf!\xb619\
\xd1@\xfc=O\xf2\xd0B\xa4\xa1\x8e%^F\xdf\xb7\
\x10\xbd\x92\xc6\x06\xc7\xa9\x9d\xd1\xd8\x1b7K\xa1&\xe0\
\xf0:\xbd,\x22\x16\xdf\x8a\xda\xcaZ#\x9a\xd6\x8cC\
\xdf\xbf,\xba:\x85\x19\x09\xd9\x12}\xcfBuF\x12\
'\x1c\xa7F\xfc\xe1\xbfB\x16\xfb\x9d\xb7\xc7\x86\xd8\xee\
\xf8\xb7\x1cx\x1e\xbbc\xff\x007\xa2\xefa\x16}*\
\x85\x19\x09\xb1\x98\xe8n\x97\xc4\x09\xc7\xa9\x81a\xc0;\
\xe8_\x04E\xd09uzYD\x1a\x80{\xd0\xf7\xb6\
^\x1d\x10\xd9\x97<\x19\x894\x92\xd2\xf60To\x93\
}\xa7W-\xacM\x5c~\x1b\xdb\x89\xadc\x98F\xe0\
\x0e\xf4/\x82\x22\xe8\x1a\xec\x8e/\xaf\x8e\xaf\xa2\xefm\
\xbdz\x12\xdb}\x18,\xf6\xfd_\x0e\xfc*\x85\x19\x09\
\xd9\x06}\xcfBu~\x12'\x1c\xa7\x06\xbe\x8d\xfe\x05\
P\x04\xfd\x0d\xe8T\xa7\x97Ed\x140\x0f}\x7f\xeb\
\xd5\xde\xb1\x8d\xc9\x91^\xc8\x8a\x12m\x0f\xb3\xc8\xda*\
\x98_\xa2\xefY\xa8\xca\xd4^\xdc1\xc4\xda\xd8\x1f\x17\
\x8e\xa1\x1b\x90\xa5\x8fe\xa3#\xb2~[\xdb\xdfzu\
olcr\xe6\x1b\xe8{\x98E\x0f\xa50#!\x0d\
\xc0\x14\xf4}\x0b\xd1\x1c\xa0K\x02/\x1c\xa7]\xceA\
\xff\x02\xd0\xd6m\xd8\xda\xe0$\x84S\xd1\xf77\x86\xb6\
\x8fmL\x8et\x02\xa6\xa2\xefa\x16\x1d\x95\xc0\x8f\x94\
l\x87\xbeg\xa1\xba*\x89\x13\x8e\xd3\x0ek\x02\xf3\xd1\
\xbf\x004\xf5/\xca\xfb\xf0\xdf\x12\xe9e\xa0\xedq\xbd\
\xba&\xb619s8\xfa\x1ef\xd1,\xa4k\xa1%\
,\xb6X>$\x89\x13\x8e\xd3\x0e\xa7\xa3\x7f\xf2k\xea\
\x0e\xa0[\xdd.\x16\x93\xae\xc8\x929m\x8f\xeb\xd5\x12\
d\x0e\x83U\x1a\x80g\xd0\xf71\x8b\xceN\xe0GJ\
\x1a\x91\xb6\xdd\xda\xbe\x85h\x11\xd0'\x85\x19\x8e\xd3\x1e\
\xcf\xa1\x7f\x01h\xe9~\xa0g\xfd\x16\x16\x963\xd1\xf7\
8\x86\xce\x8dmL\xce\xec\x89\xbe\x87Y\xb5E\x02?\
R\xb2\x13\xfa\x9e\x85\xea\xd6$N8N;\xac\x87\xfe\
\xc9\xafy\xd1Y+m\x86\xb0\x0b6\xd7\x9b\xb7\xd5\x1c\
`Hdo\xf2\xe6N\xf4}\xcc\x22k\x93\xff\x00\xce\
B\xdf\xb7PY\xdb_\xc1)\x09_F\xff\xe4\xd7\xd0\
\xa5\x94s\xa9_\x0b\xbd\xb1\xdf\xeb\xbfE\xa7D\xf6&\
o,\xaeGo\x91\xb5\xc9\x7f\x1d\xb0\xd7\xc5\xb4\x09\x18\
\x9a\xc2\x0c\xc7i\x8f\xdf\xa1\x7f\x01\xe4\xad3\xb1\xddH\
\xa6\x16\xae@\xdf\xe7\x18\x9a\x8c\xfd\xc9\x99\xd7\xa0\xefc\
\x16Y\x9c\xfc\xb7\x1b\xfa\xbe\x85\xca\xda\xf6\xcaN\x89\xb8\
\x19\xfd\x0b /5!\xcd\x8e\xcaN\x99\xaa:\x967\
\xfc\x01\xd8\x08\xbb\xc30g%\xf0#5\xe7\xa2\xef[\
\xa8\xfe/\x89\x13\x8eS\x03/\xa1\x7f\x01\xe4\xa1\xc5\x94\
sW\xbf\xb6\x8c\xa5<\x0d\x9d\xc6c\xbfRc\xb5\x12\
\xd3\x84\xbdU\x17\x9d\x80\xe9\xe8{\x17\xaa\x91)\xccp\
\x9cZ\x98\x82\xfe\x05\x90Z\xf3\x80\xbd\x22\xf9Ud\xfa\
S\x9eq\xffeH2c\x99\x0d\x81\xa5\xe8{\x99E\
\xb7%\xf0#5\xfb\xa1\xef[\xa8\x1eM\xe2\x84\xe3\xd4\
\xc8\xab\xe8_\x04)5\x1d\xf8h4\xb7\x8aK\x03p\
\x13\xfa~\xc7\xd2\x85q\xedQ\xe1/\xe8\xfb\x98U\x16\
\x13\xe6\xeb\xd0\xf7-T\xdfL\xe2\x84\xe3\xd4\xc8\x0b\xe8\
_\x04\xa9\xf44\xb0n<\xab\x0a\xcd)\xe8\xfb\x1dK\
\x1f\x00\x83\xe2\xda\x93;\xeb!\xcd\x8b\xb4\xbd\xcc\xa2W\
\xb0\xb7%m\x7f\xec\x0d}5\x01\xc3S\x98\xe18\xb5\
2\x1e\xfd\x0b!\x85\xae\x02\xbaG\xf4\xa9\xc8\xec\x8a\xdd\
R\xf3\xcatlTwt\xb8\x10}\x1f\xb3\xea\x84\x04\
~\xa4\xc6\xe2\xc4\xd7\xfb\x938\xe18\x01\x94m\x13\xa0\
e\xc0\xc9\xd8\x9f<V+kbo\xdd\xf3\xea\xf4\x18\
\xf6\xde>\xdb\xb2\x0e2\xe9T\xdb\xcb,\x9a\x8d\xf4\x90\
\xb0\x86\xc5\x9d.\xbf\x9a\xc4\x09\xc7\x09\xe0\x18\xf4/\x84\
X\x9a\x05|*\xae=\x85\xa6#p\x0f\xfa\xbe\xc7R\
\x19&\xfe\x01\x5c\x84\xbe\x97Y\xf5\xbb\x04~\xa4f\x14\
\xfa\xbe\x85j)\xf6\xbb[:%`k\xf4/\x86\x18\
z\x09\x18\x1d\xd9\x9b\xa2s6\xfa\xbe\xc7\xd4yq\xed\
QaC\xec\x8e\xfd/\x036\x88oIr~\x82\xbe\
w\xa1\xba#\x89\x13\x8e\x13H#\xf6\x97\x02\xdeL\xf5\
v\xd2:\x01}\xdfc\xea-\xa0oT\x87t\xb8\x12\
}/\xb3\xea\x86\x04~\xa4\xa6\x11\x98\x8a\xbew\xa1:\
&\x85\x19\x8e\x93\x85\x1f\xa3\x7fAd\xd1\x12\xe04\xec\
\x8f\x19\x87\xb2'v\xdf2W\xa5\x03\xa3:\xa4\xc3\xa6\
\xd8\xed\xfa\xb7\x1c\xd81\xbe%\xc9\xf9\x18\xfa\xbe\x85j\
10 \x85\x19\x8e\x93\x85\x0d\x90%)\xda\x17F\x88\
^\x03\xb6KaF\xc1\xd9\x18\x99\xeb\xa0\xed\x7fL\xdd\
\x1c\xd5!=n@\xdf\xcb\xacz$\x81\x1fy`\xb1\
\xd7\xc2MI\x9cp\x9c:\xb0t\xf3\xba\x18\xe8\x99\xc6\
\x86B\xb3&0\x0d}\xffcj\x0e\xb0vL\x93\x94\
\xf8\x08\xfa^\xd6\xa3\xcf\xc4\xb7$9=\x80\xb9\xe8{\
\x17\xaa*\xb4$w\x8c1\x92\xe27\xd2\x98\x0d\x1c\x96\
\xca\x80\x82\xd3\x0d\x9bK\x9d\xda\xd3\xf11MR\xe4\x0e\
\xf4\xbd\xcc\xaaI\xc86\xba\xd68\x1c}\xefB\xb5\x80\
\xea\xcdWr\x8c\xf0\x1b\xf4/\x90Ui<\xb2\xbe\xba\
\x8a4b\xb3\xcdi{z\x00\x9b\x0f\x9e\xb6\xec\x81\xbe\
\x97\xf5\xe8K\xf1-\xc9\x05\x8bI\xd7\xf5I\x9cp\x9c\
\x08\xf4\x06^D\xff\x22i\xad\x96\x89~\x1d\xd3\xfd\xec\
\xc2s\x06\xfa\xc7!\xb6\xe6!K\xe6\xac\xd3\x08<\x85\
\xbe\x9fY\xf5.R]\xb2\xc6\xda\xd8\x9cpyp\x0a\
3\x1c'\x16\x1b\x023\xd1\xbfP\x96\x03O\x00[\xa6\
\xfd\xb9\x85\xe7\x8b\xe8\x1f\x87\x14\xfaZL\x93\x149\x02\
}/\xeb\xd1\xf7\xe3[\x92\x0b\xdfC\xdf\xbbP}\x88\
\xcc[p\x9cB\xa3\xbd\xccl\x1e\xf0-\xaa\xfd\xd6\x0f\
p\x08\xe5\xea\xf1\xdf\xa2{)\xc7\xd2\xcdn\xc0\xeb\xe8\
\xfbY\xcf\x03\xc9\xe2r\xb4Fln{}I\x0a3\
\x1c'\x05{ 3\xb45\x1e\x0e\xa3r\xf8}Eg\
\x1c\xc5\x9f\x94\x99\xf5\xa1\xb3~D\x9f4\xf9.\xfa~\
\xd6\xa3_\xc6\xb7$\x17\xf6D\xdf\xbb,\xda=\x85\x19\
\x8e\x93\x8am\x81\xe9\xe4sq\xbc\x0f\x1cIu6\xf1\
Y\x1d\xbb!\xb3\x85\xb5oX)\xf4\xe5\x88>i\xb2\
\x06\xb2*E\xdb\xcf\xac\x9a\x8f\xdd^\xf4\xd7\xa3\xef_\
\xa8\xa6R\x8e\xaa\x97S1\xd6\x02n$\xed\xc5q\x15\
08\xaf\x1fTp\xb6E\xa7\xf2\x92\x87n\xa1<\x09\
\x9e\xf5}\x18,n\xfa\x03\xd2\x0b\xc3b\x17\xcc\x1f\xa5\
0\xc3q\xf2\xe2`\xe2o;\xfb\x0c\xb0W\x9e?\xa2\
\xe0l\x8aTB\xb4oV)4\x1d\xbbo\x9cm\x19\
\x8d\xdd\xed~\x97#CK\xc3\xa2\xbb\x92\x0f\x16\x87]\
\x9a\xb0\xb9\xc9\x92\xe3\xfc\x07]\x81\xff\x05\x9e\xa5\xbe\x0b\
\xe2Q\xa4\xf7\xbb\x97\xc4V\xb0>\xf1\x13\xac\x22i\xdf\
xV\xa9s\x1b\xfa~\xd6\xa3?\xc4\xb7$\x17\xacN\
\xfe\x1b\x9f\xc2\x0c\xc7\xd1d'\xa4\xac5\x9e\xf6\xdf\x86\
\xe6\x02\xf7\x01?\xa0\x1ck\xbfc\xb36\xf6wd\x5c\
\x9d\xca\xb0\xcdo\x0b\xfb\xa2\xefg=Z\x8c\xdd\x86Z\
\x9f@\xdf\xbf,\xaa\xdc\xce\x7fe\x19\xe7sj\xa3\x07\
0\x02\x18\x88\x94y\xfb \x1b\xd6\xccD\x96I\xbd\x8a\
4\xedp\xfe\x9bA\xc0\xfd\x94w\xe5\xc3\xcb\xc0\xd6\xc8\
\xd2N\xebt\x01\x9e\xc7\xf6*\x86\x0b\xb1\xfb@\xba\x0e\
8@;\x88@\x16 \xf3\x16fk\x07\xe28N\xb1\
\xe8\x0e<\x88\xfe\x1bJ*-\x04\xb6\x8a\xe6\x96>'\
\xa3\xefi=Z\x8a\xdd\xb1\xe8!\xd8\x9cwqy\x0a\
3\x1c\xc7\xb1\x8f\xc5\xe5L!*\xcb\x92?\x80\xa1\xd8\
\xdcy\xae\xb5.\x8a\xeeJ~\x9c\x82\xbe\x7fY\xf4\x89\
\x14f8\x8ec\x9b/\xa3\x7fsJ\xa9\xab\xe3YU\
\x08.A\xdf\xd3z\xb4\x10\xbbc\xff\x8d\xc0k\xe8{\
\x18\xaa7(\xc7fW\x8e\xe3Dd\x18\xf6\xdf&W\
\xa7\x89\x94k\xcb\xd3\xed\x90\xa5\x5c\xda\xbe\xd6\xa3\xb3\xa2\
\xbb\x92\x1f\xe3\xd0\xf7/\x8b\xceHa\x86\xe38\xb6\xb9\
\x1c\xfd\x9bS*-D&\xfd\x95\x89\xf1\xe8\xfbZ\x8f\
\xe6!\x13\xd1\xacr-\xfa\x1ef\xd1\x98\x14f8\x8e\
c\x97\x0d\xb1\xb9\x8di\xad*\xd3\xb8?\xc0\xde\xe8{\
Z\xaf~\x1e\xdd\x95\xfc\xb0:\xf9\xef\x91\x14f8\xce\
\xff\xb7w/\xa1}TQ\x1c\xc7\xbfIZ\xa5\xc5\xb6\
\xb6\x18\xa9IE\x88\x8f\xa2\x22\xd6\xeaB-Z|\xe1\
B*.\x04\x11\x1f\xf8@P\x04\x15\xb16\x22\x22\xba\
\xea\xc6\x85\xa0\xa8\x15Q\xa1 \xb5;\xa5ta\xb1\xd1\
\x85\x8fV\x1a\xb1\x88VZKi\x0dj\x1b1ML\
Z\xd3\xa6.\x8e\xc1\xe4\x9f\x87\xff\xf9\xff\xef\x9d3w\
\xe6\xf7\x81\xb3\xca\xe6\x9cs\xc9\x9d\x99\xff\xdc\xb9W\xd2\
\xf6\x06\xfe\x93S\xacx?`\x9f\x8a\xe2\x13\xfc\xfb\xda\
L\x0c\x90\xe6\x89\x7f\xe3\xba\xf1\xefa#\xf1X\x8cf\
\x88H\xbaN\x07\xfe\xc0\x7fr\x8a\x11\xbd\xd8\xf1\xb8e\
r\x01\xe9\xbf\xfb\x7f1xW\xf2\xd3\x82\xad'\xf1\xee\
a\xd6\x18\x01\x96D\xe8\x87\x88$l\x0d\xfe\x93S\x8c\
\xe8\x07\xba\x02\xf6\xa9(\x9e\xc1\xbf\xb7\xcd\xc4a`a\
\xf0\xae\xe4g\x05\xfe=l$6\xc6hFJ\xb4\xc7\
\xbb\xc8Te<\x0f|\x0c\xb8\x17\xfbL\xabln\xf3\
N\xa0I\xeb\xb1\x93%S\x95\xea7\xf4\x1b\xbc\x13\x10\
\x91\xe2\xd9\x81\xff\xd3I\xe8x>h\x87\x8a\xa3\x95\xb4\
\x8fe\xde\x8f\xbdrJY\x8a\x1be}\x1f\xa5\x13\x22\
\x92\xbc\x94/(\xd3\xc5\x07\x94\xf7\xdc\x8f\x0b\xf1\xefo\
3qw\xf8\x96\xe4n\x1f\xfe}\xcc\x1aOF\xe9\x84\
\x88$\xad\x1d\xff\xc9)d\xec\xa0|\x8b\xfe&\xba\x11\
\xff\x1e736\xa9\xdf\x98\xb5\x90\xde\xe7\x7f\xc3\xc0\xe2\
\x18\xcdH\x8d\xd6\x00\x88Lv\xa6w\x02\x01\xf5\x01w\
`\xab\x9d\xcbj\xa9w\x02MX\x8b]\x90R\xb6\x08\
\x98\xeb\x9dDF\x9b\xb1\x13P+O7\x00\x22\x93\xcd\
\xf7N \x90\x11\xec\xe2\xdf\xe7\x9dHd\xa9]|\xc6\
}\x04|\xe6\x9dD\x00)\xae_x\xcb;\x81\xa2\xd0\
\x0d\x80\xc8d\xc7\xbc\x13\x08\xe0\x14\xf0 \xb0\xd3;\x91\
\x1c\xa4\xf8\x04}\x02X\xe7\x9dD '\xbc\x13\xc8h\
7v\xb4\xb7\xa0\x1b\x00\x91Z\x83\xde\x09\x04\xf0\x1c\xb0\
\xc9;\x89\x9c\xf4{'\xd0\x80\xb7\x81\x1f\xbd\x93\x08\xe4\
(\xf6\x89i*\xf4\xe9\x9f\x88\xcc\xa8\x15\xfb\xf9\xdc{\
\xa1R\xa3\xf1f\xf8\x96\x14\xda\x15\xf8\xf7<K\x0c\x00\
gG\xe9\x84\x9fC\xf8\xf7\xb5\x9e\x18\xa2\x5c\xa7_\x8a\
H\x04\xdf\xe1?Y5\x12[\x809\x11\xfaQd\xf3\
\x80Q\xfc{_o\xac\x8d\xd3\x06W\xdb\xf0\xefk=\
\xf1N\xac\x06\xa4J\xaf\x00D\xa6\xfa\xca;\x81\x06\xec\
\x02\xee\x22\xbdw\xb2\xcd\x1a\x01~\xf0N\xa2N{\x80\
W\xbd\x93\x88 \x95\x13\xf5\xb4\xf8\xaf\x86n\x00D\xa6\
\xea\xf1N \xa3\xfd\xd8q\xb8C\xde\x898\xd9\xe6\x9d\
@\x9d\x9e\xc6\xbe\x99/\x9b\xed\xde\x09\xd4\xe1[l\xdf\
\x05\x11\x91Y-\x22\x9du\x00\xbfb\xa7\xe1UY\x0a\
\x9b\x01}\x1c\xadz\x7fs\x80#\xf8\xf7x\xb6x4\
Z\xf5\x22R:\x1f\xe2?i\xfd_\xfc\x89-\x82\xab\
\xbaV\xecW\x10\xef\xf1\x98)\x8ec[\x16\x97\xd9k\
\xf8\xf7y\xa6\x18\x04\x16\xc4+]D\xca\xe6Z\xfc'\
\xae\xd9b\x04X\x1d\xad\xfa\xf4t\xe3?&3\xc5\xfa\
\x88u\x17\xc5r\xecs@\xef^O\x17\xafG\xac[\
DJj;\xfe\x93\xd7t1\x8a\xed\xf2'\xffY\x00\
\x1c\xc6\x7flj\xa3\x8f\xea<}n\xc2\xbf\xdf\xb51\
\x04\x9c\x13\xb3h\x11)\xa7\x15\xd8\xaaz\xefIlb\
\x9c\x04\xee\x8fYt\xc2\x9e\xc0\x7f|j\xe3\xbe\xa8\x15\
\x17K\x17\xb6\x93\xa6w\xcf'\xc6KQ+\x16\x91R\
{\x05\xffIl<\xc6\x80G\xe2\x96\x9b\xb46\xec\x13\
N\xefq\x1a\x8f-\xa4\x7f\xda_VEz\x15\xb3\x07\
8#n\xb9\x22Rf\xa7\x01\xdf\xe0?\x99\x9d\xc2\x9e\
pev\xcb\xb1\xc5\x91\xdec\xf5\x1b\xd0\x11\xb9\xd6\x22\
j\xc3\x0e9\xf2\xee\xff\x08py\xe4ZE\xa4\x02\xce\
\xc3\x7f\xbb\xd3g\xa3WY\x1ek\xb0W%^cu\
\x0cX\x15\xbd\xca\xe2j\x07\xf6\xe1\xd7\xff1\xe0\xe1\xe8\
U\x8aHe\x5c\x86\x1d<\xe31\x99u\xe7P_\xd9\
<\x84\xcfM\xc0\xdf\xc0\x9d9\xd4Wt\x17\x01\x07\xf1\
\xf9\x7fy*\x87\xfaD\xa4b.\x01\x0e\x90\xdfdv\
\x1c\xb8'\x97\xca\xca\xe9\x01\xac\x87y\x8d\xd70p{\
\x1e\x85%\xa2\x0b\xd8K~\xfd?\x89^\x93\x89HD\
\x1d\xc0\xa7\xc4\x9f\xcc\x0e\x02\xd7\xe5TS\x99\xad\xc6\xde\
\xc7\xc7\x1e\xaf\x03\xc0\xca\x9cjJ\xc9\x12`+\xf1\xfb\
\xff;pkN5\x89H\x85\xb5\x01\xeb\xb0o\x8cC\
Odc\xc0F\xe0\xac\xdc\xaa)\xbfv`3q.\
<c\xd8)s\x8bs\xab&=\xad\xc0\xe3\xc0Q\xe2\
\x8c\xc1V\xa03\xb7jDD\x80e\xc0\xbb\x84\xfb\x99\
\xb9\x07=\xf5\xc7t3\xb0\x93p\x17\x9e\x1e\xaa\xbd\xd8\
/\xab\x0elW\xbeP\xff/\xbd\xc0-\xb9V \x22\
Rc\x19\xf02\xf0\x13\xd9'\xb1~`\x03pu\xee\
YWS\x0bp\x03\xf6\x8b\xc00\xd9\xc7k\x10x\x0f\
\xb8&\xe7\xbc\xcb\xa4\x13x\x01\xf8\x99\xec\xfd\x1f\xc6~\
!\xbb\x09\x9df\xdb\xb4\xaamR!\x12\xdb\xc5\xc0\xf5\
\xc0U\xc0\xf9\xc0\xb9\xd8f$s\x81\x01\xec\xd4\xb4\xbd\
\xc0n\xe0s\xec\x89t\xd4%S\x99\x8f\xfd*\xb0\x0a\
\xb8\x12[\xb4\xb6\x14\x98\xf7\xef\xdf\xff\x02~\xc1>i\
\xeb\xc5\xc6\xab\x07{\x82\x950.\xc5\x9e\xe2Wb\xff\
;\x9d\xc0Bl\xff\x8d#\xd8\x0d\xf2!\xe0k\xe0K\
\xe0\x0b\xec&L\x02\xf8\x07\xd5\x1e\xec\xbf\xf9\xc2\x16\x0a\
\x00\x00\x00\x00IEND\xaeB`\x82\
\x00\x00\x11\xe4\
\x89\
PNG\x0d\x0a\x1a\x0a\x00\x00\x00\x0dIHDR\x00\
\x00\x02\x00\x00\x00\x02\x00\x08\x03\x00\x00\x00\xc3\xa6$\xc8\
\x00\x00\x02\xdcPLTE\x00\x00\x00\x00\x00\x00\x00\x00\
\x00\x00\x00\x00\x00\x00\x00\x00\x00\x00\x00\x00\x00\x00\x00\x00\
\x00\x00\x00\x00\x00\x00\x00\x00\x00\x00\x00\x00\x00\x00\x00\x00\
\x00\x00\x00\x00\x00\x00\x00\x00\x00\x00\x00\x00\x00\x00\x00\x00\
\x00\x00\x00\x00\x00\x00\x00\x00\x00\x00\x00\x00\x00\x00\x00\x00\
\x00\x00\x00\x00\x00\x00\x00\x00\x00\x00\x00\x00\x00\x00\x00\x00\
\x00\x00\x00\x00\x00\x00\x00\x00\x00\x00\x00\x00\x00\x00\x00\x00\
\x00\x00\x00\x00\x00\x00\x00\x00\x00\x00\x00\x00\x00\x00\x00\x00\
\x00\x00\x00\x00\x00\x00\x00\x00\x00\x00\x00\x00\x00\x00\x00\x00\
\x00\x00\x00\x00\x00\x00\x00\x00\x00\x00\x00\x00\x00\x00\x00\x00\
\x00\x00\x00\x00\x00\x00\x00\x00\x00\x00\x00\x00\x00\x00\x00\x00\
\x00\x00\x00\x00\x00\x00\x00\x00\x00\x00\x00\x00\x00\x00\x00\x00\
\x00\x00\x00\x00\x00\x00\x00\x00\x00\x00\x00\x00\x00\x00\x00\x00\
\x00\x00\x00\x00\x00\x00\x00\x00\x00\x00\x00\x00\x00\x00\x00\x00\
\x00\x00\x00\x00\x00\x00\x00\x00\x00\x00\x00\x00\x00\x00\x00\x00\
\x00\x00\x00\x00\x00\x00\x00\x00\x00\x00\x00\x00\x00\x00\x00\x00\
\x00\x00\x00\x00\x00\x00\x00\x00\x00\x00\x00\x00\x00\x00\x00\x00\
\x00\x00\x00\x00\x00\x00\x00\x00\x00\x00\x00\x00\x00\x00\x00\x00\
\x00\x00\x00\x00\x00\x00\x00\x00\x00\x00\x00\x00\x00\x00\x00\x00\
\x00\x00\x00\x00\x00\x00\x00\x00\x00\x00\x00\x00\x00\x00\x00\x00\
\x00\x00\x00\x00\x00\x00\x00\x00\x00\x00\x00\x00\x00\x00\x00\x00\
\x00\x00\x00\x00\x00\x00\x00\x00\x00\x00\x00\x00\x00\x00\x00\x00\
\x00\x00\x00\x00\x00\x00\x00\x00\x00\x00\x00\x00\x00\x00\x00\x00\
\x00\x00\x00\x00\x00\x00\x00\x00\x00\x00\x00\x00\x00\x00\x00\x00\
\x00\x00\x00\x00\x00\x00\x00\x00\x00\x00\x00\x00\x00\x00\x00\x00\
\x00\x00\x00\x00\x00\x00\x00\x00\x00\x00\x00\x00\x00\x00\x00\x00\
\x00\x00\x00\x00\x00\x00\x00\x00\x00\x00\x00\x00\x00\x00\x00\x00\
\x00\x00\x00\x00\x00\x00\x00\x00\x00\x00\x00\x00\x00\x00\x00\x00\
\x00\x00\x00\x00\x00\x00\x00\x00\x00\x00\x00\x00\x00\x00\x00\x00\
\x00\x00\x00\x00\x00\x00\x00\x00\x00\x00\x00\x00\x00\x00\x00\x00\
\x00\x00\x00\x00\x00\x00\x00\x00\x00\x00\x00\x00\x00\x00\x00\x00\
\x00\x00\x00\x00\x00\x00\x00\x00\x00\x00\x00\x00\x00\x00\x00\x00\
\x00\x00\x00\x00\x00\x00\x00\x00\x00\x00\x00\x00\x00\x00\x00\x00\
\x00\x00\x00\x00\x00\x00\x00\x00\x00\x00\x00\x00\x00\x00\x00\x00\
\x00\x00\x00\x00\x00\x00\x00\x00\x00\x00\x00\x00\x00\x00\x00\x00\
\x00\x00\x00\x00\x00\x00\x00\x00\x00\x00\x00\x00\x00\x00\x00\x00\
\x00\x00\x00\x00\x00\x00\x00\x00\x00\x00\x00\x00\x00\x00\x00\x00\
\x00\x00\x00\x00\x00\x00\x00\x00\x00\x00\x00\x00\x00\x00\x00\x00\
\x00\x00\x00\x00\x00\x00\x00\x00\x00\x00\x00\x00\x00\x00\x00\x00\
\x00\x00\x00\x00\x00\x00\x00\x00\x00\x00\x00\x00\x00\x00\x00\x00\
\x00\x00\x00\x00\x00\x00\x00\x00\x00\x00\x00\x00\x00\x00\x00\x00\
\x00\x00\x00\x00\x00\x00\x00\x00\x00\x00\x00\x00\x00\x00\x00\x00\
\x00\x00\x00\x00\x00\x00\x00\x00\x00\x00\x00\x00\x00\x00\x00\x00\
\x00\x00\x00\x00\x00\x00\x00\x00\x00\x00\x00\x00\x00\x00\x00\x00\
\x00\x00\x00\x00\x00\x00\x00\x00\x00\x00\x00\x00\x00\x00\x00\x00\
\x00\x00\x00\x00\x00\x00\x00\x00\x00\x00\x00\x00\x00\x00\x00\x00\
\x00\xff\xff\xff\x13\x81\xebq\x00\x00\x00\xf2tRNS\
\x00\x01\x02\x03\x04\x05\x06\x07\x08\x09\x0a\x0b\x0c\x0d\x0e\x0f\
\x10\x11\x12\x13\x14\x15\x16\x17\x18\x19\x1a\x1b\x1c\x1d\x1e\x1f\
 !\x22#$%&'()*+,-./\
0123456789:;<>?@\
ABCDFGHIJKLMNOPQ\
RSTUVXYZ[\x5c]^_`ab\
cdefghijklmnopqr\
tuvwxyz{|}~\x7f\x80\x81\x83\x85\
\x86\x87\x88\x89\x8a\x8b\x8c\x8d\x8e\x8f\x90\x91\x92\x93\x94\x95\
\x96\x97\x98\x99\x9a\x9b\x9c\x9d\x9e\x9f\xa0\xa1\xa2\xa3\xa4\xa5\
\xa6\xa7\xa8\xa9\xaa\xac\xad\xaf\xb0\xb1\xb2\xb3\xb4\xb5\xb6\xb7\
\xb8\xb9\xba\xbb\xbd\xbe\xc0\xc2\xc4\xc5\xc6\xc7\xc8\xc9\xca\xcb\
\xcc\xcd\xce\xcf\xd0\xd1\xd2\xd3\xd4\xd5\xd6\xd7\xd8\xd9\xda\xdb\
\xdc\xdd\xde\xdf\xe0\xe1\xe2\xe3\xe4\xe5\xe6\xe7\xe8\xe9\xea\xeb\
\xec\xed\xee\xef\xf0\xf1\xf2\xf3\xf5\xf6\xf7\xf8\xf9\xfa\xfb\xfc\
\xfd\xfeD\xba\xcf\xc7\x00\x00\x00\x01bKGD\xf3\xac\
\xb1\xbe\xee\x00\x00\x0d\xb8IDATx\xda\xed\xdd\x0b\
\x9fUU\x19\xc7\xf13\xcc\x0c&\xf7;3\x03\x08\x0c\
\x89\x11\x99\xdc\xa4L+D\xe3\xe2-\xb9\x98\x96@\x12\
\xa1\x19\x8a\x1aX\x84\xa8i $\x01\x86\x18Z\x06$\
\x91&a&\x19P\xa1\x80\xe0\xc0\x0c\xc3\xbd@d\x18\
f`\x10d\x06f\xd6+hp2)n\xe7\x9c\xb5\
\xf6^\xcf\xe2\xf9\xfd_\xc0Y\xfb\xf3|\x9fg\xef}\
\xf69{\xefD\x82\xc8O\x83\xdc\xfc\xfc\xee\xbd/\xcb\
\xcfo\x95M1\x14\xa5\xc55\xa3\x1ey~\xf9\xa6\xbd\
\xc7\xcc'\xf9\xe0\x9f\xeb^\x9d=\xe1\xb6\x9e\x9f\xa2<\
\x17t:\x0e\x7f\xea/\xef\x9bs\xe4\xc4\xb6W~\xfc\
\xb5\xe6\x14\xeaBL\xd7\xbb\x97\x94\x98\xa4R\xb3y\xee\
\xf0V\x14\xecBJ\xfd\x01s\xffeRJ\xf5\xbaG\
{Q\xb7\x0b#\xd97\xbfTa\xd2\xc9\xae\xa7\xaf\xa4\
z\xc1\xa7\xcf\xcfKM\xfa)|\xb8=%\x0c8\x17\
\x0d[e,S\xbd\xfc\xc6\x0c\x0a\x19fr\xa7\x96\x19\
\x17)\xba\x9bo\x87!~\xe5\x9by\xd4\xb8J\xc9\x94\
\xa6\x144\xact\x98\x7f\xdc\xb8L\xd9\xc4\x8b)j8\
i\xfe\xe4Q\xe3:{\xc6dQ\xd80\x925\xae\xdc\
D\x91M\xfd\xa9m\x10_\xfc\xde2Qe\xe9%\x94\
Wz\x9a\xcd\xaf1\xd1\xe5\x83\xf1\xf5(\xb1\xe8\x0c\xd8\
m\xa2\xcd\xdf.\xa3\xc8r\xd3\xf4y\x13y\x8e\x8c\xe3\
\xc2\x90\xd4\xf4\xdaj\xe2\xc8\xf2\x1cJ-2c\x8e\x99\
x\xb2\xef:\x8a-/\x8d~ob\xcb\xf1\x09\x1c\x06\
\xa4\xa5\xfdZ\x13g^j@\xc9E\xe5\xea}&\xde\
\xac\xeb@\xd1\x05\xe5\x8eJ\x13wvw\xa7\xecbr\
o\xb5\x89?\xe5\xd7Px\x19\xc9\x98b\xbc\xe4\xd8\xad\
\xd4^\x84\xffl\xe3)\xc7\xbfN\xf5\x05\xf8\xcf2\xde\
R9\x88\xfak\xf67\xe6\xe8W\x10\xf0\xec?\xc7x\
M\xc5\xe71\xd0;\xff'\xf3\x1e\xff\x1bW\xedo\xcc\
\xda\x868h\xdd\xff\xd7\xe5e~\x17P<\xff'\xf3\
C(T\xfb\x9b\xea\xeb\xc1\xd0\xec_{\xdf\x08'\x82\
\xaa\xfd\x8dY\x91\x09\x88f\x7fc\x1eDD\xb5\xbf9\
\xc6\xf5 \x85\xdf\xffN\xcdz\x1e4\xa6x\xfeOf\
\x02,\xaa\xfd\xcd\xd1|`4\xfb\x1b\xf3:2Z\x8f\
\xff\xff\xc9-\xd8(\x9e\xff\xdal\xab\x8f\x8ef\x7fc\
\xbe\x0f\x8f\xde\xfd\xff\xc9\x946\x03H\xf1\xfc\xd7\xe6\x11\
\x84T\xfb\x9bC\xec\x02T\xfb\x1b3\x09$\xad\xc7\xff\
\xba\x945\x82I\xf1\xfc\xd7\xe6{8\xa9\xf67[x\
\x86\x94j\x7fc\x06B\xa5\xf5\xf8_\x97eXi\x9e\
\xff\xda?\x88\xf2\xf7@\xd5\xfe\xfc/@\xbb\xbf)\xe6\
6\x11\xb5\xc7\xff\xba\xf0\x9e!\xcd\xf3_\x9b' S\
\xedo\xb6`\xa6\xda\xdf\x98\xcbQS{\xfc\xff(?\
\x82M\xf3\xfc\x1b\xf3W\xdcT\xfb\x9bJ~\x12\x0cc\
\xff_]0\xff\xe1\xdbo\xb9n\xe8\x88\xc7\x16\xbb}\
\xcb\xc4`\xe8\xe4\xfbW\xbf>\xb2\xc5)ku\x99\xb0\
\xc1\xddg?\x85\x9dt\xff\xaa\xb9]O[\xaf\xdf\x9f\
]}\xfaJ\xf0\x84\xfb\xbf\xd1\xed\x8cK\x0e\xdc\xe2\xe6\
\xe3?\xe4\x06\x01\xd1\xfeG\xef=\xdb\xe5\xfa\x86\xf3\xb8\
\x1a|\xe1\xfb\x97\xf4=\xc7\xba\xa3\xab\x5c,q\x0f\x80\
r\xfdw\x9c\xfb.\xde\x81.^<0\x07A\xb1\xdf\
\xffwu>\xcf\xda\xb79x\xf5\x00\x97\x82\xe4\xce\xff\
\xf9\xdf\xfd\xfa\x84\xfd*\xa5\x18\x0a\xf5\xdf\x9e\xc4\xbb\x7f\
\xb3W\xdb\xaf\xd3\x0a\xc50\xf7\xff\x1f\xa5\xc7\x09\xeb\x85\
z\xc3\x18\xea\xfc\x9f\x8c\xfd\x97A\xde%#r\xfe;\
%\xb9\x0d\x9d\x8f\xdb.5\x1eHy\xf3\xbf-\xf9\x17\
\xfd\xfd\xcev\xad\x19H\x8a\x9b\xff\x9d\x9d\x92\xdf\x8c\x9b\
l\x17\xfb5\x94\xd2\xe6\x7fk*7l\x5ct\xd8r\
\xb5\xa5X\x06<\xff\xb5\xf9\x93\xe5r\xab\xc0\x0cx\xfe\
k3\xc9r\xbdB4E\xcd\xff\x96To\xd8\x1bf\
{\xc1\x11NI\xf3\xbf\xa5]\xaa\x1b\xd3\xcbr\xc5\xf7\
\xf0\x944\xff)\xfb'\xf2\xf91@\xf3\xfc'\x12m\
,\xd7<\x84h\xc8\xf3\x9fHt\xb4\x5c\xf4\x00\xa4R\
\xe6\xbf8/\x9d\x0d\xfa\x9c\xe5\xaa{1\x0dy\xfe\x13\
\x89\xc1\xb6\x97\x1d@\x951\xff\x9b\xf3\xd2\xdb\xa4\xfbm\
\xf7;\xa8\x8a\x98\xff\xe24\xfd\x13/Y.\xbc\x1aV\
\x11\xf3\x9f\x9b\xee6\xed\xb5\x5c\x99\xb7\x87\x04=\xff\x89\
\xabl\x97^\x08\xac\xff\xf9/\xcaM{\xabf\xda\xae\
=\x0bY\xef\xf3\xbf9\xed\xf9O49h\xbb\xf8D\
h\xbd\xcf\x7fN\xfa\x9b5\xd1z\xf5\xdb\xb1\x0dw\xfe\
\x13m\xacw\x00\xe6jp\xfd\xce\x7f\xa1\xc5\xfc'^\
\xb4_\xbf\x03\xba\xc1\xce\x7fb\xb8\xfd\xfaGxh\xbc\
\xd7\xf9\xdf\xd4\xd6b\xbb.\xaf\xb0\xdf\x80\xb7\xe1\x0d\xd6\
\xff\x92=\x0e\xb6\xe0W\xf8z\xdc\xff[|\xffO$\
\xdaou\xb1\x09\x0f\x01\xac\xda\xdf\x5c\x8bp\x98\xfe9\
\x85N\xb6\xa1\xba\x09\xc4\x9a\xfd\xcd\x06\x88U\xfb\x9b\xb9\
\x18\xfb\xf2\xcf\x91\xe0o\xee\x00Y\xb5\x7fM.\xca^\
\xfc\x0be\xf8s\x0a\xe0\xe9\xfa\xcf\x8e\xd6\x16\xdb\x95W\
\xecnC\xa6\xc3\xecc\xfe\xcd\x89o\xa5\xbf]m7\
9\xdc\x90\xaf\xe2\xec\xc3\xdf\xa6\x03\x9c\xfa\x97f\x01\xed\
\xc5?\xfd\x0ep\xeao\xe6\x01\x1d\xff\xf1\xff\xe3\x0eH\
\xeb\x0bX\xdef\xa7\x1b\xc1\xeb\xa3=\xcd\x7f\xba\xfb\x00\
\xb7\xf3oJ\xb2\xa1\xf6\xe6\x9fN\x078\xf6\xe7\x01a\
^\xfdS\xef\x00\xd7\xfe\xe6\x0a\xac\xfd\x1c\xff\xd3;\x0f\
\xc8-r\xbc\xfc;X\xfb\x9c\xffT\xf7\x01\xce\xe7\xdf\
\x8c\x06\xdb\xb3\x7f*\x1d\xe0\xde\xbf\xac\x01\xda\xbe\xfd\x93\
\xef\x80\xb6\x1b\x9d/\xfd8\xda>\x8f\xff\xa9\x9d\x07\xe4\
\x149_\xb8\xb2\x1d\xdc\xde\xe7?\xd9}@\x1b\xf7\xf3\
\xcfU@!\xfe\xc9t@\x14\xfeU\x9d\xf1\x96\xe1\x7f\
\xfe\x0e\x88\xc2\xdf\xcc\xc7\xdb\xff\xf1?\xb9\xf3\x80\xb6\x85\
\x11,Y\xd9\x05p!\xf3\x7f\xbe}@$\xf3o~\
\x06\xb8 \xffsu@\x9b\x82(\xd6;\xd8\x12qI\
\xfeg\xef\x80h\xfc\xcd\x03\x88K9\xfe\x9f\xfb<\xc0\
\xfd\xf5\xbf\xba\xff$\xf3\xcepY\xf3\x7f\xb6}@D\
\xf3_\xc3\x0d\x81\xf2\xfc\xcf\xd4\x01\x11\xf9\x9b\x17 \x17\
\xb6\xff?\xf3Q \x9a\xf3\xff\xda\xbf\x82\xf2\xb6X\x81\
\xf3\x7f\xfa> \xaa\xf97\xc31\x97\xe9\xff\xbf\x1d\xd0\
:*\x7f\x0e\x00b\xfdO\xed\x80\xd6\xefF\xb4\xc4N\
\x9e\x08 \xf1\xf8\xff\xff\xe7\x01\x91\xed\xff\xabx.\xa0\
\xdc\xf9\xffd\x1f\x10\xd9\xfc\x9b\xfbA\x17\xed_\xd7\x01\
\xd1\xf9\xbf\x92\x81\xba\xdc\xfd\xff\xc7G\x81\xe8\xfc\x8b\x1a\
\xa3.\xdd\xbf\xb6\x03vF\xf5\xc9\xa5\xfc\x08,|\xff\
\x1fm*\xb9\x1b\x5c\xb5\x7f\xcd7Q\xd7\xec\xcfCA\
\x95\xfbOF]\xb5\xffL\xd4\xe5\x9f\xffG\x98\xd9\x5c\
\x00P=\xff\xf3\xf0\xc7\x9f\xe0O\xf0\xc7\x1f\x7f\xfc\xf1\
\xc7\x1f\x7f\xfc\xf1\xc7\xdfY6\x0f:\x80\xbff\xff\xdc\
D\x8f\x03\xf8k\xf6OH\xec\x00\xfcc\xf4\x17\xd8\x01\
\xf8\xc7\xea/\xae\x03\xf0\x8f\xd9_X\x07\xe0\x1f\xbb\xbf\
\xa8\x0e\xc0\xdf\x83\xbf\xa0\x0e\xc0\xdf\x8b\xbf\x98\x0e\xc0\xdf\
\x93\xbf\x90\x0e\xc0\xdf\x9b\xbf\x88\x0e\xc0\xdf\xa3\xbf\x80\x0e\
\xc0\xdf\xab\xbf\xf7\x0e\xc0\xdf\xb3\xbf\xe7\x0e\xc0\xdf\xbb\xbf\
\xd7\x0e\xc0_\x80\xbf\xc7\x0e\xc0_\x84\xbf\xb7\x0e\xc0_\
\x88\xbf\xa7\x0e\xc0_\x8c\xbf\x97\x0e\xc0_\x90\xbf\x87\x0e\
\xc0_\x94\x7f\xec\x1d\x80\xbf0\xff\x98;\x00\x7fq\xfe\
\xb1v\x00\xfe\xf1\xf8\x17\xe5\xa6\xb4%\xb1u\x00\xfe\x22\
\xfdc\xeb\x00\xfc\x85\xfa\xc7\xd4\x01\xf8\x8b\xf5\x8f\xa5\x03\
\xf0\x17\xec\x1fC\x07\xe0/\xda?\xf2\x0e\xc0_\xb8\x7f\
\xc4\x1d\x80\xff\xa9\xfe\xd1=\xffmS[\x8b\xed\x1a\x14\
\x9d\xff3\xf8K\x9f\xff\xe8\xde\xff\xc5\xfc\xe3\x8f\xbfn\
\xffz\xb0\xe3O\xf0'\xf8\xe3\x8f?\xfe\xf8\xe3\x8f?\
\xfe\xf8\xe3\x8f?\xfe\xf8\xe3\x8f?\xfe\xf8\xe3\x8f?\xfe\
\xf8\xe3\x8f?\xfe\xf8\xe3\x8f?\xfe\xf8\xe3\x8f?\xfe\xf8\
\xe3\x8f?\xfe\xf8\xe3\x7f\x9a\x7f\x0e\xfe\xf8\xa7\xeb_\x80\
?\xfe\xf8\xe3\x8f?\xfe\xf8\xe3\xef,\xcf\xe1\x8f?\xc1\
\x9f\xe0\x8f?\xfe\xf8\xe3\x8f?\xfe\xf8\xe3\x8f?\xfe\xf8\
\xe3\x8f?\xfe\xf8\xe3\x8f?\xfe\xf8\xe3\x8f?\xfe\xf8\xe3\
\x8f?\xfe\xf8\xe3\x8f?\xfe\xf8\xe3\x8f?\xfe\xf8\xe3\x8f\
?\xfe\xf8\xe3\x8f\xff\x7fS\x88?\xfe\xf8\xe3\x8f?\xfe\
\xf8\xe3\x8f?\xfe\xf8\xe3\x8f?\xfe\xf8\xe3\x8f?\xfe\xf8\
\xe3\x8f?\xfe\xf8\xe3\x8f?\xfe\xf8\xe3\x8f?\xfe\xf8\xe3\
\x8f?\xfe\xf8\xe3\x8f?\xfe\xf8\xe3\x8f?\xfe\xf8\xe3\x8f\
?\xfe\xf8\xe3\x8f?\xfe\xf8\x8b\xf5\xdf\xd0\x0a\x7f\xfc\xf1\
\xc7\x1f\x7f\xfc\xf1\xc7\x1f\x7f\xfc\xfd\xfb\xff\x12\x7f\xfc\x09\
\xfe\x04\x7f\xfc\xf1\xc7\x1f\x7f\xfc\xf1\xc7\x1f\x7f\xfc\xf1\xc7\
\x1f\x7f\xfc\xf1\xc7\x1f\x7f\xfc\xf1\xc7\x1f\x7f\xfc\xf1\xc7\x1f\
\x7f\xfc\x93\xcez\xfc\xf1\xc7\x1f\x7f\xfc\xf1\xc7\x1f\x7f\xfc\
\xf1\xc7\x1f\x7f\xfc\xf1\xc7\x1f\x7f\xfc\xf1\xc7\x1f\x7f\xfc\xf1\
\xc7\x1f\x7f\xfc\xf1\xc7\x1f\x7f\xfc\xf1\xc7\x1f\x7f\xfc\xf1\xc7\
\x1f\x7f\xfc\xf1\xc7\x1f\x7f\xfc\xf1\xc7\x1f\x7f\xfc\xf1\xc7\x1f\
\x7f\xfc\xf1\xc7\x1f\x7f\xfc\xf1\xc7\x1f\x7f\xfc\xf1\xc7\x1f\x7f\
\xfc\xf1\xc7\x1f\x7f\xfc\xf1\xc7\x1f\x7f\xfc\xf1\xc7\x1f\x7f\xfc\
\xf1\xc7\x1f\x7f\xfcU\xfb\xcf\xc7\x1f\x7f\x82?\xc1\x1f\x7f\
\xfc\xf1\xc7\x1f\x7f\xfc\xf1w\x9aw\xf0\xd7\xed\xdf\x12\x7f\
\xfc\xf1\xc7\x1f\x7f\xfc\xf1\xc7\x1f\x7f\xfc\xf1\xc7\x1f\x7f\xfc\
\xf1\xc7\x1f\x7f\xfc\xf1\xc7\x1f\x7f\xfc\xf1\xc7\x1f\x7f\xfc\xf1\
\xc7\x1f\x7f\xfc\xf1\xc7\x1f\x7f\xfc\xf1\xc7\x1f\x7f\xfc\xf1\xc7\
\x1f\x7f\xfc\xf1\xc7\x1f\x7fw\xfes\x22\xab\xf3\xba\x166\
\xfe\x1b#\xdb\xae\xe7\xf0?%?e\xfeU\xe71\x99\
\xfe\xad\xf1\x8f'\xe3\x85\xfa\xbf\x8b\x7f,\x19'\xf4\xf8\
\xcf\xf3\x7f\xe2\xc9\x90j\xe6_s\xfa\x1c\xc1_s:\
\xef\xc3_s\x9a\x16\xe0\xaf9\x99\xcb\xa3\xaa\xf3Z\xce\
\xffB\xc8\x93\xcc\xbf\xea\xdcT\x83\xbf\xe6\x5cz\x08\x7f\
\xcdi\xb8\x91\xe3\xbf\xea\xcce\xfeUg@\x0d\xfe\x9a\
\xd3\xfa}\xfcU\xe7U\xfcU\xe7;\x9c\xff\xa9NN\
9\xf3\xaf:K\xf0W\x9d\xc1\xf8\xabN\xe3\xdd\xf8\xab\
\xce\x0c\xce\xffT\xa7K%\xf3\xcf%\x00\xfc\xd5\xa6\x1f\
\xfe\xaaSo\x0d\xfe\xaa3\x22\x82\xf3\xbf\xe6\x9c\xff\x05\
\x93\xccb\xe6_uF\xe1\xaf:\xd9\xdb\xf1W\x9d\xd1\
\xf8\xeb>\x03\xd8\xce\xf9\x9f\xea\x0ce\xfeug\x15\xfe\
\xaa\xd3\x07\x7f\xdd\xf9-\xfe\xaa\xd3\xae\xcae\x9d\xd7\x08\
=\xff\xc3\xff\xac\x99\xe4\xb2\xce\xeb\x98\xff\xd0\x92\xb1\x0d\
\x7f\xd5\xb9\x16\x7f\xddY\x88\xbf\xea4;\xca\xf9\x9f\xea\
\xdc\xc5\xfc\xeb\xcek\x17\xfa\xf5\x7f\xfc\xcf}\x04p\xf5\
_\xe0mm\x99\xff\x10\xe3\xea\x9f \xfb/\xc5_\xf3\
\x11\xa0\xa2'\xfeA\xa6\xb1\x9b#@\xd5\xb5\x1c\xff\xc3\
\xcc\xcdn\x0a=\x81\xf9\x0f4\xcf8)\xf4\x9b\xf5\xf0\
\x0f4N~\x07\xd8\x97#\xd2\xffy\xfc\xcf\x9bO\xbb\
(tu\x7f\x8e\xff\xa1\xe6\x1e\x17\x95\x9e\x87\x7f\xb0Y\
\xec\xa0\xd2\xe5\xad\xd9\xff\x07\x1b\x17\xcf\x04\x19\x8b\x7f\xb0\
\xc9s\xf1\x13@&\xfe\xc1\xc6\xc5\xfd\x00_\xe6\xf8\x1f\
n\x1c<\x15h\x05\xf3\x1fp\x1c\xdc\x102\x98\xf9\x0f\
7\x19\x15\xd6\xc5\xde\x90\xc1\xfc\x87\x9bN\xf6\xd5\xfe\x06\
\xfe\x01\xe7\x06\xebj\x97d\xb1\xff\x0f8\x0f[\x97{\
&\xf3\x1fr\xec\xff\x10\xde\x17\xff\x90c\xfdd\xb8b\
\xf6\xffA\xa7\xd4\xb6\xe0\x93\xf1\x0f9\x0d\xad+\xde\x83\
\xfd\x7f\xc8\xf9\xacm\xc5\xcb\xea\xe1\x1fr\x06\xd9\x96\xfc\
e\xfc\x83\xceX\xdb\x9a\xdf\x97\xb2\x7f\x01\xfe\x822\xc5\
\xb6\xe8W0\xffAg\x96e\xd1\x8fe\xe2\x1ft\x16\
YV\xbd\x00\xff\xb0\xf3\xbae\xd9\x97\xe0\x1fv\xde\xb2\
\xac\xfbORY,\x8f\xf3?q\xb1\xbd)dD\x0a\
k}f\x17\xfe\xe2\xb2\xc7\xb2\xf2\xfd\x92_\xea\xaa\x03\
\xf8\xcbK\x89e\xe9\xfb$\xbd\xd2\x0dG\xf0\x17\x98\x83\
\x96\xb5\xef\x9a\xe4:\x99SN\xe0/1\xb6c\x99\x9b\
\xdc2\xedW\x18\xfcE\xc6\xf6\x11\xc1\x8d\x92Z\xe5\xc6\
\x03\xf8\x0bM\x8de\xf9\x93\xf9Cp\xde\x82\x1a\xfc\xa5\
\xc6\xb6\xfe\xe7_!\xeb\xbe\x0a\x83\xbf\xde\x06\x18\xb0\xc9\
\xe0\xaf\xb6\x01\xea\xdd\xf8\x0f\x83\xbf\xda\x06\xa8?\xaa\xc8\
\xe0\xaf\xb6\x01z\xcf\xdco\xf0W\xda\x00Y_||\
\x971\xf8\xabl\x80\xec+\x1fZv\xd8\x18\xfc\x955\
@\x93\xf6\xdd\xfa^?z\xda\x1f\x8a\xabL,\xc1_\
F\x03\xf8\x0a\xfe\xba\x1b\x00\x7f\xdd\x0d\x80\xbf\xee\x06\xc0\
_w\x03\xe0\xaf\xbb\x01\xf0\xd7\xdd\x00\xf8\xebn\x00\xfc\
u7\x00\xfe\xba\x1b\x00\x7f\xdd\x0d\x80\xbf\xee\x06\xc0_\
w\x03\xe0\xaf\xbb\x01\xf0\xd7\xdd\x00\xf8\xebn\x80\x17\xf0\
W\xdd\x00\xf8\xebn\x00\xfcu7\x00\xfe\xba\x1b\x00\x7f\
\xdd\x0d\x80\xbf\xee\x06\xc0_w\x03\xe0\xaf\xbb\x01\xf0\xd7\
\xdd\x00\xf8\xebn\x00\xfcu7\x00\xfe\xba\x1b\x00\x7f\xdd\
\x0d\x80\xbf\xee\x06\xe0\xf7_\xdd\x0d\xf0\x0b\xfcU7\xc0\
\xd4\x0cp\xe2H\xa5P\xff'\xa1\x89'\x07D\xf2\xd7\
\x8cG&\xa6\xec\x92\xe8\x7f\xecv`\xe2\xca\x1a\x81\xfe\
\xa5_\xc2%\xb6,\x92\xe7\xbf\xed2X\xe2\xcb#\xe2\
\xfc\xdfl\x89J\x8c\x19\x22\xed\xf4oj\x16(q\xa6\
M\x8d(\xff\xc3\xc3 \x899\x05\x92\xfc7w\x07$\
\xee\xcc\x10\xe4\xfflC<bO\x1f1\xfc\xfboF\
C\xf31\xe0\x8d<,\xbc\xe4A\x11\xfc\x15c\xf9\xf1\
\xc7S\x1a\x97\x0b\xf0_\xda\x01\x08oy\xd4;\xff\xde\
\xa1(xL\xf3\xfd~\xf9\xabf4\x01\xc1k\xbe\xed\
\xd5\x7f9\xdf\xfd}'c\xa5?\xfe\x0d\xfd\xa9\xbf\xff\
t9\xe4\xeb\x87\xbf\x91\x99T_B\x86z\xe1\xdf5\
\x86\x1f~\xa4dz\xfc\xfc\xdb\xef\xca\xa6\xeerN\x03\
^\x88\x99\x7f\xcd\x9dL\xbf\xa8d/\x8bQ\xff\xf8\xe2\
/Pqq\x1d\xb0 .\xfe\x1d\x93\xb9\xec'\xf2(\
0-\x0e\xfd\x0f\x17\xf4\xe7\x8e\x1f\xa9\x19\x12\xf5\xb7\xc1\
\xca\xd7F5\xa3\xcc\x82\x93\xbf\x22J\xfd?\x8elN\
\x89\xa5\x1f\x06\xee,\x89\xe8;\xdf\xb3\xc3\x9aR\xde\x10\
\xd2lr\x99\xf3\xeb=\x8b\xc6\xe6S\xd8p\xd2\xe8\x81\
\x8d\xce\xec\x0f\xad\x9c>\x84?\xfa\x84\x97\x9e\xd3\xd6W\
[\xd2\xef[\xfd\xe2\x0f\x06u\xa4\x94\xc1\xa6\xd5\xad\x93\
\x16\xbe\xbd\xbd,\xf9\xbb\xc7k\xca\xcb\xf7o/\xfe\xfb\
\xb2\xdf<=\xf9\xbb\x03\xba]L\x05\xc3\xc8\xbf\x01\xb7\
I~\x06_k\x0b<\x00\x00\x00\x00IEND\xae\
B`\x82\
\x00\x000\x19\
\x89\
PNG\x0d\x0a\x1a\x0a\x00\x00\x00\x0dIHDR\x00\
\x00\x02\x00\x00\x00\x02\x00\x08\x06\x00\x00\x00\xf4x\xd4\xfa\
\x00\x00\x00\x09pHYs\x00\x00\x0e\xc3\x00\x00\x0e\xc3\
\x01\xc7o\xa8d\x00\x00\x00\x19tEXtSof\
tware\x00www.inksca\
pe.org\x9b\xee<\x1a\x00\x00 \x00ID\
ATx\x9c\xed\xddy\xbc\xddu}\xe7\xf1\xd7=7\
\x90\x95,,A\x01I@e+h(\x8a\x82,!\
\x82\x88\xac\xa2\x88\xc5BA\xc1\xaaE\xe9XGf\xa6\
\xceLm\xed\x08\xd8V\x1d\xdb\x99\xa2\x14\x91Z\xc0\x94\
\xba/\xec\x04\x90%\xacYd\x915a\x13\x02H\x02\
IH \xcb\xfc\xf1=\x19\xc2%7\xf7\xdcs~\xbf\
\xdf\xe7\xb7\xbc\x9e\x8f\xc7\xfb\x91\xe5^n>\xf7sB\
>\xbf\xf3[\xbe\xdf>\xa4\xdeL\x02\xa6\x02S\xda?\
\xee\xd0\xfeq\x020\x0e\x18\x0b\x8c\x04&\x02\xa3\x80\xd1\
\xc02`%\xb0\x18X\x01\xbc\x04\xbc\x00<\x0f,\x00\
\x16\x02\x8f\xb4\x7f\xbe\x00x\xb1\x80\xefC\x92\x1a\xa5/\
\xba\x00U\xca\x14`\xefv\xde\x09L#\x0d\xfa\xbc=\
\x07\xdc\x09\xdc\x0a\xdc\xd6\xce\x93\x05\xfc\xb9\x92T[\x1e\
\x00hcv\x03\x8e\x04\xf6'\x0d\xfc\xc9\xb1\xe5\xbc\xc6\
\xe3\xa4\x03\x81Y\xc0\xcf\x81\x87C\xab\x91$\xa9\xc2\xfa\
\x81\xfd\x80\xb3\x80{\x81\xb5\x15\xcaC\xc07\x81\x83\x81\
M\xb2n\x8c$Iu\xd3\x02\x0e\x01.\x02\x96\x10?\
\xc8\xb3\xc8\xb3\xc0y\xc0\xbe\x19\xf6I\x92\xa4Z\xd8\x06\
8\x93\xf4\xce9z`\xe7\x99\xfb\xda\xdfg\x99._\
H\x92T\xa8>\xe0(\xe0\x97\xc0j\xe2\x87s\x91Y\
\x09\xfc;pP\xcf]\x94$\xa9\x22Z\xa4\x9b\xf9\xee\
 ~\x10\x97!7\xb6\xfb\xe1M\xb0\x92\xa4Zj\x01\
\xc7Q\xbd\x1b\xfa\x8a\xca\x5c\xe0$\xd2\xcd\x8f\x92$U\
^\x1f\xf01\xea\x7f}?\xab\xcc\x03\x0e\xef\xaa\xd3\x92\
$\x95\xc44\xe0\x06\xe2\x87j\x15s%\xb0\xeb\xf0[\
.IR\x9cI\xa4\xe7\xe0W\x11?H\xab\x9c\x97\xdb\
}\xdclx\xed\x97$\xa9X}\xc0\xa7H\xcb\xe5F\
\x0f\xcf:\xe51\xd2\xfd\x13\x92$\x95\xce\xd6\xa4ep\
\xa3\x87e\x9d3\x13\xd8\xbc\xd3\x17D\x92\xa4\xbc}\x10\
x\x86\xf8\x01\xd9\x84,\x04\xa6w\xf4\xaaH\x92\x94\x93\
1\xa4k\xd4\xd1C\xb1iY\xd3\xee\xfb\xc8\xa1_\x22\
I\x92\xb2\xb5\x07\xf0\x00\xf1\xc3\xb0\xc9\xb9\x93\xb4-\xb2\
$I\x858\x0cXL\xfc\x004i\xb3\xa1\xe9\x1b}\
\xb5$I\xca\xc0\x194o\xed\xfe\xb2g%p\xca\xc6\
^4I\x92\xba5\x12\xb8\x80\xf8ag\x06\xcf\xb9\xc0\
\x88A^?I\x92\x86ms\xe0f\xe2\x07\x9c\x19:\
?\x03Fo\xf8e\x94$\xa9s\x93\x80\xdb\x88\x1fl\
\xa6\xf3\xcc\x02\xc6m\xe0\xb5\x94$\xa9#\x93I\x9b\xd3\
D\x0f43\xfc\x5c\x8fK\x08K\x92\xba\xb050\x9f\
\xf8Af\xba\xcf\x8d\xc0\xf8\x81/\xac$I\x83\xd9\x0e\
\xb8\x9f\xf8\x01fz\xcfl`\x22\x92$\x0da<0\
\x97\xf8\xc1e\xb2\xcbu\xb8j\xa0$i#6!\xed\
C\x1f=\xb0L\xf6\xb9\x84\xb4[\xa3$\x95N\x7ft\
\x01\x0d\xd7\x07\x9cO\xda\xd8G\xf5\xb3;\xe9\x00\xef\x9a\
\xe8B$I\xe5\xf2\x15\xe2\xdf\xa5\x9a\xfc\xf3\x19$I\
j\xfb8\xf1\x83\xc9\x14\x93W\x80C\x91\xa4\x12\xf1\xfa\
d\x8c\xdd\x81[q\xf5\xb8&y\x1e\xd8\x13X\x18]\
\x88$\x01\xb4\xa2\x0bh\xa0\xb1\xc0L\x1c\xfeM3\x09\
\xf8W\xdc7@RIx\x13`\xf1\xce\x03\x0e\x8e.\
B!\xa6\x90\x0e\xba\xaf\x8d.D\x92T\xac\x8f\x12\x7f\
=\xda\xc4f5p\x08\x92\x14\xcc{\x00\x8a\xb3\x13p\
\x07n\x18#x\x0a\x98\x06<\x1d]\x88\xa4\xe6\xf2\x12\
@1\xfa\x80KI\x07\x01\xd28\xe0M\xa4\xbf\x13\x92\
\xa4\x1a;\x95\xf8S\xcf\xa6|9\x1cI\x0a\xe2%\x80\
\xfcm\x01\xdc\x07l\x19]\x88Jg\x01\xe9\x91\xd0e\
\xc1uHj /\x01\xe4\xef\x5c`\x9f\xe8\x22TJ\
\x13Ig\x02\x5c*XR\xe1<\x03\x90\xaf\x03I\x8f\
|\xd9g\x0d\xe6e\xd2\x02A\xf7D\x17\x22\xa9Y\x1c\
L\xf9\xe9\x07\xe6\x03\xbbF\x17\xa2\xd2\xbb\x1a\xd7\x86\x90\
T0W\x02\xcc\xcf\x898\xfc\xd5\x99\xf7\x02\x07E\x17\
!\xa9Y<\x03\x90\x8fMH7\xfe\xed\x18]H\xb0\
\xb5\xc0\x13\xc03\xa4\x1b\xdd\x96\x01/\x90\x96C\xde\x94\
\xb4<\xee\xb6\xc0\x1b\xa2\x0a,\x91\x1b\x81\xfd\xa2\x8b\x90\
\xd4\x1c\xaeK\x9e\x8f\x93i\xde\xf0_\x0d\xdcI\xba\xe7\
\xe1\x0e\xe0~\xe0\xb7\xc0K\x1d\xfc\xb7#Ik$L\
#]\x0f?\xa0\xfdc\x93\xceP\xbd\x87\xb4c\xe0\xe5\
\xd1\x85H\x92\xba\xb3)i\xc7\xb7\xe8g\xcc\x8b\xc8K\
\xc0%\xc01\xa4;\xda\xb3\xb4%p\x02\xf0\x13`E\
\x09\xbe\xd7\x222\x1b\xcf\xcaIRe}\x86\xf8A\x92\
w\xee -n4!\xa3\x9e\x0de\x22\xf09\xd2Y\
\x85\xe8\xef=\xef\x1c\x99Q\xcf$I\x05\xea\xa7\xde\xef\
\xfe\x7f\x0d\x1c\x96Y\xb7\x86\xaf\x05\x1c\x0d\xcc!\xbe\x17\
y\xe5\x96\xcc\xba%I*\xcc\xd1\xc4\x0f\x90<\xf2[\
\xe0}\x19\xf6\xa9W}\xc0\xf1\xa4\x95\xf4\xa2{\x93G\
\xfe0\xb3NI\x92\x0aq\x19\xf1\xc3#\xcb,\x07\xbe\
D\xbaI\xaf\x8c\xc6\x02\xe7\x90\x16\xd3\x89\xeeU\x96\xf9\
N\x96M\x92$\xe5\xeb\xcd\xa4;\xe1\xa3\x87GV\x99\
\x03\xec\x9ci\x87\xf2\xb37\xf0\x00\xf1=\xcb*K\xc9\
\xfe\xa6JIRN\xbeF\xfc\xe0\xc8*\xff\x0c\x8c\xce\
\xb6=\xb9\xdb\x0c\xb8\x88\xf8\xdee\x95\xcfe\xdb\x1eI\
R\x1eF\x01\xcf\x12?4z\xcd+\xc0\xc73\xeeM\
\x91\xfaH\x97,\xd6\x10\xdf\xcb^s\x0f>\x12(I\
\xa5\xf7Q\xe2\x07F\xafY\x0e\x1c\x95uc\x82\xfc\x11\
\xe9`&\xba\xa7\xbd\xe6=Y7F\x92\x94\xad\x99\xc4\
\x0f\x8b^\xf2\x02\xb0\x7f\xe6]\x89u,\xb0\x92\xf8\xde\
\xf6\x92\xbf\xcf\xbc+\x92\xa4\xcc\x8c\x22\x0d\xd0\xe8a\xd1\
mVR\xdf\x9d\xe8>\x04\xac\x22\xbe\xc7\xdd\xe6\xe1\xec\
[\x22I\xca\xca\x91\xc4\x0f\x8an\xb3\x1a\xf8H\xf6-\
)\x95?%\xbe\xcf\xbddZ\xf6-\x91$e\xe1<\
\xe2\x87D\xb7\xf9b\x0e\xfd(\xa3o\x12\xdf\xebn\xf3\
\xe5\x1c\xfa!I\xeaQ?\xb0\x88\xf8!\xd1M~A\
s\xee2\xdf\x84\xb4\x8cqt\xcf\xbb\xc9\xbc\x1c\xfa!\
I\x99\x0d\x80\x160\x05\xd8\x9e\xb4:\xdb\xd8\x8c\xben\
\xd9M%\xadDW5\x8f\x91\xb6\xdb}.\xba\x90\x02\
\xbd\x09\x98Oq\x1b\x18e\xe94`It\x11\x92B\
-kg!\xf0(\xe9q\xe7\x9e\xf4r\x00\xf0\x0e\xd2\
cc3\x80\xbdH7\xc3\xa9\x1a\x0e\x01\xae\x8a.\x22\
\xc0\xa9\xb8\xcc\xae\xa4\xea[\x01\xdc\x0e\x5cC\xda2\xfd\
\xcen\xbe\xc8p\x0f\x00F\x92\x16\x8a9\x1d\xd8\xad\x9b\
?P\xe1.!='\xdfD}\xa4\x03\x9f\x19\xd1\x85\
HR\x86\xee\x06\xbe\x05\x5c@z\xb2\xab#\x9d\x1e\x00\
\xf4\x01'\x02_\x05\xb6\x19ne*\x8d\x17\x80]\x81\
'\xa3\x0b\x09\xb4\x07p\x17\xe9\xfe\x0dI\xaa\x93'\x80\
3yuY\xf4\x8dju\xf0\x05\xb7\x05\xae\x06\xbe\x87\
\xc3\xbf\xea\xce\xa6\xd9\xc3\x1f\xd2}\x00\x17D\x17!I\
9\xd8\x16\xf8>p%\x1d\xcc\xeb\xa1\xce\x00\x1c\x04\xfc\
\x00\xd8\xaa\xf7\xba\x14l1\xe9\xa6Eo&K7\x04\
>Dz:@\x92\xeah\x11i\x9d\x97\xeb\x06\xfb\x84\
\x8d\x9d\x01\xf8\x10\xf0+\x1c\xfeu\xf1\x8f8\xfc\xd7y\
\x0c\xb88\xba\x08I\xca\xd1d\xe0r\xd2\xb2\xe8\x1b4\
\xd8\x19\x80\xa3\x80\xff\x00F\xe4P\x94\x8a\xb7\x12\xd8\x8e\
\xb4c\xa1\x92\xddI\x97\x03$\xa9\xceV\x01\x1f\x04~\
>\xf0\x03\x1b:\x03\xb07\xe9Nq\x87\x7f}\xfc\x0c\
\x87\xff@\xbf\x01n\x89.B\x92r6\x82t)\x7f\
\xaf\x81\x1f\x18x\x000\x914\xfcG\x17P\x94\x8as\
at\x01%e_$5\xc1\x18\xd2Y\xfd\xcd\xd7\xff\
\xcd\x81\x07\x00\xdf\x00v(\xaa\x22\x15\xe2\x19\xe0\xb2\xe8\
\x22Jj&\xe9\xf4\x98$\xd5\xdd\x14\xe0k\xeb\xff\xc6\
\xfa\x07\x00\xfb\x03'\x15Z\x8e\x8ap\x19\xf0Jt\x11\
%\xf5\x1c0;\xba\x08I*\xc8)\xc0>\xeb~\xb1\
\xfe\x01\xc0\xdf\xd2\x9c\xcda\x9a\xe4\x9a\xe8\x02J\xeeW\
\xd1\x05HRA\xfa\x80\xaf\xac\xfb\xc5\xba\x03\x80\xf7\x90\
\xce\x00\xa8~<\x00\xd8\xb8k\xa3\x0b\x90\xa4\x02\xcd\xa0\
}\x16`\xdd\x01\xc0\xa9q\xb5(G\x0bH\xbbFi\
ps\xf0>\x00I\xcdr*\xa4\x03\x80\xd1\xa4E\x7f\
T?\xf7D\x17P\x01\xcbI\x1biHRS|\x18\
\x18\xd5\x22\x9d\xfe\xdf,\xb8\x18\xe5\xe3\xbe\xe8\x02*\xe2\
\xb7\xd1\x05HR\x81\xc6\x03\xfb\xb4\x80\x03\xa3+Qn\
\x1cl\x9dy8\xba\x00I*\xd8\xf4\x16\xf0\xb6\xe8*\
\x94\x1b\xaf\xffwfat\x01\x92T\xb0\xb7\xb5\x80\x9d\
\xa2\xabPn^\x8c.\xa0\x22\x9e\x8f.@\x92\x0a\xb6\
S\x8b\xb4c\x90\xea\xe9\x85\xe8\x02*\xc2>Ij\x9a\
\xc9-`\x5ct\x15\xca\xcd\xd2\xe8\x02*\xe2\xa5\xe8\x02\
$\xa9`\x9bmh7@\xd5\xc7\x9a\xe8\x02*\xc2\x9d\
/%5N\x0b\xaf\x13\xd7\xd9\x98\xe8\x02*\xa2?\xba\
\x00I*\xd8\x8b-\xd2nq\xaa'\xb7u\xee\xcc\x84\
\xe8\x02$\xa9`\x8bZ\xc0\xfd\xd1U(7[G\x17\
P\x11o\x88.@\x92\x0a\xf6\xdb\x160/\xba\x0a\xe5\
f\xbb\xe8\x02*\xc2\x03%IM3\xbf\x05\xcc\x8a\xae\
B\xb9\x99\x12]@E\xbc5\xba\x00I*\xd8\xb5-\
\xe0&\xbc\x11\xb0\xae\xf6\x88.\xa0\x22v\x89.@\x92\
\x0a\xb4\x04\xb8\xb9Ez\x06\xfa\xd2\xe0b\x94\x8fi\xd1\
\x05T\xc0(\x5c\x0dSR\xb3\x5c\x0a\xac\x5c\xb7\x0e\xc0\
y\x91\x95(7\xdb\xe3\x0dnC\xd9\x1b\x18\x19]\x84\
$\x15\xe8<H\xeb\x00@\xba\x0cp]\x5c-\xca\xd1\
{\xa3\x0b(\xb9\xfd\xa3\x0b\x90\xa4\x02]\x0d\xdc\x02\xaf\
\x1e\x00\x00\xfc%\xb06\xa4\x1c\xe5\xe9\xe0\xe8\x02J\xee\
\xfd\xd1\x05HRA\xd6\x90f=\xf0\xda\x03\x80\x1b\x81\
\x0b\x8a\xaeF\xb9;\x1c\x97\xba\x1d\xcc\xd6\xc0\xbe\xd1E\
HRA\xce\x07f\xaf\xfb\xc5\xc0\xbd\x00>\x0f<R\
h9\xca\xdbVx\x16`0\xc7\xf0\xfa\xff\x07$\xa9\
\x8e\x1e\x04\xbe\xb0\xfeo\x0c\xfc\xc7o1\xf0\x11`y\
Q\x15\xa9\x10'D\x17PR\x9f\x88.@\x92\x0a\xb0\
\x1c8\x9e\xf4\xf8\xdf\xff\xd77\xc8'\x1f\x0e\xfc\x18O\
\x1d\xd7\xc5J\xd2\xa2@OG\x17R\x22o\x03\xe6F\
\x17!I9[\x0d|\x984\xd3_c\xb0\xd3\x9f\xbf\
 \x1d-\xac\xc8\xb1(\x15g$\xf0\xc9\xe8\x22J\xe6\
\xf3\xd1\x05HR\xceV\x00\xc7\xb1\x81\xe1\x0f\x83\x9f\x01\
X\xe7\x00`&\xae\x95^\x07\xcf\x00;\x02K\xa3\x0b\
)\x81\xa9\xa4M\xb06\x09\xaeC\x92\xf2\xf2\x14\xe9\x92\
\xfe\x0d\x83}\xc2P7@]\x0f\xec\x09\x5c\x95aQ\
\x8a\xb1\x15pFt\x11%\xf1\xdfp\xf8K\xaa\xaf+\
H\xb3{\xd0\xe1\x0fC\x9f\x01X\xdf\x09\xc0\xd9\xb8\xc3\
\x5c\x95-&-{\xfbLt!\x81\xde\x0e\xdc\x01\xf4\
G\x17\x22I\x19{\x148\x13\xb8\xa4\x93O\x1e\xce?\
\x82\xf3\x81\x7f\x02\x1e\x07v\x00&\x0f\xbb4E\x1bE\
z\xdd6x=\xa8\x01\xfa\x80\x8bI\x97B$\xa9.\
\xe6\x03_\x02Ne\x1877\x0f\xe7\x0c\xc0@{\x02\
G\x033\x80\xbd\x801=|-\x15g-iy\xe0\
k\xa3\x0b\x09p\x1a\xf0\xed\xe8\x22$\xa9G\xcb\x81\xdb\
\x81kHo\xe8\xbaz\xa2\xa9\x97\x03\x80\x81_g\xfb\
v\xc6\xb5\xd3\x04S\x81s\xa2\x8b\xe8\xc2B\xd2N\x81\
\x8b\xa3\x0b)\xd0T`\x1e\xb0Yp\x1d\xdd8\x8d\x01\
\xcf\xefJj\x9c\xa5\xed<\xda\x8eK\xf7\x07\xeb\x07\x16\
\x91^\x88\xaa\xe5\x079\xf4\xa3\xac6%-u\x1d\xdd\
\xf3n2/\x87~H\x92\xcb\xa0\xf6h5\xf0\xd3\xe8\
\x22\xba\xf4\x11\xe0/\xa2\x8b(\xc8\xb7\xa8\xee\x9a\xff?\
\x8c.@\x92\xb4a\x87\x13\xff.\xb1\xdb\xac\x02\x8e\xcc\
\xbe%\xa5r:\xf1}\xee%\xd3\xb2o\x89$)\x0b\
#I\xd7g\xa3\x07E\xb7Y\x06\x1c\x98yW\xca\xe1\
\xa3\xa4\xb34\xd1=\xee6\x8fd\xdf\x12IR\x96~\
@\xfc\xb0\xe8%/\x00\xef\xce\xbc+\xb1\x8e&\xed\x81\
\x10\xdd\xdb^\xf2w\x99wE\x92\x94\xa9\xe3\x89\x1f\x16\
Y\x1c\x04\x1c\x92uc\x82\x9c\x0c\xbcB|O{M\
U\xef[\x90\xa4\xc6\x18EZ]/z`\xf4\x9a\x95\
\xc0\x89\x19\xf7\xa6H}\xa4\xc50\xd6\x10\xdf\xcb^s\
\x0f\xd9=\xa6+I\xca\xd19\xc4\x0f\x8d\xacr.\xe9\
\xd1\xb9*\x19\x07\x5cJ|\xef\xb2\xca\xe9\xd9\xb6G\x92\
\x94\x977S\xed\x1b\xce\x06\xe6\x16\xd2\xbe\x01U\xb0/\
iw\xbf\xe8\x9ee\x95\xa5\xc0\x84L;$I\xca\xd5\
\xaf\x88\x1f\x1eYf9\xf0E`D\x96M\xca\xd0X\
\xd2\x99\x97U\xc4\xf7*\xcb\xb8\x5c\xb1$U\xccQ\xc4\
\x0f\x8f<r/p\x5c\x86}\xca\xc2\x91\xc0\x02\xe2{\
\x93G\xfe0\xbb6I\x92\x8a\xd0O}\x87\xd2Z\xd2\
\xc6\x13\x07g\xd5\xac.\xb4H+\x18\xce!\xbe\x17y\
\xe5\xa6\xcc\xba%I*\xd4\xa7\x89\x1f\x22y\xe7N\xe0\
\x14\x8a\xdbXg+\xe0\x0b\xd4\xeb:\xff`9\x22\xa3\
\x9eI\x92\x0a\xb6)i\x05\xb7\xe8ARD\x96\x01\xdf\
\x07>L\xf67\xadmI:\xc8\xf8\x09\xb0\xa2\x04\xdf\
k\x11\xb9%\x93\xceIR\x07|\xce8\x1f\x9f\x00\xce\
\x8b.\xa2`\xabH\x03l6p\x1bi\x17\xbb\x87I\
k\x0b\x0ce\x0c\xb0K;\xef\x06\x0e\x00\xf6\xa0y\x9b\
U\x1d\x0a\x5c\x11]\x84\xa4f\xf0\x00 \x1f#H7\
\xce\xbd%\xba\x90`k\x81'\x81\xa7H+\x0d\xbe@\
Z\xa4g3\xd2\xfd\x12[\xb53\x19\xff.\xde@:\
\xf0\x91$U\xdcI\xc4\x9fR6\xd5\xc9t$\xa9@\
M\x7f\xd7\x95\xa7~\xd2i\xf0\xdd\xa2\x0bQ\xe9]\x09\
\xbc/\xba\x08I\xcd\xe2\x01@\xbe\x0e\x00fa\x9f5\
\xb8\x97\x81i\xa4KF\x92T\x98\xa6\xdddU\xb4\xeb\
\x81\x0b\xa3\x8bP\xa9\x9d\x85\xc3_R\x00\xdf\x99\xe6o\
\x0b\xd2?\xf0[E\x17\xa2\xd2y\x90\xf4\xb4\xc3\x8a\xe8\
B$5O\x7ft\x01\x0d\xf0\x12\xf0\x1cptt!\
*\x9d\x13\xf1\xdd\xbf$\xd5Z\x1fi\x19\xdd\xe8;\xcd\
Myr\x11\x92\x14\xc8K\x00\xc5y+p\x07\xc5-\
\x9f\xab\xf2\xfa\x1d\xe9\xc6\xbfE\xd1\x85Hj.o\x02\
,\xce\x03\xc0\xa9\xd1E(\xdc\x1a\xd2\x1a\x11\x0e\x7fI\
\xa1\xbc\x07\xa0Xw\x03SI\xef\xfe\xd4L\x7f\x0d\x9c\
\x1f]\x84$y\x09\xa0xcIk\xe5\xef\x1a]\x88\
\x0aw=0\x03X\x1d]\x88$y\x00\x10cw\xe0\
V`tt!*\xcc3\xc0\x9e\xc0\x13\xd1\x85H\x12\
x\x09 \xca\x22\xe0q\xd2\xa3\x81\x1e\x84\xd5\xdf+\xc0\
\xb1\xc0\xdc\xe8B$i\x1d\x0f\x00\xe2\xcc%\x0d\xff\xe9\
\xc1u(\x7f\xa7\x033\xa3\x8b\x90$\x95G\x1f\xf0]\
\xe2\x9fI7\xf9\xe5\xcbH\x92\xb4\x01\x9b\x00W\x10?\
\xa8L\xf6\xb9\x18/\xf1H\x926b<0\x87\xf8\x81\
e\xb2\xcb,`$\x92$\x0da\x1b\xd2\xba\xf0\xd1\x83\
\xcb\xf4\x9e\x9b\x80\x09H\x92\xd4\xa1\xc9\xc0<\xe2\x07\x98\
\xe9>7\xe0r\xcf\x92\xa4.L\x22-\x14\x14=\xc8\
\xcc\xf0s\x1d0\xee\xf5/\xa9$I\x9d\x99\x08\xcc&\
~\xa0\x99\xces\x19.\xec$I\xca\xc0D\xd2\xe9\xe4\
\xe8\xc1f\x86\xce\x8f\xf0\x86?IR\x86F\xe2:\x01\
e\xcf7qWMIRN\xce\x00V\x11?\xec\xcc\
\xabY\x01\x9c\xbc\x91\xd7L\x92\xa4L\xbc\x1fXL\xfc\
\xe03ic\x9f\x036\xferI\x92\x94\x9d\xdd\x81\xfb\
\x89\x1f\x80M\xce\xed\xc0\xf6C\xbdP\x92$em4\
\xe9\xba\xf3\x1a\xe2\x87a\x93\xb2\xa6\xdd\xf7M\x87~\x89\
$I\xca\xcf\xfb\x81'\x89\x1f\x8cM\xc8\x02\xe0\xc0\x8e\
^\x15I\x92\x0a0\x19\xf8)\xf1\x03\xb2\xce\x99IZ\
\x9cI\x92\xa4R\xe9\x03>A\xba1-zX\xd6)\
\x0b\x80c:\x7f\x19$I\x8a1\x91t\x8d\xfa\x15\xe2\
\x87g\x95\xb3\xb2\xddG\x97\xf4\x95$U\xca.\xc0\xe5\
\xc4\x0f\xd2*\xe6g\xc0\x8e\xc3o\xb9$I\xe5q<\
>2\xd8i\xee\x02\x0e\xed\xae\xcd\x92$\x95O\x0b8\
\x12\xb8\x93\xf8![\xc6\xdc\x05\x1cG\xba\x8fB\x92\xa4\
\xda\xe9#\x1d\x08\xdcJ\xfc\xd0-C~\xdd\xee\x87$\
I\x8d\xd0\x07|\x80t\xad\xbbi{\x0b\xac\x00.\x06\
\xf6\xef\xb9\x8b\x92$U\xd8\x1b\x813\x81\x07\x89\x1f\xce\
y\xe6\xde\xf6\xf7\xb9U6m\x93$\xa9\x1e\xfa\x80\x19\
\xc0\xf7\xa9\xcffC\x8b\x80o\x03\xef\xca\xb0O\x92$\
\xd5V?\xb0\x1fp\x16p7\xf1\x83|8y\x88\xf4\
\xfc\xfe\xc1\xc0\x88\xac\x1b#Iu\xe3\xdd\xcf\xda\x98\x9d\
H7\xcb\xed\x0f\xecM\xbalP\x16\x0bI75\xce\
\x02~\xd1\xfe\xb5$\xa9C\x1e\x00h8\xb6#\x1d\x08\
\xac\xcb4\x8aY'\x7f\x11\xe9\x91\xbd[\xdb\xb9\x0dx\
\xba\x80?W\x92j\xcb\x03\x00\xf5j\x020\x05\x98\x0a\
\xec\xd0\xfeq*0\xbe\xfd\xb1\xd1\xc0(\xd2\x81\xc2H\
`\x0c\xb0\x94\xb4\xe4\xee\x12`y\xfb\xe7\xcf\x93\xeeA\
X\xd0\xceB\xe0\x91\xf6\xcf\x97\x15\xf0}H\x92$I\
\x92$I\x92$I\x92$I\x92$I\x92$I\x92\
$I\x92$I\x92$I\x92$I\x92$I\x92$\
I\x92$I\x92$I\x92$I\x92$Ij\xb8\xbe\
\xe8\x02$\xa9\xa6\xb6\x00\xa6n [\x02#\x81\x09\xc0\
h`T\xfb\xe7\xad\xf6\x7f\xf7<\xf02\xb0\x0cx\x11\
X\x09<\x0b<\x0a,\x18\x90\xa7s\xfd\x0eTk\x1e\
\x00HR\xef\xa6\x00{\xb7\xf3N`O`|\x01\x7f\
\xeer`.p[;\xb7\x02\x0f\x00k\x0b\xf8\xb3U\
q\x1e\x00H\xd2\xf0\xed\x02\x1c\x01L'\x0d\xfc\xc9\xa1\
\xd5\xbc\xd6b\xd2\xc1\xc0\xf5\xc0/\x80\xbbb\xcb\x91$\
\xa9\xba\xfa\x81\xfd\x80\xb3\x80{H\xef\xb0\xab\x92\xa7\x81\
\x0b\x81\xe3\x80qY7F\x92\xa4\xba\xe9#\xbd\xc3\xbf\
\x90\xf4\xae:z\x90g\x91e\xc0\x7f\x90\xce^\xf4g\
\xd6)I\x92j\xe0\x8d\xc0\x99\xbcz-\xbd\xaey\x92\
tF\xe3\xcd\xd9\xb4M\x92\xa4jz?\xf0S\xe0\x15\
\xe2\x87s\x91Y\x03\x5cM\xbaD\xb0\xeeI\x04I\x92\
j\xad\x0f8\x12\x98M\xfc .C\x1e\x02>\x09\x8c\
\xe8\xa5\xa9\x92$\x95U\x8b4\xf8o'~\xe8\x961\
\x8f\x00g\x90\xd6(\x90$\xa9\x16\x8e\x01\xee%~\xc8\
V!\x0b\x81\x93\xf1\x91qIR\x85\xbd\x95\xf4\x5c|\
\xf4P\xadbn\x07\xf6\x19~\xcb%I\x8a3\x16\xf8\
+`\x05\xf1\x83\xb4\xcaYCz$r\xebau_\
\x92\xa4\x00\x1f#=\xee\x16=<\xeb\x94\xe7\x81\xd3\xf1\
\xb2\x80$\xa9\x84&\x00\xdf'~X\xd69W\x03\xdb\
u\xfa\x82H\x92\x94\xb7\x19\xc0c\xc4\x0f\xc8&d1\
\xe9,\x8b$IaF\x92V\xb6[M\xfc`lZ\
f\x02\x93\x86~\x89$I\xca\xd6\x0e\xc0\x1c\xe2\x07a\
\x93\xf3\x080m\xa8\x17J\x92\xa4\xac\xbc\x87\xb4\xe3]\
\xf4\x004\xb0\x148v\xe3/\x97$I\xbd;\x15X\
I\xfc\xe03\xaff\x0d\xe9R\x8cO\x09H\x922\xd7\
O\x1a2\xd1\xc3\xce\x0c\x9e\x1f\x00c\x06{\x01%I\
\x1a\xae1\xc0/\x89\x1fpf\xe8\xcc\x06\xb6\xd8\xf0\xcb\
(IR\xe7\xc6\x00W\x11?\xd8L\xe7\xb9\x1bx\xc3\
\x86^LI\x92:1\x16\xb8\x86\xf8\x81f\x86\x9f{\
\x81m^\xff\x92J\x92\xb4q\x13\x80\x9b\x88\x1fd\xa6\
\xfb\xfc\x16\xd8v\xe0\x0b+I\xd2`&\x01\xb7\x11?\
\xc0L\xefy\x00x\x13\x92$\x0daS<\xed_\xb7\
\xdc\x83\xab\x06J\x926\xa2\x0f\xf8W\xe2\x07\x96\xc9>\
\xd7\x91\x96n\x96$\xe9u\xce!~P\x99\xfcr\x09\
.\x16\x14\xaa?\xba\x00I\xda\x80\xd3H\x0b\xfd\xa8\xbe\
v\x07F\x90.\xf1H\x92\xc4\x07\x80U\xc4\xbfC5\
\xc5\xe4\xe3(\x84\xa7_$\x95\xc9v\xa4]\xfd\x5c=\
\xae9V\x02\xfb\x00wE\x17\xd24\xad\xe8\x02$\xa9\
m\x04p1\x0e\xff\xa6\x19\x09\xcc\x046\x8b.\xa4i\
<\x00\x90T\x16_\x06\xf6\x8b.B!\xde\x02|;\
\xba\x08IR\xf1\xa6\xe3u\x7f\x03'\xa1\xc2x\x0f\x80\
\xa4h\x93\x81\xb9\xb8a\x8c`)\xf0\x0e\xd2\xb2\xc1\xca\
\x99\x97\x00$E\xfb\xdf8\xfc\x95\x8c\x03\xbe\x87\xb3\xa9\
\x10\xae\x03 )\xd2\xfb\xf0y\x7f\xbd\xd6v\xc0\xe3\xc0\
\x9d\xd1\x85\xd4\x9d\x97\x00$E\x19\x0d\xcc\x07\xde\x1c]\
\x88J\xe7\xf7\xc0\xae\xc0\xa2\xe8B\xea\xcc\xd3,\x92\xa2\
|\x09\x87\xbf6ls\xe0k\xd1E\xd4\x9dg\x00$\
E\xd8\x09\x98\x87\x1b\xc2h\xe3\xde\x8bK\x05\xe7\xc6\x03\
\x00I\x11\xae\x22\xfd\xe3.m\xcc\xbd\xc0\x1e\xc0\xea\xe8\
B\xea\xc8K\x00\x92\x8a6\x03\x87\xbf:\xb3+\xf0\xb1\
\xe8\x22\xea\xca3\x00\x92\x8av\x03\xae\xf8\xb7\x1ax\x9a\
t\x93\xdb\xb3\xc0\x12`\x0d\xe9\xdf\xe4\x89\xedL\x06\xb6\
\xc5\xa7\xb5\x1e\x22\x1d\x08\xbc\x12]H\xddx\x00 \xa9\
H\x87\x02\x97E\x17Q\xb0U\xa4\x85\x8e~\x0d\xcc\x06\
\xee\x01\xee#m\x823\x94M\x81\xed\x81\xb7\x03{\x03\
\xef&m\x9c\xb3I.\x95\x96\xd7i\xc0y\xd1EH\
\x92\xba7\x9b\xf8\xe5f\x8b\xc8K\xc0\xa5\xc0\x1f\x03\x93\
2\xe9\xdc\xab\xc6\x03\xc7\x02\x17\x92V\xce\x8b\xfe^\x8b\
\xc8\x02\xd2\xc1\x90$\xa9\x82\x8e ~\x90\xe4\x9d\xdf\x00\
\x9f#\xfb\xa1?\x98\xcd\x80S\x80;r\xfc\x9e\xca\x92\
\xcfd\xd43IR\xc1n\x22~\x88\xe4\x95\xdb\x81c\
\x88\xbd\xac\xfa^\xd2\xd3\x15\xd1\xbd\xc8+\x0b\xf1~\x08\
I\xaa\x9c\xb7\x13?@\xf2\xc8c\xa4\x1d\xec\xcat?\
\xd5\xc1\xc0\x1c\xe2{\x93G\x8e\xca\xb0O\x92\xa4\x02\x9c\
K\xfc\xf0\xc82\xaf\x00\x7fCZ\xce\xb8\x8c\xfa\x81/\
\x00\xcb\x89\xefU\x96\xf9U\x96M\x92$\xe5k\x02\xf0\
\x22\xf1\xc3#\xab\xdc\x0b\xbc3\xd3\x0e\xe5\xe7\xad\xc0\xcd\
\xc4\xf7,\xab\xac\xc6\xe5\xa3%\xa92>K\xfc\xe0\xc8\
*\x97\x00c\xb3mO\xeeF\x90v\x5c\x8c\xee]V\
9;\xdb\xf6H\x92\xf2r7\xf1C\xa3\xd7\xac\x06\xce\
\xa4\x5c\xd7\xfa\x87\xebD\xd2\xda\x03\xd1\xbd\xec5\xcf\xe0\
\x1e\x12\x92Tz\xfb\x10?0z\xcd+\xa4\xe1Y\x07\
\x07\x93V\x1d\x8c\xeei\xaf\xf9H\xd6\x8d\x91$e\xeb\
\x1c\xe2\x87E/YI\xfd\xee<\xdf\x9b\xea\x1f\x04\x5c\
\x9cyW$I\x99\xfa-\xf1\xc3\xa2\xdb\xac\x06\x8e\xcf\
\xbe%\xa5\xb0\x0f\xf0\x02\xf1=\xee6/\x02\xa32\xef\
\x8a$)\x13\xbb\x13?(z\xc9\x9ff\xdf\x92R9\
\x82\xb4OAt\x9f\xbb\xcd\x07\xb2o\x89$)\x0b\xff\
\x9d\xf8!\xd1m\xbe\x99C?\xca\xe8/\x88\xefu\xb7\
\xf9N\x0e\xfd\x90$e\xa0\xaa\xeb\xd3_G\xb3v\xdb\
\xfb\x01\xf1=\xef&O\xe3\xd2\xc0=\xc9\xea\x91\x96\x16\
0\x85\xb4m\xe5X\xaa\xf7\x9c\xac\xa4l\x8d\x03\xfe\x85\
\xea=6\xb7\x04\xd8\x83\xb4\xc4oSL$-\x1d<\
%\xba\x90.|\x91\xb4S`\x13,kg!\xf0(\
\xb0\xa6\xd7/\xd8\xcb\xff\x9c\xef \xdd\x1d;\x03\xd8\x0b\
o\xc8\x90T}'\x03\xdf\x8b.\x22\xc0A\xc0\xd5T\
\xef\x80\xad\xa9V\x906\xa0\xba\x06\xf8\x09pg7_\
d\xb8/\xf6H\xe0\xe3\xc0\xe9\xc0n\xdd\xfc\x81\x92T\
RW\x02\xef\x8b.\x22\xd0\xf7H\x1b\x1b\xa9z\xee\x06\
\xbe\x05\x5c@zt\xb5#\x9d\x1e\x00\xf4\x91\x16\xc2\xf8\
*\xb0\xcdp+\x93\xa4\x92[\x05L#\xfdC\xdaT\
\x93\x81\xfbI{7\xa8\x9a\x9e \xadXy\x11\xe9>\
\x89\x8dju\xf0\x05\xb7%\x9d\x1a\xfa\x1e\x0e\x7fI\xf5\
\xf4\x1d\x9a=\xfc\x01\x16\x01\x7f\x1f]\x84z\xb2-\xf0\
}\xd2\xd9\xac!\xe7\xf5Pg\x00\x0e\x22\xdd!\xbaU\
\xefuIR)\xbd\x0c\xbc\x85f\xdd\xf87\x98\xcd\x80\
\x87\xf0\xdf\xfc:XDZ2\xf9\xba\xc1>acg\
\x00>D\xda{\xd9\xbf\x08\x92\xea\xec\x02\x1c\xfe\xeb\xbc\
\x08\xfcct\x11\xca\xc4d\xe0r\xe0\xd8\xc1>a\xb0\
3\x00G\x02?$m#)Iu\xb6;\x9e\xfe_\
\xdfV\xa4\xc7\xcc|\xb2\xab\x1eV\x03\xc7\x01?\x1a\xf8\
\x81\x0d\x9d\x01\xd8\x9bt\xda\xdf\xe1/\xa9\xeen\xc4\xe1\
?\xd03\xc0\x7fD\x17\xa1\xcc\xf4\x93\xee\x0b\xd8k\xe0\
\x07\x06\x1e\x00L\x22\x0d\xff\xd1\x05\x14%I\xd1\xce\x8f\
.\xa0\xa4\xfe-\xba\x00ej\x0c0\x93\x01Ox\x0c\
<\x00\xf8:0\xb5\xa0\x82$)\xd2*\xd2\x22*z\
\xbd\xabHg\x02T\x1f;\x02\xff\xb0\xfeo\xac\x7f\x00\
\xb0?.\x02!\xa99n\x00\x9e\x8b.\xa2\xa4^\x01\
~\x19]\x842w\x0ai+h\xe0\xb5\x07\x00_\xc1\
e %5\xc7\xe5\xd1\x05\x94\xdcU\xd1\x05(s}\
\xc0\xdf\xae\xfb\xc5\xba\x03\x80\xf7\x00\x07\x84\x94#I1\
~\x1d]@\xc9]\x1d]\x80rq\x10\xed\xb3\x00\xeb\
\x0e\x00N\x8d\xabE\x92\x0a\xb7\x92\xb4\x99\x8a\x06\xf7;\
\xe0\xf1\xe8\x22\x94\x8bS!\x1d\x00\x8c&-\xfa#I\
Mq\x1f\xc3\xd84\xa5\xc1\xe6D\x17\xa0\x5c|\x18\x18\
\xd5\x02\xf6%-\xff(IMqOt\x01\x151?\
\xba\x00\xe5b<\xb0O\x0b\x98\x1e\x5c\x88$\x15\xed\xfe\
\xe8\x02*bat\x01\xca\xcd\xf4\x16\xf0\xb6\xe8*$\
\xa9`OE\x17P\x11\xee\x91P_{\xb4\x80\x9d\xa2\
\xab\x90\xa4\x82-\x8a.\xa0\x22\xecS}\xed\xdc\x22\xed\
\x18$IM\xb2$\xba\x80\x8aX\x1e]\x80r3\xb9\
\x05\x8c\x8b\xaeB\x92\x0a\xb6*\xba\x80\x8a\xf0\x00\xa0\xbe\
6\xdb\xd0n\x80\x92Tw\xab\xa3\x0b\xa8\x08W\x87\xad\
\xb1\x16\xb04\xba\x08I*\x98;\x9evf|t\x01\
\xca\xcd\x8b-\xbc\xc9CR\xf3L\x18\xfaS\x84k\xc4\
\xd4\xd9\xa2\x16>\x0f+\xa9y&E\x17P\x11\x9e\x01\
\xa8\xaf\xfb[\xc0\xbc\xe8*$\xa9`S\xa2\x0b\xa8\x08\
\xfbT_\xf3Z\xc0\xac\xe8*$\xa9`S\xa3\x0b\xa8\
\x88\x9d\xa3\x0bPn\xaem\x017\x01/FW\x22I\
\x05\xda%\xba\x80\x8a\xf0\x00\xa0\x9e\x96\x007\xb7\x80\x97\
\x80K\x83\x8b\x91\xa4\x22\xed\x01\x8c\x8a.\xa2\x02\xfe \
\xba\x00\xe5\xe2R`\xe5\xbau\x00\xce\x8b\xacD\x92\x0a\
\xb6)0-\xba\x88\x92\xdb\x01xSt\x11\xca\xc5y\
\x90\xd6\x01\x80t\x19\xe0\xba\xb8Z$\xa9p\xd3\xa3\x0b\
(\xb9\xf7F\x17\xa0\x5c\x5c\x0d\xdc\x02\xaf\x1e\x00\x00\xfc\
%\xb06\xa4\x1cI*\xdea\xd1\x05\x94\xdcA\xd1\x05\
(skH\xb3\x1ex\xed\x01\xc0\x8d\xc0\x05EW#\
IA\xf6\xc5\xf5\x00\x06\xb3)pht\x11\xca\xdc\xf9\
\xc0\xecu\xbf\x18\xb8\x17\xc0\xe7\x81\x87\x0b-G\x92b\
\x8c\x00>\x12]DI\x1d\x0el\x11]\x842\xf5\x10\
\xf0\x85\xf5\x7fc\xe0\x01\xc0b\xe0x\xdc\x01JR3\
\xfcIt\x01%ubt\x01\xca\xd4r\xd2\xc1\xeek\
\xb6\xc1\x1el\xa7\xa7#\x80\x1f\x91\x8e\x90%\xa9\xce\xf6\
\x00~\x13]D\x89L\x06\x1e#]\x06P\xf5\xad\x02\
\x8e\x01~1\xf0\x03\x83m\x07\xfcs\xd2\x99\x80\x159\
\x16%Ie\xf0\x85\xa1?\xa5Q\xfe\x13\x0e\xff\xbaX\
Az\xe7\xff\xba\xe1\x0fC\xef\xf5|\x000\x13\xd8:\
\xe3\xa2$\xa9,^\x06\xde\x0c<\x1e]H\x09L\x02\
\x16\xe0&@u\xf0\x14i\xf8\xdf0\xd8'\x0cv\x06\
`\x9d\xeb\x81=\x81\xab2,J\x92\xcadS\xe0\x7f\
F\x17Q\x12\x9f\xc3\xe1_\x07W\x90f\xf7\xa0\xc3\x1f\
\x86>\x03\xb0\xbe\x13\x80\xb3\x81\xedz(J\x92\xcah\
5ie\xc0&\xdf\x0b\xf0&\xe0\x1e`\x5ct!\xea\
\xda\xa3\xc0\x99\xc0%\x9d|\xf2Pg\x00\xd6w\x11\xe9\
4\xd9\x9f\xd2\xec\xffI$\xd5O?\xf0\x0d\x86\xf7\xa6\
\xa8n\xbe\x8e\xc3\xbf\xaa\xe6\x03\xa7\x01o\xa5\xc3\xe1\x0f\
\xbd\xfde\xdf\x138\x1a\x98\x01\xec\x05\x8c\xe9\xe1kI\
R\x19\x9c\x0a\xfcKt\x11\x01\x0e\x03~\x19]\x84:\
\xb6\x1c\xb8\x1d\xb8\x06\xf810\xb7\x9b/\x92\xd5\xd1n\
\x1f\xb0};\xe3\xf0(Rj\xbaq\xa4AZ\xb5w\
\xd4\x8b\x81\xb7\x91\x1e\x83k\x8a\xc9\xc0]\xc06\xd1\x85\
t\xe1\x8b\xa4\x9b\x16\x9b`i;\x8f\xb6\xe3\xd2\xfd\x92\
J\xeb\x0e\xd2?RU\xcbl\x9a\xf3\x18\x5c\x0b\xb8\x8c\
\xf8\x9ew\x93\xa7I\x97n\xd4\xa5\xe1\xdc\x03 I\xc3\
\xf1\xa3\xe8\x02\xba\xb47\xf0\xb5\xe8\x22\x0a\xf2\x97Tw\
\xcd\xff\x9f\x92n\xde\x94$\x95\xcc\x1f\x10\xff.\xb1\x97\
|.\xfb\x96\x94\xca\x1f\x91\x06ht\x9f\xbb\x8d\xbb9\
JR\x89\xddO\xfc\xa0\xe86\xab\x80c\xb3oI)\
\x1cJZ\x00)\xba\xc7\xddf\x0902\xf3\xaeH\x92\
2s6\xf1\xc3\xa2\x97\xac\x04>\x98yWb\x1d\x08\
\xbcH|o{\xc9\xc5\x99wE\x92\x94\xa9w\x11?\
,z\xcd\xcb\xc0G\xb3nL\x90c\x81\x97\x88\xefi\
\xaf\xf9p\xd6\x8d\x91$eo>\xf1\x03\xa3\xd7\xac\x01\
\xbeD\xf5\x1ek\x5c\xdf\xa7I\x975\xa2{\xd9k\x9e\
\xc6\xd3\xff\x92T\x09\x7fF\xfc\xd0\xc8*\x17\x03\x9be\
\xdb\x9e\xdc\x8d\x01\xbeK|\xef\xb2\xcaW\xb3m\x8f$\
)/\xe3\xa9\xfe5\xe7\xf5\xf3 \xe9Q\xc1*\xd8\x0d\
\xb8\x9b\xf8\x9ee\x95\xd5\xc0\x0e\x99vH\x92\x94\xab\x7f\
&~xd\x99\x97\x81s\x80\xb1Y6)C\xa3\x80\
/S\x8f\xeb\xfd\xebg\x83\xfb\xdaK\x92\xca\xeb\xed\xc4\
\x0f\x8f<\xb2\x90t\x83`\x99\x16U;\x82t\x96\x22\
\xba7y\xe4\xc8\x0c\xfb$I*\xc8\x8d\xc4\x0f\x90\xbc\
2\x87\xb49Z\xd4\x81@\x1fi8\xde\xb2\x91\x1a\xab\
\x9e\x05\xb8\xf4\xaf$U\xd2\xe1\xc4\x0f\x91\xbc\xf3\x00\xf0\
\xe7\xc0\xe6\x19\xf5l(\x93H[\xb4\xcf\xc9\xf1{*\
K>\x95Q\xcf$I\x01n&~\x90\x14\x91\x95\xa4\
\xb5\xeaO\x00\xb6\xcc\xa4s\xaf\xda\x82\xf4\x1c\xfc\xa5\xc0\
\x8a\x12|\xafE\xe4\x11\x9a\xb3ASa\xaa\xfcL\xab\
\xa4\xea9\x04\xb8\x22\xba\x88\x82\xad!\xed\xd7~\x1di\
\xdb\xdd9\xa4%\x92Wt\xf0\xdf\x8e\x05v\x06v\x02\
\xde\x01\xcc \xddOQ\xa6{\x0e\x8a\xf0\x09\xe0\xfc\xe8\
\x22\xea\xc6\x03\x00IE\xbb\x1e\xd8?\xba\x88\x12X\x04\
\xfc\x0ex\x86\xb4@\xcf\x8b\xa4G&\xc7\x91\xd6\x1a\xd8\
\x02\xd86\xac\xba\xf2x\x10\xd8\x95\xd4#IR\x85\xed\
G\xfc)eS\x9d\xfc1\xca\x85g\x00$E\xb8\x82\
t9@\xda\x98\xbbI\x97<VG\x17RG\x1e\x00\
H\x8a\xb0\x13\xe9\xba\xf8\xa8\xe8BTZk\x81\x83\x81\
k\xa2\x0b\xa9+\x9f\xa9\x94\x14\xe19\xd2\x86.\x07F\
\x17\xa2\xd2\xba\x00\xf8Ft\x11u\xe6\x19\x00IQF\
\x92\xce\x02\xec\x1c]\x88J\xe7\xf7\xc0.\xa4\x1b$\x95\
\x93\xa6=J\x22\xa9<V\x02\x9f\x8d.B\xa5\xf4\x9f\
q\xf8KR\xed]D\xfc\x9d\xe6\xa6<\xb9\x01\xcfN\
\x17\xc2&K\x8a\xb6\x15iq\x9cm\xa2\x0bQ\xb8\xa5\
\xc0^\xa4\x85\x92\x943/\x01H\x8a\xf6\x0ci\xc9\x5c\
\x1f\xf5\xd2gp\xf8\x17\xc6\xa7\x00$\x95\xc1B`\x04\
>\x15\xd0d\xdf\x05\xfe&\xba\x88&\xf1\x12\x80\xa4\xb2\
h\x01W\x92\xd6\xbbW\xb3<@:\xf5\xffbt!\
M\xe2\x01\x80\xa42\xd9\x96t?@\xd6;\xe8\xa9\xbc\
V\x00\xfb\x90^w\x15\xc8{\x00$\x95\xc9\x13\xa4\xb5\
\xdf\xdd\xf8\xa5\x19\xd6\x02\x9f\xc2\xe1/Ij\xfb\x04\xf1\
\x8f\xa3\x99\xfc\xf3W(\x8c7\x01J*\xa3\xbbH+\
\x05\xbamp}]\x0c|.\xba\x08IR\xf9\xf4\x01\
\x17\x12\xff.\xd5d\x9fY\xa4\x03<I\x926hS\
\xe0*\xe2\x07\x96\xc9.w\x03\x93\x90$i\x08\x13\x81\
\xd9\xc4\x0f.\xd3{~Kz\xd2C\x92\xa4\x8e\x8c\x05\
\xae%~\x80\x99\xees/.\xf7,I\xea\xc2X\xe0\
j\xe2\x07\x99\x19~\xee\x01\xde\xf8\xfa\x97T\x92\xa4\xce\
\x8c\x01\xae ~\xa0\x99\xces\x17.\xec$I\xca\xc0\
h\xe0g\xc4\x0f63tn\xc2\x1b\xfe$I\x19\xea\
\x07\xce\x22~\xc0\x99\xc1s\x09\xe9`M\x92\xa4\xcc\x9d\
\x00\xbcD\xfc\xb03\xaff\x0di\x85?\xf7\x9a\x91$\
\xe5j_\xe0)\xe2\x07\x9f\x81\xa5\xc0\x077\xferI\
\x92\x94\x9d\xa9\xa4\x9b\xcd\xa2\x07`\x93\xf3\x10\xf0\xf6!\
^'I\x922\xb7\x09\xe9\xd4\xf3*\xe2\x87a\xd32\
\x93\xb4`\x93$Ia\xf6%\xbd\x1b\x8d\x1e\x8aM\xc8\
\xf3\xa4\xfb0$I*\x85\x09\xb8\x91P\xde\xb9\x12\x97\
\xf5\x95$\x95\xd4\xf1\xc0\xe3\xc4\x0f\xcb:\xe59\xe0S\
x\x97\xbf$\xa9\xe4\xc6\x90\xee\x0dXA\xfc\xf0\xacr\
V\x93\xce\xaaL\x1eV\xf7%I\x0a\xf6\x16\xe0\xe7\xc4\
\x0f\xd2*\xe66\xe0]\xc3o\xb9$I\xe5q$\xf0\
\x1b\xe2\x87j\x15\xf2\x08p\x22\x9e\xee\x97$\xd5D\x1f\
\xe9@\xe0V\xe2\x87l\x19\xf30p\x060\xb2\xdb\x06\
K\x92Tv\x07\x037\x13?t\xcb\x90\xdf\x00'\x01\
#z\xea\xa8$I\x15r0\xf0C\xe0e\xe2\x07q\
\x91Y\x0d\x5cNZ\xc2\xb7\xd5s\x17%I\xaa\xa8I\
\xc0'\x81y\xc4\x0f\xe7<\xf3\x04iG\xc5\x1d\xb3i\
\x9b$I\xf5\xd0\x07\xec\x0f\x5c\x00\xfc\x9e\xf8\x81\x9dE\
\x96\x02\xff\x0e\x1cF\xdaRY\x92$mD?\xb0\x17\
i=\x81\xdb\x89\x1f\xe4\xc3\xc9\x02\xe0\x5c\xe08`l\
\xb6mQ\x95\xf9h\x87$\x0d\xdf[\x80#\x80\xe9\xc0\
\xde\xc0\x1bC\xaby\xad\xe7HO7\xdc@Z\xf7`\
~l9*+\x0f\x00$\xa9w\xdb\x91\x0e\x04\xd6e\
O\x8a\xd9\x1do)0\x97\xb4P\xcf\xad\xed<T\xc0\
\x9f\xab\x1a\xf0\x00@\x92\xf21\x09\x98\xba\x81l\x01\x8c\
j\x7f|$i\xa9\xe2\x09\xbcz\x07\xfe\xf3\xa4e\x8b\
_\x02\x96\xb4\x7f\xfe{\xd2\xa9\xfc\x85\xed\x1f\xd7\xe5\x99\
\x5c\xbf\x03I\x92$I\x92$I\x92$I\x92$I\
\x92$I\x92$I\x92$I\x92$I\x92$I\x92\
$I\x92$I\x92$I\x92$I\x92$I\x92$\
I\x92\x22\xd0\x14\xd8\x00\x00\x0f\x9aIDAT\xa4\x86\
\xe9\x8b.@\x957\x09\x98\x0aLi\xff\xb8C\xfb\xc7\
\x09\xc08`,0\x12\x98\x08\x8c\x02F\x03\xcb\x80\x95\
\xc0b`\x05\xf0\x12\xf0\x02\xf0<\xb0\x00X\x08<\xd2\
\xfe\xf9\x02\xe0\xc5\x02\xbe\x0fIj\x14\x0f\x004\x1cS\
\x80\xbd\xdby'0\x8d4\xe8\xf3\xf6\x1cp'p+\
p[;O\x16\xf0\xe7JRmy\x00\xa0\x8d\xd9\x0d\
8\x12\xd8\x9f4\xf0'\xc7\x96\xf3\x1a\x8f\x93\x0e\x04f\
\x01?\x07\x1e\x0e\xadF\x92\xa4\x0a\xeb\x07\xf6\x03\xce\x02\
\xee\x05\xd6V(\x0f\x01\xdf\x04\x0e\x066\xc9\xba1\x92\
$\xd5M\x0b8\x04\xb8\x08XB\xfc \xcf\x22\xcf\x02\
\xe7\x01\xfbf\xd8'I\x92ja\x1b\xe0L\xd2;\xe7\
\xe8\x81\x9dg\xeek\x7f\x9fe\xba|!IR\xa1\xfa\
\x80\xa3\x80_\x02\xab\x89\x1f\xceEf%\xf0\xef\xc0A\
=wQ\x92\xa4\x8ah\x91n\xe6\xbb\x83\xf8A\x5c\x86\
\xdc\xd8\xee\x877\xc1J\x92j\xa9\x05\x1cG\xf5n\xe8\
+*s\x81\x93H7?J\x92Ty}\xc0\xc7\xa8\
\xff\xf5\xfd\xac2\x0f8\xbc\xabNK\x92T\x12\xd3\x80\
\x1b\x88\x1f\xaaU\xcc\x95\xc0\xae\xc3o\xb9$Iq&\
\x91\x9e\x83_E\xfc \xadr^n\xf7q\xb3\xe1\xb5\
_\x92\xa4b\xf5\x01\x9f\x22-\x97\x1b=<\xeb\x94\xc7\
H\xf7OH\x92T:[\x93\x96\xc1\x8d\x1e\x96u\xce\
L`\xf3N_\x10I\x92\xf2\xf6A\xe0\x19\xe2\x07d\
\x13\xb2\x10\x98\xde\xd1\xab\x22IRN\xc6\x90\xaeQG\
\x0f\xc5\xa6eM\xbb\xef#\x87~\x89$I\xca\xd6\x1e\
\xc0\x03\xc4\x0f\xc3&\xe7N\xd2\xb6\xc8\x92$\x15\xe20\
`1\xf1\x03\xd0\xa4\xcd\x86\xa6o\xf4\xd5\x92$)\x03\
g\xd0\xbc\xb5\xfb\xcb\x9e\x95\xc0)\x1b{\xd1$I\xea\
\xd6H\xe0\x02\xe2\x87\x9d\x19<\xe7\x02#\x06y\xfd$\
I\x1a\xb6\xcd\x81\x9b\x89\x1fpf\xe8\xfc\x0c\x18\xbd\xe1\
\x97Q\x92\xa4\xceM\x02n#~\xb0\x99\xce3\x0b\x18\
\xb7\x81\xd7R\x92\xa4\x8eL&mN\x13=\xd0\xcc\xf0\
s=.!,I\xea\xc2\xd6\xc0|\xe2\x07\x99\xe9>\
7\x02\xe3\x07\xbe\xb0\x92$\x0df;\xe0~\xe2\x07\x98\
\xe9=\xb3\x81\x89H\x924\x84\xf1\xc0\x5c\xe2\x07\x97\xc9\
.\xd7\xe1\xaa\x81\x92\xa4\x8d\xd8\x84\xb4\x0f}\xf4\xc02\
\xd9\xe7\x12\xd2n\x8d\x92T:\xfd\xd1\x054\x5c\x1fp\
>ic\x1f\xd5\xcf\xee\xa4\x03\xbck\xa2\x0b\x91$\x95\
\xcbW\x88\x7f\x97j\xf2\xcfg\x90$\xa9\xed\xe3\xc4\x0f\
&SL^\x01\x0eE\x92J\xc4\xeb\x931v\x07n\
\xc5\xd5\xe3\x9a\xe4y`O`at!\x92\x04\xd0\x8a\
.\xa0\x81\xc6\x023q\xf87\xcd$\xe0_q\xdf\x00\
I%\xe1M\x80\xc5;\x0f88\xba\x08\x85\x98B:\
\xe8\xbe6\xba\x10IR\xb1>J\xfc\xf5h\x13\x9b\xd5\
\xc0!HR0\xef\x01(\xceN\xc0\x1d\xb8a\x8c\xe0\
)`\x1a\xf0tt!\x92\x9a\xcbK\x00\xc5\xe8\x03.\
%\x1d\x04H\xe3\x807\x91\xfeNH\x92j\xecT\xe2\
O=\x9b\xf2\xe5p$)\x88\x97\x00\xf2\xb7\x05p\x1f\
\xb0et!*\x9d\x05\xa4GB\x97\x05\xd7!\xa9\x81\
\xbc\x04\x90\xbfs\x81}\xa2\x8bP)M$\x9d\x09p\
\xa9`I\x85\xf3\x0c@\xbe\x0e$=\xf2e\x9f5\x98\
\x97I\x0b\x04\xdd\x13]\x88\xa4fq0\xe5\xa7\x1f\x98\
\x0f\xec\x1a]\x88J\xefj\x5c\x1bBR\xc1\x5c\x090\
?'\xe2\xf0Wg\xde\x0b\x1c\x14]\x84\xa4f\xf1\x0c\
@>6!\xdd\xf8\xb7ct!\xc1^!=\xeb\xfe\
\x14\xb0\x98\xb4\x1e>\xa4\xe5p\xc7\x93\xae\x81\xbf\xb1\x9d\
\xa6\xff]\xbc\x11\xd8/\xba\x08I\xcd\xe1\xba\xe4\xf98\
\x99\xe6\x0d\xff\x95\xc0\xed\xa4Av+\xe9\x9a\xf6\x83\xa4\
\x83\x80\xa1\x8c\x22\xf5k\x1a\xb07\xe9\xa6\xc9w\xd0\xac\
3T\xef!\xed\x18xyt!\x92\xa4\xeelJ\xda\
\xf1-\xfa\x19\xf3\x22\xb2\x04\xb8\x108\x16\x18\x93E\xf3\
\xd6\xb3%\xf01\xe0\x87\xa4\x83\x8b\xe8\xef\xb5\x88\xcc\xc6\
3!\x92TY\x9f!~\x90\xe4\x9d[\x80SH;\
\x1b\x16a\x0b\xe0\xb3\xc0\xfd9~Oe\xc9\x91\x19\xf5\
L\x92T\xa0~\xea\xfd\xee\xffj`zV\xcd\xeaB\
\x8bt\xb6\xe16\xe2{\x91Wn\xc9\xac[\x92\xa4\xc2\
\x1cC\xfc\x00\xc9#\xf7\x02\x87e\xd8\xa7^\xf5\x01\xc7\
\x01\x0f\x11\xdf\x9b<\xb2Wv\xad\x92$\x15\xe12\xe2\
\x87G\x96Y\x06\x9cAyo\x16\x1d\x0d\x9cM\xba\xd1\
0\xbaWY\xe6;Y6I\x92\x94\xaf7\x93\xf6z\
\x8f\x1e\x1eY\xe5&\xaa\xb3{\xe1;H\x8f]F\xf7\
,\xab,%=\x22)I\xaa\x80\xbf#~pd\x95\
sIk\x19T\xc98\xe0\x12\xe2{\x97U>\x97m\
{$Iy\x18\x05<K\xfc\xd0\xe85+H+\x18\
V\xd9\x7f\x01\xd6\x10\xdf\xcb^s\x0f>\x12(I\xa5\
\xf7Q\xe2\x07F\xafy\x91\xfa\xacG\xff1\xea\xb1v\
\xc0{\xb2n\x8c$)[3\x89\x1f\x16\xbdd1\xf0\
\xee\xcc\xbb\x12\xeb(\xd2N{\xd1\xbd\xed%\x7f\x9fy\
W$I\x99\x19\x09\xbc@\xfc\xb0\xe86\xcb\x81\x032\
\xefJ9\x1cK\xb5\x9f\x10x\x04/\x03HRi\x1d\
A\xfc\xa0\xe86\xaf\x00\x87g\xdf\x92R\xf94\xf1}\
\xee%\xd3\xb2o\x89$)\x0b\xffB\xfc\x90\xe86\x9f\
\xcf\xa1\x1fe\xf4-\xe2{\xddm\xbe\x9cC?$I\
=\xea\x07\x16\x11?$\xba\xc9E9\xf4\xa3\xacF\x90\
v)\x8c\xeey7\x99\x97C?$)\xb3\xeb\x8b-\
`\x0a\xb0=i\x83\x98\xa26\x89\x896\x158'\xba\
\x88.,\x00\xdeN\xbaw\xa1)\xa6\x02s\x80\x09\xc1\
ut\xe34\xd2\xce\x8b\x92\x9akY;\x0b\x81GI\
\x8f;\xf7\xa4\x97\x03\x80w\x90\xee\xb4\x9eAZ\xbb|\
T\xaf\xc5\xa8\x10k\x80\xf7\x02\xb3\x82\xeb\x88p2\xf0\
\xdd\xe8\x22$\xa9G+\x80\xdb\x81k\x80\x9f\x00wv\
\xf3E\x86{\x000\x12\xf88p:\xb0[7\x7f\xa0\
\xc2}\x07\xf8dt\x11A\xfa\x80k\x81\x03\xa3\x0b\x91\
\xa4\x0c\xddM\xba\xd7\xe9\x02\xd2\x1a(\x1d\xe9\xf4\x00\xa0\
\x8f\xb4B\xdcW\x81m\x86[\x99Jc\x09i}\xff\
E\xd1\x85\x04\xda\x0d\x98Ky78\x92\xa4n=\x01\
\x9cI\xba\xc7k\xedP\x9f\xdc\xea\xe0\x0bnK\xda\x07\
\xfe{8\xfc\xab\xee\x7f\xd1\xec\xe1\x0fi\x89\xdd\x0b\xa3\
\x8b\x90\xa4\x1cl\x0b|\x1f\xb8\x92\x0e\xe6\xf5Pg\x00\
\x0e\x02~\x00l\xd5{]\x0a\xf6,\xe9F\xb8e\xc1\
u\x94\xc1\xf6\xc0\xfd\xa4KZ\x92TG\x8b\x80\x8f\x00\
\xd7\x0d\xf6\x09\x1b;\x03\xf0!\xe0W8\xfc\xeb\xe2\xeb\
8\xfc\xd7y\x94f=\x06)\xa9y&\x03\x97\x93V\
D\xdd\xa0\xc1\xce\x00\x1c\x09\xfc\x10\xaf\x93\xd6\xc5J`\
;\xd2Y\x00%\xd3\x80\xbb\xa2\x8b\x90\xa4\x9c\xad\x06\x8e\
\x03~4\xf0\x03\x1b:\x03\xb07\xe9\xb4\xbf\xc3\xbf>\
.\xc5\xe1?\xd0\x1c\xd2\xe2@\x92Tg\xfd\xa4\xfb\x02\
\xf6\x1a\xf8\x81\x81\x07\x00\x93H\xc3\x7ft\x01E\xa98\
\xe7G\x17PR\xff\x16]\x80$\x15`\x0ci\xd7\xda\
\xd7,\x846\xf0\x00\xe0\xeb\xa4\x1b\xc5T\x1f\xcf\x02\xd7\
G\x17QR\x97\x926D\x92\xa4\xba\xdb\x11\xf8\x87\xf5\
\x7fc\xfd\x03\x80\xfd\x81\x93\x0a-GE\xf8\x19\xb0*\
\xba\x88\x92z\x06/\x03Hj\x8eS\x80}\xd6\xfdb\
\xfd\x03\x80\xaf\xe0\xde\xe3utyt\x01%wut\
\x01\x92T\x90>\xe0o\xd7\xfdb\xdd\x01\xc0{\x80\x03\
B\xcaQ\xde~\x1d]@\xc9y\x00 \xa9I\x0e\xa2\
}\x16`\xdd\x01\xc0\xa9q\xb5(G\x0bHKCj\
pw\xe1%\x12I\xcdr*\xa4\x03\x80\xd1\xa4E\x7f\
T?s\xa3\x0b\xa8\x80\x15\xc0}\xd1EHR\x81>\
\x0c\x8cj\x01\xfb\x02\x9b\x05\x17\xa3|\xdc\x13]@E\
\xcc\x8f.@\x92\x0a4\x1e\xd8\xa7\x05L\x0f.D\xf9\
\xb9?\xba\x80\x8aX\x18]\x80$\x15lz\x0bx[\
t\x15\xca\xcdS\xd1\x05T\xc4c\xd1\x05HR\xc1\xf6\
h\x91\xf6\x87W=5}\xeb\xdfN\xd9'IM\xb3\
s\x8b\xb4c\x90\xeaiIt\x01\x15\xb1<\xba\x00I\
*\xd8\xe4\x160.\xba\x0a\xe5\xc6\xc7\xdb:\xe3\x01\x80\
\xa4\xa6\xd9lC\xbb\x01\xaa>VG\x17P\x11\xfe\x7f\
 \xa9qZ\xc0\xd2\xe8\x22\x94\x1bwu\xec\xcc\xf8\xe8\
\x02$\xa9`/\xb6\xf0\x06\xa8:\x9b0\xf4\xa7\x08\xd7\
\xc1\x90\xd4<\x8bZ\xf8\xacx\x9dM\x8a.\xa0\x22<\
P\x92\xd44\xf7\xb7\x80y\xd1U(7S\xa2\x0b\xa8\
\x08\xfb$\xa9i\xe6\xb5\x80Y\xd1U(7S\xa3\x0b\
\xa8\x88\x9d\xa3\x0b\x90\xa4\x82]\xdb\x02n\x02^\x8c\xae\
D\xb9\xd8%\xba\x80\x8a\xf0\x00@R\x93,\x01nn\
\x01/\x01\x97\x06\x17\xa3|\xbc3\xba\x80\x0a\x18\x0d\xec\
\x18]\x84$\x15\xe8R`\xe5\xba\xe7\x9f\xcf\x8b\xacD\
\xb9\xd9\x1exCt\x11%\xb7/0\x22\xba\x08I*\
\xd0y\xf0\xea\x02(7\x01\xd7\xc5\xd5\xa2\x1cM\x8f.\
\xa0\xe4fD\x17 I\x05\xba\x1a\xb8\x05^\xbb\x02\xda\
_\x02kC\xcaQ\x9e\x0e\x8b.\xa0\xe4<\x00\x90\xd4\
\x14kH\xb3\x1ex\xed\x01\xc0\x8d\xc0\x05EW\xa3\xdc\
\xbd\x1f\xe8\x8f.\xa2\xa4\xde\x88\xf7IHj\x8e\xf3\x81\
\xd9\xeb~1p\x0d\xf4\xcf\x03\x0f\x17Z\x8e\xf26\x19\
88\xba\x88\x92\xfa\x18\x1e\x1cIj\x86\x87\x80/\xac\
\xff\x1b\x03\x0f\x00\x16\x03\xc7\xe3\xeehusrt\x01\
%\xf5\xc7\xd1\x05HR\x01\x96\x03\x1fa\xc0\x16\xf1\x1b\
\xda\x05\xedv\xd2A\x80[\xc9\xd6\xc7\xd1\xc0V\xd1E\
\x94\xcc\x1f\x02o\x8f.B\x92r\xb6\x8a4\xfc\xef\x1c\
\xf8\x81\xc1N\x7f\xde\x0f\xdcM\x1a\x1c>\x22U}\x9b\
\x90\x8e\x00g\x05\xd7Q&\xdf\x00\xfe \xba\x08I\xca\
\xd1\x0a\xe0\xa3\xc0O7\xf4\xc1\xbe!\xfe\xe3\x03\x80\x99\
\xc0\xd6\x19\x17\xa5\xe2=KZ\xf3\xde\xcb;i\x85\xc4\
\xbb\xd9\xf0\x190I\xaa\x83\xa7H\xef\xfco\x18\xec\x13\
\x86\xfa\x07\xf0z`O\xe0\xaa\x0c\x8bR\x8c-\x81?\
\x8f.\xa2$\xfe+\x0e\x7fI\xf5u\x05iv\x0f:\
\xfca\xe83\x00\xeb;\x018\x1b\xd8\xae\x87\xa2\x14\xeb\
\x05\xe0\xad\xc0\xa2\xe8B\x02\xed\x0d\xdc\x8c\x07\x00\x92\xea\
\xe7Q\xe0L\xe0\x92N>y8\x8f@\xcd\x07\xfe\x09\
x\x1c\xd8\x81\xf4x\x99\xaae$\xb09\x83\x5c\x0fj\
\x80~\xe0\xc7\xc0\xb6\xd1\x85HR\x86\xe6\x03_\x02N\
\x05\xe6v\xfa\x1f\x0d\xe7\x0c\xc0@{\x92n\x12\x9c\x01\
\xec\x05\x8c\xe9\xe1k\xa98k\x81CH\xcbA6\xcd\
\x9f\x01\xff\x18]\x84$\xf5h9\xe9\x89\xbdkHo\
j:\x1e\xfa\xeb\xeb\xe5\x00`\xe0\xd7\xd9\xbe\x9dq\xed\
4\xc1T\xe0\x9c\xe8\x22\xba\xf0\x080\x8dtI\xa0)\
v\x05n\x03\xc6F\x17\xd2\x85\xd3\x18\xf0\xfc\xae\xa4\xc6\
Y\xda\xce\xa3\xed\xb8t\x7f\xb0\x16\xf0;\xd2\x0bQ\xb5\
\xfc\x98\xec\x0e\x00\xcbn\x140\x87\xf8\x9ew\x93\xae\x8e\
\xec%i(\xde\x08\xd5\x9b5\xc0/\xa2\x8b\xe8\xd2\xd1\
\xc0\x19\xd1E\x14\xe4\xffR\xddE\x7f~\x1c]\x80$\
i\xc3\x0e'\xfe]b\xb7Y\x05|0\xfb\x96\x94\xca\
\xff \xbe\xcf\xbd\xa4\xaa\x07.\x92T{#I\xd7\xd2\
\xa3\x07E\xb7Y\x06\xbc;\xf3\xae\x94\xc3i\xc4\xf7\xb7\
\x97<\x94}K$IY\xfa\x01\xf1\xc3\xa2\x97,\x06\
\xf6\xc9\xbc+\xb1N \x9d\xe1\x88\xeem/\xf9\xbb\xcc\
\xbb\x22I\xca\xd4\xf1\xc4\x0f\x8b^\xf3\x020=\xe3\xbe\
D9\x03XM|O{\xcd\xbeY7F\x92\x94\xad\
Q\xc03\xc4\x0f\x8c^\xb3\x128%\xe3\xde\x14\xa9\x05\
\x9cE|\x1f\xb3\xc8=4\xe7)\x0dI\xaa\xb4\xb3\x89\
\x1f\x1aY\xe5\x1f\x80M\xb3mO\xee\xb6\x02.#\xbe\
wY\xe5\xb3\xd9\xb6G\x92\x94\x977S\x8f\xd3\xce\xeb\
r\x1bi\xdf\x80*8\x80\xb4Dut\xcf\xb2\xcaR\
`B\xa6\x1d\x92$\xe5\xeaW\xc4\x0f\x8f\xac\x07\xd1\x17\
\x81M\xb2lR\x86&\x01\xff\x87z\x1dx\xad\x05\xbe\
\x9de\x93$I\xf9;\x8a\xf8\xe1\x91G\xe6\x03\x87f\
\xd8\xa7^\xb5\x80\x93\x81\xa7\x89\xefM\x1e\xd93\xb3N\
I\x92\x0a\xd1\x0f, ~\x80\xe4\x95\xeb\x89}R`\
\x13\xe0O\x80\xfb\x88\xefE^\xb9)\xb3nI\x92\x0a\
\xf5i\xe2\x87H\xde\xb9\x0b\xf88\xc5m\xac\xb3-\xf0\
\x9f\x81\x87s\xfc\x9e\xca\x92#2\xea\x99$\xa9`\x9b\
\x92v\xdb\x8b\x1e$Ed)p\x11p\x0c0>\x8b\
\xe6\xadg[\xd2i\xfe+\xa8\xfe\x82>\x9d\xe6\x96,\
\x1a'I\x9d\xf09\xe3||\x028/\xba\x88\x82\xad\
\x02n\x05~M:C0\x87\xf4\x8e\xfd\xe5\x0e\xfe\xdb\
I\xc0\xce\xa4-{\xdf\x09\xcch\xff\xbai\x0e%\x1d\
\xf0HR\xee<\x00\xc8\xc7\x08\xe0^\xe0-\xd1\x85\x04\
[\x0b<\x05<\x09<OZhh9i\xe0o\xd6\
\xceV\xed4\xdd\x0d\xa4\xc7\x19%I\x15w\x12\xf1\xa7\
\x94Mu2\x1dI*\x90g\x00\xf2\xd3\x0f\xcc\x03v\
\x8b.D\xa5w%\xf0\xbe\xe8\x22$5\x8b\x07\x00\xf9\
:\x00\x98\x85}\xd6\xe0^\x06\xa6\x91.\x19IRa\
Z\xd1\x05\xd4\xdc\xf5\xc0\x85\xd1E\xa8\xd4\xce\xc2\xe1/\
)\x80\xefL\xf3\xb7\x05\xe9\x1fxot\xd3@\x0f\x02\
{\x00+\xa2\x0b\x91\xd4<\xfd\xd1\x054\xc0K\xc0s\
\xc0\xd1\xd1\x85\xa8tN\xc4w\xff\x92Tk}\xc05\
\xc4\xdfin\xca\x93\x8b\x90\xa4@^\x02(\xce[\x81\
;H\xcf\xbe\xab\xd9~G\xba\xf1oQt!\x92\x9a\
\xcb\x9b\x00\x8b\xf3\x00pjt\x11\x0a\xb7\x86\xb4F\x84\
\xc3_R(\xef\x01(\xd6\xdd\xc0T\xd2\xbb?5\xd3\
_\x03\xe7G\x17!I^\x02(\xdeX\xe06\xd2\xba\
\xf7j\x96\xebI\xfb\x1c\xac\x8e.D\x92<\x00\x88\xb1\
;i\xe3\x9c\xd1\xd1\x85\xa80\xcf\x00{\x02OD\x17\
\x22I\xe0%\x80(\x8b\x80\xc7I\x8f\x06z\x10V\x7f\
\xaf\x00\xc7\x02s\xa3\x0b\x91\xa4u<\x00\x883\x974\
\xfc\xa7\x07\xd7\xa1\xfc\x9d\x0e\xcc\x8c.B\x92T\x1e}\
\xc0w\x89\x7f&\xdd\xe4\x97/#I\xd2\x06l\x02\x5c\
A\xfc\xa02\xd9\xe7b\xbc\xc4#I\xda\x88\xf1\xc0\x1c\
\xe2\x07\x96\xc9.\xb3\x80\x91H\x924\x84mH\xeb\xc2\
G\x0f.\xd3{n\x02& IR\x87&\x03\xf3\x88\
\x1f`\xa6\xfb\xdc\x80\xcb=K\x92\xba0\x89\xb4PP\
\xf4 3\xc3\xcfu\xc0\xb8\xd7\xbf\xa4\x92$uf\x22\
0\x9b\xf8\x81f:\xcfe\xb8\xb0\x93$)\x03\x13I\
\xa7\x93\xa3\x07\x9b\x19:?\xc2\x1b\xfe$I\x19\x1a\x89\
\xeb\x04\x94=\xdf\xc4]5%I99\x03XE\xfc\
\xb03\xaff\x05p\xf2F^3I\x922\xf1~`\
1\xf1\x83\xcf\xa4\x8d}\x0e\xd8\xf8\xcb%IRvv\
\x07\xee'~\x0069\xb7\x03\xdb\x0f\xf5BI\x92\x94\
\xb5\xd1\xa4\xeb\xcek\x88\x1f\x86M\xca\x9av\xdf7\x1d\
\xfa%\x92$)?\xef\x07\x9e$~06!\x0b\x80\
\x03;zU$I*\xc0d\xe0\xa7\xc4\x0f\xc8:g\
&iq&I\x92J\xa5\x0f\xf8\x04\xe9\xc6\xb4\xe8a\
Y\xa7,\x00\x8e\xe9\xfce\x90$)\xc6D\xd25\xea\
W\x88\x1f\x9eU\xce\xcav\x1f]\xd2W\x92T)\xbb\
\x00\x97\x13?H\xab\x98\x9f\x01;\x0e\xbf\xe5\x92$\x95\
\xc7\xf1\xf8\xc8`\xa7\xb9\x0b8\xb4\xbb6K\x92T>\
-\xe0H\xe0N\xe2\x87l\x19s\x17p\x1c\xe9>\x0a\
I\x92j\xa7\x8ft p+\xf1C\xb7\x0c\xf9u\xbb\
\x1f\x92$5B\x1f\xf0\x01\xd2\xb5\xee\xa6\xed-\xb0\x02\
\xb8\x18\xd8\xbf\xe7.J\x92Tao\x04\xce\x04\x1e$\
~8\xe7\x99{\xdb\xdf\xe7V\xd9\xb4M\x92\xa4z\xe8\
\x03f\x00\xdf\xa7>\x9b\x0d-\x02\xbe\x0d\xbc+\xc3>\
I\x92T[\xfd\xc0~\xc0Y\xc0\xdd\xc4\x0f\xf2\xe1\xe4\
!\xd2\xf3\xfb\x07\x03#\xb2n\x8c$\xd5\x8dw?k\
cv\x22\xdd,\xb7?\xb07\xe9\xb2AY,$\xdd\
\xd48\x0b\xf8E\xfb\xd7\x92\xa4\x0ey\x00\xa0\xe1\xd8\x8e\
t \xb0.\xd3(f\x9d\xfcE\xa4G\xf6nm\xe7\
6\xe0\xe9\x02\xfe\x5cI\xaa-\x0f\x00\xd4\xab\x09\xc0\x14\
`*\xb0C\xfb\xc7\xa9\xc0\xf8\xf6\xc7F\x03\xa3H\x07\
\x0a#\x811\xc0R\xd2\x92\xbbK\x80\xe5\xed\x9f?O\
\xba\x07aA;\x0b\x81G\xda?_V\xc0\xf7!I\
\x8d\xf2\xff\x00\x0co\xa0nr\xef\xc6>\x00\x00\x00\x00\
IEND\xaeB`\x82\
\x00\x00\x02\xa3\
<\
?xml version=\x221.\
0\x22 encoding=\x22UTF\
-8\x22?>\x0a<svg xmlns\
=\x22http://www.w3.\
org/2000/svg\x22 id\
=\x22Layer_1\x22 data-\
name=\x22Layer 1\x22 v\
iewBox=\x220 0 24 2\
4\x22 width=\x22512\x22 h\
eight=\x22512\x22><pat\
h d=\x22M18,12.5c0,\
.829-.672,1.5-1.\
5,1.5H7.5c-.828,\
0-1.5-.671-1.5-1\
.5s.672-1.5,1.5-\
1.5h9c.828,0,1.5\
,.671,1.5,1.5Zm-\
6.5,3.5H7.5c-.82\
8,0-1.5,.671-1.5\
,1.5s.672,1.5,1.\
5,1.5h4c.828,0,1\
.5-.671,1.5-1.5s\
-.672-1.5-1.5-1.\
5ZM24,7.5v11c0,3\
.033-2.468,5.5-5\
.5,5.5H5.5c-3.03\
2,0-5.5-2.467-5.\
5-5.5V7.5C0,4.46\
7,2.468,2,5.5,2h\
.5v-.5c0-.829,.6\
72-1.5,1.5-1.5s1\
.5,.671,1.5,1.5v\
.5h6v-.5c0-.829,\
.672-1.5,1.5-1.5\
s1.5,.671,1.5,1.\
5v.5h.5c3.032,0,\
5.5,2.467,5.5,5.\
5Zm-3,11V9H3v9.5\
c0,1.378,1.121,2\
.5,2.5,2.5h13c1.\
379,0,2.5-1.122,\
2.5-2.5Z\x22/></svg\
>\x0a\
\x00\x00\x01\xe5\
\x89\
PNG\x0d\x0a\x1a\x0a\x00\x00\x00\x0dIHDR\x00\
\x00\x00\x18\x00\x00\x00\x18\x08\x06\x00\x00\x00\xe0w=\xf8\
\x00\x00\x00\x06bKGD\x00\xff\x00\xff\x00\xff\xa0\xbd\
\xa7\x93\x00\x00\x01\x9aIDATH\x89\xb5\x95\xbfN\
\x02A\x10\xc6\x7fX@\xa7\xad\x89\x1a,\xe8-\xb4!\
\xb1\x12x\x09\x1b_\x00\xa8\xb54\x01*\x1a\xb5\xd0\x07\
2\x9e&&ZY\xa8\x05\x98\xd8\x19\xff\x00\x85 \x09\
\x167\x0b\xc3\xb2\xb7wB\xfc\x92In\xe7\xbe\x9do\
fg\xf6\x0e\xa6\xd1\x00z@]\xf9r\xc0\xb3X.\
\x86\x1b\x8b>0\x02\xbe\x95\xefH|#y\xf6q\xbd\
\xd8P\x81\xfej\xebq\xc1\x0b\xc0\xc7\x02\x02\xef\xc0^\
T\xf0\xec\x82\xc1\xb5H\xd6%p\xa6H-\xa9&\x1d\
W\xb2p\x8a@[\xed?q\x11\x9f\x14\xa1\x90 \xb0\
\x8d\x92\xda\xff\xe8\x22\xfc(\x82\xc9\xbc\xc1dJ\x5c\xd6\
g2\x9ei\xe5\x1f\xb8\x04\xf4F\x83\xae'\xb8\xb1\x8e\
\xe2G\x8e\xec\x92\xb3h8\x8d\xcaF0\x10\x8eA\x93\
\xf0\xd25mb\xca\xca<\xe5\x09:\x17\xa2*\xf8w\
\x01\xbb\xc9\xba\xa9\x06\x19\xa0\x0a\x5c\x13\x1eOO\x9e+\
\xf2n\x8c\xa4M\xd6M]\x03\xee\x1d\x1ccw\xc2\x89\
\x14\xa8;*\xa8\xa9\xcc}\xc1\xb5H&J\xc0\x87j\
\x82\xe0\xc6\xca\xf3\x08\xdcx\x02\xbe\x02[\xc0\xae\xac\x83\
y\x04L\x7f\x8e\x81C`(\xeb6\x93\x1fR\x1e\xd5\
7C\xd0\x9f\x8a$\x02\xab\xb2\xde\x07\x1e\x80MYo\
\x03oZ\xe0E\x09\x14\x13\x08\x98#\xba\x04\x96\xadw\
y\xe0S\xc5\x0b\x00.\x94\xa3E\xf8u\xf4URQ\
\xfc[`\x07X\x01\x0e\x98\x1d\xef2RZ\x87\xe8\xc6\
\xd9\x17-C8\x82I\xc6t\x9ch\x09\xf8\x8a\xd9`\
_4\x9f\xc8\xd4E3\xc8\x02\xe7\x84\xd30d\xb6\x82\
\x9a\xc5O\xcb\x11\x04r4]\xe0J|\xe3\xcc\x7f\x01\
\x93\xd6\x11\xe2mh\xfe\x8d\x00\x00\x00\x00IEND\
\xaeB`\x82\
\x00\x001\xc1\
\x89\
PNG\x0d\x0a\x1a\x0a\x00\x00\x00\x0dIHDR\x00\
\x00\x02\x00\x00\x00\x02\x00\x08\x06\x00\x00\x00\xf4x\xd4\xfa\
\x00\x00\x00\x09pHYs\x00\x00\x0e\xc3\x00\x00\x0e\xc3\
\x01\xc7o\xa8d\x00\x00\x00\x19tEXtSof\
tware\x00www.inksca\
pe.org\x9b\xee<\x1a\x00\x00 \x00ID\
ATx\x9c\xed\xddy\xb4^u}\xef\xf1\xf7\xc9\x9c\
@\x12BB\x98!L2\xc9\x18\x07f\x94A\xd0:\
\x8b\x13\x0e\xb5V\x11\xb5\x94^m\xaf\xb6z\x0b\xf6\xde\
\xba\xd4V\xadm\xafK*U\x8b\xbd\x0e\x08*\x15'\
@P\x10\x90Yf\x82\x0ca\x86\x90\x99\xcc\x13\xf7\x8f\
\xdfI\x09\xe1$\xe7\xd9\xcf\xb3\xf7\xf3\xdd\xbf\xbd\xdf\xaf\
\xb5>\xeb\x1c\xb3\xd4\xf5=\xdfg\xef\xdf\xfe={\xf8\
\xed\x01$\xe5l\x22\xb03\xb0\x0b\xb0#\xb0\x1d0\x0d\
\x98\xba\xc1\xcf-\x80\xf1\xc0$`\xcc\xe0\xcf\x8d\xad\x06\
\x96l\xf0s%\xb0`0\xf3\x07\x7f\xce\x05\x1e\x01\x1e\
\x07\x1e\x03\x1e\x05\x16U\xf3gI\xaa\xda@t\x01\x92\
\x865\x06\xd8\x1f\xd8{\x83\xbc\x08\xd8\x13\x98\x1cX\x17\
\xa4\xc9\xc1}\x83\xf9\x030\x0b\xb8}\xf0\xe7\xea\xc0\xba\
$\x0d\xc3\x09\x80T/\xe3\x80\x97\x0c\xe6\xe0\xc1\xec\x07\
\x8c\x8e,\xaa\x0b\xab\x80;\x81\xdb\x80\x9b\x80\xeb\x80\xdf\
\x0f\xfe\xbb\xa4\x1ap\x02 \xc5\xda\x1a8\x068\x0a8\
\x02\x98I\xfa\xc6\xdfD+\x80[\x80\xdf\x01W\x00W\
\xe2%\x04)\x8c\x13\x00\xa9\xbf\xc6\x01G\x02'\x0c\xe6\
P`DhEq\xd6\x027\x93&\x03\x97\x00W\xe1\
\x19\x02IR\x83L\x03\xfe\x18\xf8!\xe9\x06\xbbg\xcd\
\x90Y\x04\x5c\x00\xfc\x09\xb0mW\x9d\x96$)\xd8t\
\xe0\xcf\x80_\x03k\x88?\xb8\xe6\x965\xa43\x03\x1f\
\x1e\xec\xa5$I\xb55\x19x\x1f\xf0\x0b<\xe8\x97=\
\x19\xb8l\xb0\xb7[v\xf8YH\x92T\xb9\x99\xc09\
xz\xbf\x1fY\x0e\x9cO\xba\x7f\xc2{\x98$I}\
\xb75\xf01\xe0n\xe2\x0f\x8am\xcd\x1f\x06?\x83)\
\xc3|V\x92$\xf5l\x7f\xd2\xb7\xfd\xa5\xc4\x1f\x00M\
\xcaR\xe0\xeb\xa45\x13$I*\xcd\x00\xf0j\xd2\xa3\
j\xeb\x88?\xe0\x99M\xe7R\xe0\xc4\xa1?FI\x92\
:3\x02x\x0b\xe9Y\xf5\xe8\x03\x9b)\x96\x9b\x81w\
\x02#_\xf0\xa9J\x92\xb4\x09#\x81w\x93\x96\xb2\x8d\
>\x90\x99\xder7\xf0\x0e\xda\xbb\xd8\x92$\xa9\x03\x03\
\xc0\x9b\xf0\xc0\xdf\xc4\xdc\x01\x9c\x82O\x0eH\x926r\
\x14im\xfa\xe8\x03\x95\xa967\x00\xc7\x22Ij\xbd\
\xbd\x80\x9f\x10\x7f`2\xfd\xcd\xa5\xc0\x8b\x91$\xb5\xce\
d\xe0\x8b\xa4\x97\xcfD\x1f\x8cLLV\x01_\x06&\
!Ij\xbc\x01\xd2\x92\xb2O\x11\x7f\x002\xf5\xc8\xe3\
\xc0\xa9H\x92\x1ako\xd2\x0bf\xa2\x0f8\xa6\x9e\xb9\
\x02\xd8\x07IRc\x8c\x05\xce\x02V\x10\x7f\x901\xf5\
\xcer\xe0\x93\xc0($IY;\x00\x17\xf21\xc5s\
+p(\x92\xa4\xec\x8c\x02>\x05\xac$\xfe`b\xf2\
\xcc*\xd26\xe4j\x82\x92\x94\x89\xbd\x80\xeb\x88?\x80\
\x98f\xe4*`W$I\xb5v\x0a\xb0\x80\xf8\x83\x86\
iV\x16\x01\xefA\x92T;\xe3\x81\xaf\x10\x7f\xa00\
\xcd\xcey\xc0\x04$I\xb5\xb0/\xe9\xa5/\xd1\x07\x07\
\xd3\x8e\xdc\x02\xec\x89$)\xd4\x9b\x80\xc5\xc4\x1f\x14L\
\xbb\xb2\x10x#R\xc6\xbc\xbbU\xb9\x1a\x00>\x01\x9c\
\x03\x8c\x0b\xaeE\xed3\x0ex;\xe9\xd2\xd3\xe5\xa4I\
\x81$\xa9b[\xe2\x0b|L}r>\xde\x17\xa0\x0c\
\xf9nl\xe5f'\xd2\xc1\xff\xe0\xe8B\xa4\x0d\xdc\x0c\
\xbc\x01x4\xba\x10\xa9SN\x00\x94\x93\x03\x81\x8b\x81\
\x9d\xa3\x0b\x91\x86\xf0\x04\xf0\x1a\xe0\xf7\xd1\x85H\x9d\x18\
\x11]\x80\xd4\xa1W\x03\xd7\xe0\xc1_\xf5\xb5=\xf0k\
\xe0\x15\xb1eH\x9dq\x02\xa0\x1c\xbc\x13\xb8\x08\xd8\x22\
\xba\x10i\x18\x93\x81_\x92\xb6Y\xa9\xd6|\x0a@u\
\xf7Q\xe0\xeb\xf8v6\xe5c$\xe9\xf1\xd49\xc0\x8d\
\xc1\xb5H\x9b\xe4\x04@u\xf6i\xe0\x1f\xf1^\x15\xe5\
g\x00\xf8#\xd2\x1a\x15\xbf\x0b\xaeE\x1a\x92\x13\x00\xd5\
\xd5\xd9\xc0g\xa2\x8b\x90z0\x00\x9c4\xf8\xfbo\x22\
\x0b\x91\x86\xe2\x04@u\xf4\xbf\x81\xbf\x8d.B*\xc9\
+H\xf7[\xfd:\xb6\x0c\xe9\xf9\x9c\x00\xa8n\xfe\x9e\
\xf4\x0ev\xa9I\x8e\x05V\x93^-,\xd5\x82\x13\x00\
\xd5\xc9\xa7\x80\xb3\xa2\x8b\x90*r<\xb0\x1c\xb8:\xba\
\x10\x09\x9c\x00\xa8>>\x0c|1\xba\x08\xa9b'\xe0\
\xd3\x01\xaa\x09'\x00\xaa\x83S\x81s\xf1n\x7f5\xdf\
\x00i\xb5\xc0\x07\x80\xdb\x82kQ\xcb9\xe0*\xda\xc9\
\xc0\x7f\x01\xa3\xa3\x0bi\xb0\x85\xc0\x5c`\xd1\xe0\xef\xcf\
\x92\xaeG/!\xdd\x9c6\x19\x18CZhi<\xe9\
Mw\x13\x81m\x22\x8am\x89\x95\xa4m\xff\xd7\xc1u\
\xa8\xc5\x9c\x00(\xd2\xc1\xc0\x95\xa4\x83\x8d\xba7\x87\xf4\
mr\x160{\x83<\x02\xcc\x03\xd6t\xf9\xff;\x8e\
\xf4\xf2\xa5\x9d\x80]H\xcb0\xef\x04\xec\x0f\x1c\x04L\
\xea\xbed\x91&dG\x03\xb7G\x17\xa2vr\x02\xa0\
(;\x93\x16H\xd9!\xba\x90\xcc\xcc\x05\xae%\xbd\x17\
\xe1&\xd2\x81\xff\xa9\x80:\x06\x80\xdd\x81CH\x13\xb9\
\x83\x80\xc3\x81\xa9\x01\xb5\xe4\xec1\xe00|\x8b\xa0\x02\
8\x01P\x84I\xc0o\x81\x03\xa2\x0b\xc9\xc0b\xe02\
\xe0\x17\xa4G\xc8f\x91N\xe1\xd7\xd1\x08\xe0P\xd2\x8d\
n'\x00G\x92\xce\x22h\xf3n&\x9d\x09X\x16]\
\x88$Ui\x04\xe9\x9a\xff\xb3f\x93y\x00\xf8<\xe9\
\xd9\xf1\x9c\xdf\x810\x1e8\x11\xf8\x17\xe0I\xe2\xfbZ\
\xe7\x9c\x8f_\xc8$5\xdc\xdf\x11?\xd8\xd61\x0f\x93\
\xde{\xf0\xb2\xee[[k#I\x93\x81o\x00\x0b\x88\
\xefw\x1dsV\xd7\xdd\x95\xa4\x9a{\x13\xb0\x8e\xf8\x81\
\xb6.Y\x0d\xfc\x88\xf4XX\x9b\x1e\xc9\x1d\x0b\xbc\x01\
\xf8)\xb0\x96\xf8\xcf\xa1.Y\x07\xbc\xb1\x87\xbeJR\
-\xed\x03<C\xfc [\x87<E\xfa\xb6\xe7\x0d\x90\
\xb0\x17\xf0\xcf\xa4{\x1d\xa2?\x97:d!\xb0GO\
\x1d\x95\xa4\x1a\x19O\xba[=zp\x8d\xce]\xc0\x07\
\xf1\xc6\xb8\xa1L\x02\xce\x04\xee#\xfes\x8a\xce-\xa4\
}F\x92\xb2w.\xf1\x83jd\xee\x00\xde\x827y\
ub$\xf0>\xe0A\xe2?\xb7\xc8\x9c\xdbc\x1f%\
)\xdc\xbb\x89\x1fL\xa32\x8b\xb4\xcc\xf1\x88\x9e\xbb\xd8\
>c\x80\x8f\x02\x8f\x13\xff9F\xe5\xd4\x9e\xbb(I\
Av\xa7\x9d\xd7v\xe7\x01g\xe0\xf2\xc6e\x98\x00\xfc\
O`>\xf1\x9fk\xbf\xb3\x00\xd8\xb5\xf7\x16JR\x7f\
\x8d \xads\x1e=\x88\xf63\xab\x81sp\x0d\xfd*\
lM\xeam\xdb\x9e\x22\xb9\x8av=!\x22\xa9\x01>\
I\xfc\xe0\xd9\xcf\xdc@Z\x0eW\xd5z%p7\xf1\
\x9fw?\xf37\xa5tN\x92\xfa\xe0`\xd2\xdb\xce\xa2\
\x07\xce~d)\xf0q\xfc\x96\xd6Oc\x81O\x93\x96\
\xce\x8d\xfe\xfc\xfb\x91\x95\xc0\x81\xa5tN\x92*4\x8a\
\xf4\x18S\xf4\xa0\xd9\x8f\x5c\x83\xcflG\xda\x87\xb4\x8e\
~\xf4v\xd0\x8f\xdc@\xde\xcbBKj\x81\xbf!~\
\xb0\xac:\xab\x81\xcf\xe1M~u0\x1a8\x9bv\xac\
(\xf8\xc9rZ&I\xe5\xdb\x1bXN\xfc@Ye\
f\x93^{\xabz9\x99\xe6\xbfph9\xe9\xac\x87\
$\xd5\xca\x00p%\xf1\x83d\x95\xb9\x04\x98VV\xc3\
T\xbamI\x9fQ\xf4vRe./\xad[\x92T\
\x92?&~p\xac*\xeb\x80\xaf\xe05\xd8\x1c\x8c$\
]\x9e\x89\xdef\xaa\xcc;K\xeb\x96$\xf5h\x12\xf0\
\x04\xf1\x03c\x15Y\x0e\xbc\xbd\xbcV\xa9ON\x07V\
\x11\xbf\xfdT\x91\xc7H\xfb\x9c$\x85\xfb\x22\xf1\x83b\
\x15y\x1a8\xb2\xc4>\xa9\xbf\x8e\xa7\xb9+\x08~\xa9\
\xc4>IRW\xf6\xa3\x99\xdf\xb4\xee\x05\xf6,\xb1O\
\x8a\xf1\x22\x9a\xf9\x86\xc1U\x83\x7f\x9b$\x85\xb9\x98\xf8\
\xc1\xb0\xec\xdc\x05\xecPf\x93\x14j;\xd2\x1b\x19\xa3\
\xb7\xab\xb2\xf3\xc32\x9b$IE\x1cC\xfc Xv\
n\xc2;\xfd\x9bh:p\x1b\xf1\xdbW\xd99\xae\xcc\
&IR'\x06\x80\xeb\x88\x1f\x00\xcb\xcc\xd5\xc0\xe42\
\x9b\xa4Z\x99F\xf3V\xa9\xbc\x8e\xb4/JR\xdf\xbc\
\x8d\xf8\xc1\xaf\xcc\xdc\x80\x07\xff6\x98\x02\x5cO\xfc\xf6\
Vf\xdeRj\x87$i3F\xd2\xac7\xb2\xdd\x06\
L-\xb5C\xaa\xb3\xc9\xc0\xad\xc4owe\xe5\x0e\xd2\
\xeb\xb7%\xa9r\xef$~\xd0++\xf7\x92V\x90S\
\xbb\xecBz\x9e>z\xfb++o+\xb7=\x92\xf4\
B#\x80\xdb\x89\x1f\xf0\xca\xc8\x5c|\x94\xaa\xcd^\x0c\
, ~;,#w\xe2Y\x00I\x15{;\xf1\x83\
]\x19Y\x8e\x8b\xfc(\xddE\xbf\x92\xf8\xed\xb1\x8cx\
\x16@Re\x06\x80\xdf\x13?\xd0\xf5\x9au\xb8\xbc\xaf\
\x9e\xf3.\xd26\x11\xbd]\xf6\x9a\x1b\xcbn\x8c$\xad\
w\x12\xf1\x83\x5c\x19\xf9l\xd9\x8dQ\xf6\xbeL\xfcv\
YF\x8e/\xbb1\x92\x04p)\xf1\x03\x5c\xaf\xb9\x8c\
\xf4\x14\x83\xb4\xa1\xd1\xc0U\xc4o\x9f\xbd\xe6\x17e7\
F\x92\x0e\x22~p\xeb5\xb3q\x95?m\xdaN\xc0\
\x1c\xe2\xb7\xd3^\xb2\x0e8\xb0\xec\xc6Hj\xb7o\x11\
?\xb8\xf5\x92\xd5\xc0\x11e7E\x8d\xf3*`-\xf1\
\xdbk/9\xa7\xf4\xaeHj\xad\xa9\xc02\xe2\x07\xb6\
^rv\xd9MQc}\x86\xf8\xed\xb5\x97,\x01\xb6\
*\xbd+\x92Z\xe9\xe3\xc4\x0fj\xbd\xe4z\xd25^\
\xa9\x13\xa3Hw\xd4Go\xb7\xbd\xe4/J\xef\x8a\xa4\
\xd6\x19 \xad\x96\x17=\xa0u\x9b\xa5\xc0\x1e\xa5wE\
Mw\x08\xe9\xb2Q\xf4\xf6\xdbmf\xe1K\x82$\xf5\
\xe8\x04\xe2\x07\xb3^\xf2\xf1\xf2[\xa2\x96\xf8{\xe2\xb7\
\xdf^rL\xf9-\x91\xd4&\xffI\xfc@\xd6mn\
!\x9d\xce\x95\xba1\x96\xf4\xa2\x9d\xe8\xed\xb8\xdb\xfc{\
\xf9-\x91\xd4\x16\x13I7\x14E\x0fd\xddd5\xe9\
\xd1E\xa9\x17\x87\x01k\x88\xdf\x9e\xbb\xc9b`\x8b\xf2\
[\x22\xa9\x0d\xfe\x84\xf8A\xac\xdb\xfcs\x05\xfdP;\
\x9dK\xfc\xf6\xdcm\xde[A?$\xb5\xc0\xe5\xc4\x0f\
`\xddd\x1e\xb0u\x05\xfdP;\xed@\xbeg\xc2.\
\xa9\xa0\x1f\x92\x1an;\xf2]\x10\xe5\xcf*\xe8\x87\xda\
\xed\xef\x88\xdf\xae\xbb\xc9\x1a`z\x05\xfd\x90\xd4`\x1f\
%~\xf0\xea&\xb3\xf0\x99\x7f\x95oK\xe0\x09\xe2\xb7\
\xefnrZ\x05\xfd\x90\xd4`W\x10?pu\x93S\
\xabh\x86\x04|\x88\xf8\xed\xbb\x9b\x5cZE3$5\
\xd36\xe4y\xe7\xf3\x1d\xc0\x88\x0a\xfa!Az\xa4\xf4\
\x1e\xe2\xb7\xf3\xa2Y\x8d/\xc1\xd2\x10\x1c,5\x94\xd7\
\x93\xe7+s\xcf\x22\xbd\x0dM\xaa\xc2\x1a\xe0\x1f\xa3\x8b\
\xe8\xc2(\xe0\xd5\xd1EH\xca\xc3\x0f\x89\xff\xd6R4\
\xf7\xe0\x84V\xd5\x1b\x0b<N\xfc\xf6^4\xdf\xab\xa2\
\x19\x92\x9ae4\xb0\x90\xf8\x01\xabh>PE3\xa4\
!\xfc5\xf1\xdb{\xd1,\xc4\x9bc%\x0d\xe38\xe2\
\x07\xab\xa2y\x0a\x18_E3\xa4!L\x22\xcfI\xf2\
+*\xe8\x852\xe6)Sm,\xc7k\x85_\x05\x96\
G\x17\xa1\xd6XL\x9e\xeb\xec\xbf*\xba\x00I\xf5v\
\x0b\xf1\xdfT\x8ad5i\xa56\xa9\x9fv%\xbf\x85\
\xb2\xae\xad\xa4\x13\x92\x1aa\x0a\xf9\x0dj?\xaa\xa4\x13\
\xd2\xf0.#~\xfb/\x92\xd5\xa4\xcb\x17\x12\xe0%\x00\
=\xdf1\xe4\xb7M|=\xba\x00\xb5\xd6y\xd1\x05\x14\
4\x0a8:\xba\x08\xd5Gn\x83\xbd\xaauLt\x01\
\x05=\x02\xfc2\xba\x08\xb5\xd6\x85\xa4\x97\x04\xe5\xe4\x15\
\xd1\x05\xa8>\x9c\x00hC\xb9M\x00\xce']\xb2\x90\
\x22,\x05.\x88.\xa2\xa0\xc3\xa3\x0b\x90T?\xe3\x80\
U\xc4_\xa7,\x92\x97V\xd2\x09\xa9s\xaf$~?\
(\x92\xe5\xc0\x98J:!)[\x87\x11?8\x15\xc9\
\x03\xc0@%\x9d\x90:7\x02x\x94\xf8\xfd\xa1H^\
RI'\x94\x1d/\x01h\xbd\xdc\xbeM_@\x1a\xcc\
\xa4H\xeb\x80\x9fG\x17Q\xd0a\xd1\x05\xa8\x1e\x9c\x00\
h\xbd\x97E\x17P\xd0\xc5\xd1\x05H\x83r\x9b\x00\xcc\
\x8c.@R\xbd\xdcA\xfc\xa9\xc9N\xe3\xba\xe6\xaa\x93\
I\xc0J\xe2\xf7\x8bNsS5mPn<\x03 \
H\x07\xd3\xbd\xa2\x8b(\xe02\xd2\xa2&R\x1d,\x06\
\xae\x8e.\xa2\x80\xfdIk\x02\xa8\xe5\x9c\x00\x08\xe0E\
\xe4ug\xb0\xcf\xfe\xabn~\x16]@\x01cI\xfb\
\xbcZ\xce\x09\x80\x00^\x1c]@AWE\x17 m\
\xe4\x92\xe8\x02\x0a: \xba\x00\xc5s\x02 H\xa7\x04\
s1\x17\x98\x15]\x84\xb4\x91;\x81g\xa2\x8b(\xc0\
3\x00r\x02  \xaf\xeb\xff\xd7\xe0\xe3\x7f\xaa\x9f\xb5\
\xc0\xcd\xd1E\x14\xb0Gt\x01\x8a\xe7\x04@\x00\xbbG\
\x17P\xc05\xd1\x05H\x9bpCt\x01\x05\xe44\xe9\
WE\x9c\x00\x08\xf2\x9a\x00\xe4\xf4-K\xedr}t\
\x01\x05\xec\x19]\x80\xe29\x01\xd0D`Zt\x11\x05\
\xdc\x1e]\x80\xb4\x099\x9d\x01\x98\x0el\x19]\x84b\
9\x01\xd0n\xd1\x05\x140\x07x2\xba\x08i\x13f\
\x93nR\xcd\xc5\x8e\xd1\x05(\x96\x13\x00\xe54\x08\xdc\
\x1a]\x804\x8c{\xa3\x0b( \xa7}_\x15p\x02\
\xa0\xed\xa2\x0b(\xc0\xc7\xffTw\x0fD\x17P\x80\x13\
\x80\x96s\x02\xa0\xe9\xd1\x05\x14\xf0Pt\x01\xd20\xee\
\x8f.\xa0\x00'\x00-\xe7\x04@\xdbG\x17P\xc0\x83\
\xd1\x05H\xc3\xc8i\x1b\xcd\xe9\xe6_U\xc0\x09\x80\xb6\
\x89.\xa0\x00\xcf\x00\xa8\xeer:\x0305\xba\x00\xc5\
r\x02\xa0\xc9\xd1\x05\x14\xf0Ht\x01\xd20r\xba\x07\
`\xeb\xe8\x02\x14\xcb\x09\x80r\x99\x00<\x0b\xcc\x8b.\
B\x1a\xc6\x9c\xe8\x02\x0a\x98\x12]\x80b9\x01\xd0\xa4\
\xe8\x02:\xb4\x08X\x13]\x844\x8c5\xc0\xd2\xe8\x22\
:\xe4\x04\xa0\xe5\x9c\x00(\x973\x009-\xb0\xa2v\
[\x1c]@\x87\xc6G\x17\xa0XN\x004!\xba\x80\
\x0e\xcd\x8f.@\xea\xd0\xa2\xe8\x02:\xe4\x04\xa0\xe5\x9c\
\x00hLt\x01\x1dZ\x1e]\x80\xd4\xa1\x5c\xce\x00\x8c\
\x8b.@\xb1\x9c\x00hTt\x01\x1dZ\x15]\x80\xd4\
\xa1\x5c\xce\x008\x01h9'\x00r\x02 \x95kE\
t\x01\x1d\xca\xe5\xec\x9f*\xe2\x04@\xa3\xa3\x0b\xe8\xd0\
\xca\xe8\x02\xa4\x0e\xe52\xa9~6\xba\x00\xc5r\x02\xa0\
\x5c\x06\x01\xb7U\xe5bdt\x01\x1d\xcae\xdfWE\
\x1cT\x95\xcb\xa9u\xefXV.<\x03\xa0,8\x01\
P.\xa7\xd6sy\x5cQ\xf2\x0c\x80\xb2\xe0\x04@\x9e\
\x01\x90\xca\x95\xcb}5\xb9\xdc\xac\xa8\x8a8\x01\x90g\
\x00\xa4r\x8d\x8d.\xa0C\xae\xad\xd1rN\x00\xe4\x19\
\x00\xa9\x5c\xd3\xa3\x0b\xe8P.\xef,PE\x9c\x00(\
\x97\xd3\x80\x13\xa3\x0b\x90:\xb4Mt\x01\x1dZ\x16]\
\x80b9\x01P.k\xecO\xc5\x95\xcbT\x7f\x93\xc9\
g;\xf5\x0c@\xcb9\x01P.o\xd9\x1b\x00v\x8a\
.B\x1a\xc6\xb6\xd1\x05\x14\x90\xcb\xbe\xaf\x8a8\x01\xd0\
\xbc\xe8\x02\x0a\xd89\xba\x00i\x189M\x00r\xda\xf7\
U\x01'\x00\xca\xe9[\x80g\x00Tw9M\x00r\
\xb9\xfc\xa7\x8a8\x01PN\xdf\x02<\x03\xa0\xba\xdb;\
\xba\x80\x02\x9e\x8e.@\xb1\x9c\x00(\xa73\x00\xbbD\
\x17 \x0dc\xdf\xe8\x02\x0a\x98\x13]\x80b9\x01\xd0\
\x13\xd1\x05\x14\xb0_t\x01\xd20r\x9a\x00<\x12]\
\x80b9\x01\xd0\xec\xe8\x02\x0a8\x88\xf44\x80TG\
#\xc8\xeb\x12\xc0\xc3\xd1\x05(\x96\x13\x00=D>/\
\x05\x99\x04\xec\x1e]\x84\xb4\x09\xbb\x00[D\x17Q\x80\
g\x00Z\xce\x09\x80V\x90\xd7e\x80\x83\xa3\x0b\x906\
!\xa7KT\xf3p%\xc0\xd6s\x02 \xc8\xeb2\x80\
\x13\x00\xd5\xd5\xe1\xd1\x05\x14p_t\x01\x8a\xe7\x04@\
\x00\x0fF\x17P\x80\x13\x00\xd5\xd5Q\xd1\x05\x14po\
t\x01\x8a\xe7\x04@\x00\x0fD\x17P\xc0\xe1\xb8\xdd\xaa\
~\xc6\x00/\x8f.\xa2\x80Y\xd1\x05(\x9e\x03\xa9\x00\
\xee\x88.\xa0\x80\xa9\xc0!\xd1EH\x1by\x09y\xbd\
\xb2\xda\x09\x80\x9c\x00\x08\x80\xdb\xa2\x0b(\xe8\xc4\xe8\x02\
\xa4\x8d\xe4t\xfa\x1f\x9c\x00\x08'\x00J\xfe\x00,\x8f\
.\xa2\x80\x13\xa2\x0b\x906rLt\x01\x05\xac\x04\xee\
\x89.BR}\xdc@Z\x0f \x87,'\xaf\xd3\xad\
j\xb6\x09\xc0R\xe2\xf7\x8bNsC5mPn<\
\x03\xa0\xf5r\xba\x0c0\x8e\xfcN\xb9\xaa\xb9N&M\
\x02rqKt\x01\xaa\x07'\x00Z/\xa7\x09\x00\xc0\
\xeb\xa3\x0b\x90\x06\xbd!\xba\x80\x82n\x8d.@R\xbd\
\x1cF\xfc\xa9\xc9\x22y\x12\x18YI'\xa4\xce\x8d\x22\
\xad\xaa\x17\xbd?\x14IN\x8f+J\xea\x83\xd1\xe4u\
\x1d\xf3Y|\x1a@\xf1N ~?(\x92e\xa45\
\x0b$/\x01\xe8\xbf\xad\x06n\x8c.\xa2\xa0wD\x17\
\xa0\xd6{St\x01\x05\xdd\x08\xac\x8a.B\xf5\xe0\x04\
@\x1b\xba:\xba\x80\x82N!\xdd\x10(E\x18O~\
\x93\xd0\xdc\xf6qU\xc8\x09\x806tMt\x01\x05M\
\x02N\x8a.B\xadu\x0a\xb0ut\x11\x05]\x1b]\
\x80\xa4z\x9a\x02\xac%\xfe:e\x91\xfc\xb4\x92NH\
\xc3\xbb\x8a\xf8\xed\xbfH\xd6\x90\xf6qI\x1a\xd2\xcd\xc4\
\x0fTE\xb2\x0e\xd8\xbb\x92NH\x9b\xb6\x0fi\xdb\x8b\
\xde\xfe\x8b\xc4o\xffz\x1e/\x01hc?\x8f.\xa0\
\xa0\x01\xe0\xa3\xd1E\xa8uN#m{9\xb94\xba\
\x00I\xf5v\x14\xf1\xdfT\x8af1\xe9~\x00\xa9\x1f\
\xb6\x00\xe6\x12\xbf\xdd\x17MN\xef+\x90\x14`\x140\
\x9f\xf8\xc1\xaah\xce\xac\xa2\x19\xd2\x10>F\xfc\xf6^\
4\x8b\xf0\xf9\x7fI\x1d8\x9f\xf8\x01\xabh\xee\xc3\x95\
\x01U\xbdq\xc0\xe3\xc4o\xefE\xf3\xfd*\x9a\xa1\xbc\
y\x0f\x80\x86\x92\xdb}\x00\x00{\x00\xef\x89.B\x8d\
\xf7\xa7\xc0\xf6\xd1Et\xe1\xa2\xe8\x02$\xe5a:i\
e\xc0\xe8o-E\xf3 \x9e\xe6TuF\x03\xb3\x89\
\xdf\xce\x8bf5>\xfe\xa7!x\x06@C\x99\x03\x5c\
\x11]D\x17f\x00\x1f\x8c.B\x8d\xf5\x1e`\xd7\xe8\
\x22\xbap%\xb0 \xba\x08I\xf9\xf8\x00\xf1\xdf\x5c\xba\
\xc9\xe3\xe4\xf5nv\xe5a<\xe9\x0cS\xf4\xf6\xddM\
N\xaf\xa0\x1f\x92\x1al\x0a\xb0\x92\xf8\xc1\xab\x9b\xfcU\
\x05\xfdP\xbb\x9dE\xfcv\xddMV\x93.\xe9IR\
!?#~\x00\xeb&\xf3q\xd0Syv&\xbfW\
e\xaf\xcf\xcf*\xe8\x87\x1a\xc2{\x00\xb49\xe7G\x17\
\xd0\xa5)\xc0?D\x17\xa1\xc6\xf8\x02\xf9^V\xfaN\
t\x01\x92\xf24\x09x\x86\xf8o1\xddd\x1d\xf0\xca\
\xf2[\xa2\x969\x92\xfc\xd6\xfc_\x9f%\xc0\xc4\xf2[\
\x22\xa9-\xce%~ \xeb6w\x03c\xcbo\x89Z\
b4\xf9\xbd\x1ck\xc3|\xa3\xfc\x96Hj\x93\xc3\x88\
\x1f\xc8z\xc9\xa7\xcbo\x89Z\xe2l\xe2\xb7\xdf^r\
D\xe9\x1d\x91\xd4:\xb7\x12?\x98u\x9be\xa4W\xb7\
JE\xcc\x04V\x11\xbf\xfdv\x9b;\xcbo\x89\x9a\xc6\
\x9b\x00\xd5\x89s\xa3\x0b\xe8\xc1x\xd2\xcd\x8c\xe3\xa2\x0b\
Q6\xc6\x02\xdf$]\x02\xc8\xd5\xbfG\x17 \xa9\x19\
\xa6\x90\xbeIG\x7f\xab\xe9%_*\xbd+j\xaa\x7f\
 ~{\xed%K\x81\xadK\xef\x8a\xa4\xd6\xfa\x1a\xf1\
\x03[/Y\x07\x9c\x5czW\xd44\xc7\x00k\x89\xdf\
^{\xc9\xd7J\xef\x8a\xa4V{\x11\xf9\x0f\x8cO\x01\
\xdb\x95\xdd\x185\xc6v\xc0\xa3\xc4o\xa7\xbdd\x1d\xb0\
o\xd9\x8d\x91\xa4\x1f\x13?\xc0\xf5\x9aK\x80\x91e7\
F\xd9\x1b\x0b\x5cC\xfc\xf6\xd9k~Qvc$\x09\
\xe0h\xe2\x07\xb82\xf2\x95\xb2\x1b\xa3\xec\x9dC\xfcv\
YF^Uvc$i\xbdk\x89\x1f\xe4\xca\xc8\x87\
\xcbn\x8c\xb2\xf5!\xe2\xb7\xc72r30Pro\
$\xe9\xbf\xbd\x99\xf8\x81\xae\x8c\xac\x02\x8e/\xb97\xca\
\xcf\x91\xc0\x0a\xe2\xb7\xc72\xf2\xc6\x92{#I\xcf3\
\x00\xdcB\xfc`WF\xe6\x93nnT;\xbd\x18\x98\
G\xfcvXF\xee\xc4u]$\xf5\xc1\xeb\x89\x1f\xf0\
\xca\xca}\xc0\x0e\xe5\xb6G\x19\xd8\x1dx\x8c\xf8\xed\xaf\
\xac\xbc\xb3\xdc\xf6H\xd2\xa6\xfd\x8e\xf8A\xaf\xac\xdc\x0b\
l_n{Tc\xd3\x81Y\xc4owe\xe56\xfc\
\xf6/\xa9\x8fN&~\xe0+3w\x03\xdb\x96\xda!\
\xd5\xd1d\xf2~\xc3\xdfPym\xa9\x1d\x92\xa4\x0e\xfc\
\x96\xf8\xc1\xaf\xcc\xdcBZ\xf6X\xcd\xb4\x15\xcdx\xd6\
\x7f\xc3\x5c]j\x87$\xa9CG\x90V\x1e\x8b\x1e\x04\
\xcb\xcc\xf58\x09h\xa2\xed\xc8\xfb\xad\x96\x9b\xca1e\
6I\x92\x8a\xf8\x7f\xc4\x0f\x82e\xe7.`\xd72\x9b\
\xa4P3H\xf7yDoWe\xe7G%\xf6H\x92\
\x0a\xdb\x11XB\xfc`Xv\x1e\x07\x0e)\xb1O\x8a\
\xb1\x1f\xf0\x08\xf1\xdbS\xd9Y\x09\xecUb\x9f$\xa9\
+\x7fK\xfc\x80XE\x16\x02\xc7\x95\xd8'\xf5\xd7\x91\
\xa4\xb5\x1e\xa2\xb7\xa3*\xf2\xf9\x12\xfb$I]\x9b\x00\
<D\xfc\xa0XEV\x02\xef*\xafU\xea\x93\x0f\xd2\
\x9c\x15\xfe6\xce\x13\xc0\xa4\xf2Z%I\xbd9\x85\xf8\
\x81\xb1\xaa\xac\x03\xbe\x0c\x8c.\xad[\xaa\xcaX\x9a\xf3\
b\x9fM\xe5\xdd\xa5uK\x92J\xf2#\xe2\x07\xc7*\
s\x03\xe9\x862\xd5\xd3\x0e4\xef1\xbf\x8ds9\xbe\
\xf0GR\x0d\xedH\xban\x1e=HV\x999\xf8\xca\
\xd5::\x86t\xe3f\xf4\xf6Qe\x96\x01{\x94\xd5\
0I*\xdb\xe9\xc4\x0f\x94Ug-\xf0\x19\xbc$P\
\x07\xe3\x80/\x90>\x93\xe8\xed\xa2\xea|\xb2\xa4\x9eI\
R%F\x00W\x12?X\xf6#\xb7\xe0\xa3\x82\x91f\
\x02w\x10\xbf\x1d\xf4#7\xe1\x84SR\x06\xf6\x06\x96\
\x12?h\xf6#\xab\x81\xbf'\xdd|\xa6\xfe\x18\x0d\x9c\
\x05\xac\x22\xfe\xf3\xefGV\x00\xfb\x97\xd29I\xea\x83\
\x8f\x10?p\xf63w\x02\x87\x95\xd29m\xceQ4\
\xefe>\xc3\xe5\xafJ\xe9\x9c$\xf5\xc9\x00\xf0\x13\xe2\
\x07\xcf~f-p.\xe9nt\x95kg\xe0;4\
\xef\xdd\x13\xc3\xe5\xb7\xc0\xc8\x12\xfa'I}\xb5\x0di\
\xd1\x92\xe8A\xb4\xdfY\x0a|\x0e\x17k)\xc3x\xe0\
\x13\xc0b\xe2?\xd7~g!\xb0[\xef-\x94\xa4\x18\
\xaf\xa6}\xdf\xda\xd6\xe7\x09\xe0C\xc0\xa8\x9e\xbb\xd8>\
\xa3\x81\xf7\x03\xb3\x89\xff\x1c\xa3\xf2\xb6^\x9b(I\xd1\
\xfe\x89\xf8\xc142\xf7\x00\x1f\xc0\x1b\x05;1\x8et\
\xff\xc8l\xe2?\xb7\xc8|\xad\xc7>JR-\x8c&\
]\xcb\x8c\x1eT\xa3\xf3\x04\xe9Y\xee\xadzkg#\
m\x01|\x8c\xe6/\xe6\xd3In#]\xfa\x90\xa4F\
\xd8\x1e\x07\xf7\xf5Y\x0c|\x11\xd8\xa5\xa7\x8e6\xc3\xbe\
\xc0\x97\x80\xb9\xc4\x7f.u\xc8\x02|\xcd\xaf\xa4\x06:\
\x9c\xf4v\xbd\xe8A\xb6.YK:3r\x1a\xb0e\
\x0f}\xcd\xcdX\xe0\xad\xc0\xa5\xb4\xf7\xfe\x90Mm\x0f\
\xaf\xed\xa1\xaf\x92Tkg\x10?\xd0\xd61\xcf\x00\xdf\
\x02^IZM\xb1iF\x01\xc7\x03\xff\x17\x98O|\
\xbf\xeb\x98\xb3\xba\xee\xae$e\xe2[\xc4\x0f\xb6u\xce\
\xa3\xc0\xd7\x817\x03\x13\xbbkq-L\x00\xde\x04\xfc\
\x070\x8f\xf8\xbe\xd69?\xa2\x99\x13?\xd5\x98\xaf\x95\
T\x841\xc0/H\xdfv\xb5y\xabI\x97\x09~N\
\xea\xd9]\xa4S\xc5u4\x06x\x09i\xb5\xbec\x80\
\xe3\xf0f\xb6N\xdc\x04\x1cKZ?B\xea\x1b'\x00\
\x8a\xb2\x15p5\xb0_t!\x99YB:`\xdc0\
\x98\xebI\x8f\xcc\xf5\xdb\x00\xb0+\xe9\xf3;\x8ct\xc0\
\x7f\x19\x1e\xf0\x8bz\x98\xd4\xbf'\xa2\x0bQ\xfb8\x01\
P\xa4\x19\xc0\xef\x80m\x83\xeb\xc8\xdd\x5c\xe0^\xe0\x81\
\xc1\xdc\xbf\xc1\xefO\xd1\xfd\x19\x83I\xa4\xa77\xb6\x19\
\xfc\xb9\x17\xe9\x80\xbf/\xb0\x0f\xe9\x14\xbf\xba\xb7\x98t\
\xb6\xe4\xf6\xe8B\xd4NN\x00\x14\xed\xa5\xc0\xaf\xf1`\
R\xa5\xa5\xa4\x83\xcd\xa2\x0d~.\xe5\x85O\x1elA\
\xbaC\x7f\x9b\xc1\x8c\xebc\x8dm\xb3\x12x\x0dpy\
t!j/'\x00\xaa\x83\x13I/\x0er\xa5<\xb5\
\xc1Z\xe0\x9d\xc0\x0f\xa2\x0bQ\xbby\xd7\xa9\xea\xe0R\
\xe0\x1d\xc0\x9a\xe8B\xa4\x8a=\x0b\x9c\x8e\x07\x7f\xd5\x80\
\xaf\x99T]\xdc\x03<\x08\xbc\x11\xcfL\xa9\xb9\xfe'\
\xf0\xaf\xd1EH\xe0\x04@\xf5r\x1b\xf0\x08\xf0z\x9c\
\x04\xa8y>\x0d|>\xba\x08i='\x00\xaa\x9b\xdf\
\x93\xde\x83~\x12N\x02\xd4\x1c\x9f\x02>\x1b]\x84\xb4\
!'\x00\xaa\xa3\xeb\x80'IwI;\x09P\xee>\
\x8d\x07\x7fI*\xe4\x1d\xc0*\xe2\x97i5\xa6\x9b\xac\
\x03>\x8e$\xa9+\xaf\x03\x96\x13?\x98\x1bS$k\
\x80\x0f I\xea\xc9\xc9\xa4%p\xa3\x07uc:\xc9\
J\xd2\xeb\x8e\xa5Z\xf3\xfa\xaarq\x10p1\xb0S\
t!\xd2f<\x03\xbc\x8d\xf4\xe2&\xa9\xd6\x9c\x00(\
';\x02?%M\x06\xa4\xbay\x0cx-\xe9I\x16\
\xa9\xf6\x5c\x09P9y\x0c8\x1a\xbf]\xa9~n#\
\xbd\xd5\xcf\x83\xbf\xb2\xe1c\x80\xca\xcd*\xd22\xaa;\
\x03\x07\x07\xd7\x22\x01\x9cOZ\xbcj^t!\x92\xd4\
\x16\xa7\x91n\xb8\x8a\xbe\xe9\xcb\xb43\xeb\x80\xcf\xe1\xa5\
TI\x0aq$\xe9\xd2@\xf4\xc1\xc0\xb4+\x8b\x817\
 I\x0a\xb5\x0d\xf0+\xe2\x0f\x0a\xa6\x1d\xb9\x19\xd8\x13\
)s\xde\x03\xa0&X\x06|\x17\xd8\x92t#\x96\xa7\
dU\x95\xaf\x92\x1e\xf3{:\xba\x10I\xd2\xf3\x9d\x04\
<A\xfc\xb7D\xd3\xac,\xc4\xc5}$\xa9\xf6\xb6\x01\
.\x22\xfe\xa0a\x9a\x91\xab\x81=\x90$e\xe3\xbd\xb8\
\x84\xb0\xe9>\xab\x80\xb3\xf1R\xa9$eio\xe07\
\xc4\x1fLL^\xb9\x098\x10IR\xd6\x06Hg\x03\
\xe6\x11\x7f`1\xf5\xce2\xd2\xb7\xfe\xd1H\x92\x1ac\
\x07\xe0\xc7\xc4\x1fdL=s\x19^\xeb\x97\xa4F{\
\x0b0\x9b\xf8\x03\x8e\xa9G\x1e\x01\xde\x81$\xa9\x15\xc6\
\x03\x9f \xad\xe8\x16}\x0021Y\x05|\x05\x98\x88\
$\xa9uv\x04\xbeMZ\xd7=\xfa\x80d\xfa\x93u\
\xc0\x85\xc0^H\x92Z\xef0\xe0J\xe2\x0fN\xa6\xda\
\x5c\x09\x1c\x8e$I\x1b9\x11\xb8\x96\xf8\x03\x95)7\
\xb7\x92^\xd9+I\xd2f\x9d\x00\xdc@\xfc\x81\xcb\xf4\
\x96\xdbI\x8f\x80\x8e@\x92\xa4\x0e\x0d\x00o$-\x05\
\x1b} 3\xc5r#\xf0f|1\x94$\xa9G3\
\x81\xf3\x805\xc4\x1f\xdc\xcc\xd0Y\x07\x5c\x0a\xbcn\x13\
\x9f\xa1$I]\xdb\x93\xf4J\xd8\xa5\xc4\x1f\xf0L\xca\
\x12\xe0\x1c`\xbf\xcd|n\x92$\x95b\x12p\x1ai\
\xcd\xf8\xe8\x03`[s\x0fi-\x87\xad\x87\xf9\xac$\
I\xaa\xc4K\x81\x7f\xc3E\x85\xfa\x91\xc5\xc07\x81c\
:\xfad$I\xea\x83-\x81\xf7\x00?\x01V\x12\x7f\
\xb0lJ\xd6\x00\xbf\x04\xde\x05L\xe8\xf8\xd3\x90$)\
\xc0V\xa4\xc7\xcf~BZr6\xfa \x9a[\xd6\x00\
\xbf\x05\xce\x04\xb6/\xd8{I\x92ja*i2\xf0\
]`.\xf1\x07\xd7\xbaf!\xf0\x03\xe0\xfd\x83=\x93\
T!\x9f\x91\x95\xfak$\xe9\x9e\x81W\x0ff&\xed\
]\xa4f-p3\xe95\xbc\xbf\x00\xae!}\xf3\x97\
\xd4\x07N\x00\xa4X\x93Ik\xd3\x1f\x09\x1c\x05\xbc\x8c\
\xe6^\xe7^I:\xe0_\x05\xfcf\xf0\xe73\xa1\x15\
I-\xe6\x04@\xaa\x97Q\xc0\xa1\xa4\x89\xc0\x81\x83y\
1\xb0EdQ]X\x09\xdcM:\xe0\xdf\x08\x5c\x0f\
\xdc\x06\xac\x8e,J\xd2s\x9c\x00H\xf57\x02\xd8\x9d\
4\x19\xd8\x1f\xd8\x03\xd8\x0d\x98Az\x9d\xf1\xc8\xb0\xca\
\xe0I\xe0A\xe0\x01\xe0\x0f\xc0\x9d\xa4\xf5\xf7\xef\xc7\xd3\
\xf9R\xad9\x01\x90\xf26\x06\xd8\x854\x19\xd8\x9et\
\xf3\xdc\xb4\xc1\x9f\xd3\x07\x7fN\x22]j\x80t&a\
\x0c\xe9L\xc3\xc4\xc1\x7f[MZM\x0f\x9e\xbb\x19o\
\x11\xe9\x99\xfb\xf5\x99\x03<\x0e<E:\xe8?N:\
\xf0/\xab\xea\x0f\x93$I\x92$I\x92$I\x92$\
I\x92$I\x92$I\x92$I\x92$I\x92$I\
\x92$I\x92$I\x92$I\x92$I\x92$I\x92\
$I\x92$I\x92$I\x92$I\x92$I\x92$\
I\x92$I\x92$I\x92$I\x92$I\x92$I\
\x92$I\x92$I\x92$I\x92$I\x92$I\x92\
$I\x92$I\x92$I\x92$I\x92$I\x92$\
I\x92$I\x92$I\x92$I\x92$I\x92$I\
\x92$Ij\x97\x81\xe8\x02$\x95n\x1c0\x1e\x982\
\xf8\x9f\xc7\x02\x13\x06\x7f\x9f\x04\x8c\x04F\x01\x13\x07\xff\
\xed\x19`\x0d\xb0\x16X<\xf8o\xcb\x80\x95\x83\xbf/\
\x00\x96\x03+*\xadZR_9\x01\x90\xf2\xb0-0\
\x03\xd8\x19\x98\x0eL\x03\xa6n\x90m\x06\xffm\x1a\xb0\
EE5,\x01\xe6\x01O\x03s\x07\x7f\x9f\xb7\xc1\xef\
s\x80G\x80\x07\x07\x7f\x97TcN\x00\xa4z\x98\x04\
\xecA:\xc8\xef6\x98\x0d\x7f\x9f\xb0\xa9\xffaM-\
#M\x046\xcc\xec\xc1\x9f\xf7\x93\xce:H\x0a\xe4\x04\
@\xea\xbf\x1d\x80\x99\x83\xd9\x0f\xd8\x1f\xd8\x07\x18\x11Y\
T\x9f=\x01\xdc\x04\xdc\x09\xdc5\xf8\xfb=\xa4\xcb\x10\
\x92\xfa\xc0\x09\x80T\x9dQ\xc0\xa1\xc0\xcb\x81\x03\x81\x83\
H\x07\xfb\xdc\xbe\xcd\xf7\xcb2\xd2\x84\xe0\xd6\xc1\x5c\x07\
\xdcB\xba?AR\xc9\x9c\x00H\xe5\x99H:\xd8\x1f\
E\xfav\x7f409\xb4\xa2\xfc-#M\x02~\x0b\
\x5c=\x98\xf9\xa1\x15I\x0d\xe1\x04@\xea\xde\x8e\xc0q\
\xc0\x11\xc0\x91\xa4o\xf7m:\x8d\x1fa\x1d\xe9,\xc1\
o\x81k\x80_\x91.'H*\xc8\x09\x80\xd4\xb9\x91\
\xc0\xc1\xc0\xeb\x80\xd7\x92N\xef\xbb\x0f\xc5{\x00\xb8\x18\
\xf8\x09p%\xb0*\xb6\x1c)\x0f\x0e^\xd2\xe6m\x0b\
\x9cD:\xe0\x9f\x08l\x15[\x8e\x86\xb1\x14\xb8\x824\
\x19\xf89\xe9\xb1DICp\x02 \xbd\xd0\x01\xc0\xdb\
\x807\x0c\xfe\xae|\xdd\x0a\xfc\x17\xf0}\xd2\xa5\x03I\
\x83\x9c\x00H\xc9n\xa4\x83\xfe{I\x8f\xe6\xa9y\xee\
\x02~\x00|\x8f\xf4\xc8\xa1\xd4jN\x00\xd4f\xbb\x02\
o\x04\xdeJ\xba\x89O\xed\xb1~2\xf0\x1d\xe0\xde\xe0\
Z$I}\xb05p&i\xe1\x99g\x8d\x01n\x00\
\xce\xe0\xb9w'H\x92\x1ad&p\x0e\xe9&\xb1\xe8\
\x03\x8e\xa9gV\x00\xe7\x03'\xe0\xd9QI\xca\xda\x14\
\xe04\xe0v\xe2\x0f.&\xaf\xcc\x02>Az\xf1\x92\
$)\x03\x03\xa4\xc7\xf5\xce'\xbd\xce6\xfa@b\xf2\
\xceJ\xd2\x13\x04\xc7\xe3Y\x01I\xaa\xa51\xa4;\xf8\
\xfd\xb6o\xaa\xca,\xd2\xfd#\xe3\x90$\x85\x9bD\x1a\
\x94\x1f!\xfe\x00a\xda\x91'\x81\xb3I7\x94J\x92\
\xfal7\xe0s\xc0B\xe2\x0f\x08\xa6\x9dy\x86tc\
\xe9\x8b\x90$Un&\xe9\xf9\xed5\xc4\x1f\x00\x8cy\
\x16XMZ\x5c\xe8`$I\xa5\xdb\x9ftc\xdf:\
\xe2\x07|c\x86\xca:\xd2;\x08\x0eA\x92\xd4\xb3}\
\x80\xf3\xf0\x1b\xbf\xc9'kI\x93\xd5\xbd\x91$\x15\xb6\
+\xe9\xfa\xeaj\xe2\x07tc\xba\xc9\xfa\x89\xc0\x9eH\
\x92\x86\xb5\x0b\xf0u\xd2;\xdd\xa3\x07pc\xca\xc8*\
\xe0k\xc0NH\x92^`\x02\xe9\xd1\xaae\xc4\x0f\xd8\
\xc6T\x91e\xa4'W&\x22Ib\x80\xf46\xbe\x87\
\x88\x1f\xa0\x8d\xe9G\x1e#-Q=\x02Ij\xa9\x97\
\x02W\x13? \x1b\x13\x91\xeb\x81#\x90\xa4\x16\xd9\x91\
t\x83\xdfZ\xe2\x07ac\x22\xb3\x8et\xa3\xe0.H\
}62\xba\x00\xb5\xca\x18\xe0\xafI/W9\x1c_\
\xae\x22\x0d\x90\xd6\xb8\xf8 iBp\x1diR U\
\xce\x01X\xfdr(p..\x92\x22m\xce\xed\xa4\xc9\
\xc0u\xd1\x85\xa8\xf9\xbc\x09EU\x9b@\xba\xf3\xf9z\
<\xf8K\xc39\x00\xb8\x86t\x89l\xcb\xe0Z$\xa9\
k'\x03\xb3\x89\xbf\xcejL\x8ey\x108\x09\xa9\x22\
\x9e\x01P\x15\xa6\x90\xbe\xc1\xfc\x9c\xb4\xa2\x9f\xa4\xe2f\
\x00\xbf \xdd$\xb8Ml)\x924\xbc\xb7\x03O\x13\
\xff\xed\xc9\x98&\xe5)\xe0\x14\xa4\x12y\x06@e\x99\
H\xfa\xd6\xff=`Zp-R\xd3L'\xbd\x06\xfb\
|`\xab\xe0Z\xd4\x10>\x05\xa02\xbc\x1c\xf8O|\
\xe9\x89\xd4\x0f\xb3\x81\xf7\x00\xbf\x0d\xaeC\x99s\x1d\x00\
\xf5b\x14\xf0W\xc0\xb7\xf1\x1a\xa5\xd4/[\x01\xef\x05\
\xb6\x00~\x83\xeb\x06\xa8K\x9e\x01P\xb7v%}\xeb\
?*\xba\x10\xa9\xc5\xae\x03\xde\x05\xdc\x1f]\x88\xf2\xe3\
=\x00\xea\xc6\x1f\x93\x16,\xf1\xe0/\xc5z9p\x13\
pjt!\xca\x8fg\x00T\xc4X\xe0_H+\x95\
I\xaa\x97o\x03\x1f\x02\x96G\x17\xa2<8\x01P\xa7\
v\x02. }\xe3\x90TO7\x01o!\xbd^[\
\xda,/\x01\xa8\x13\xc7\x027\xe2\xc1_\xaa\xbb\x99\xa4\
}\xf5\x84\xe8BT\x7f>\x05\xa0\xcd\x19\x00\xce$\xdd\
\xec7)\xb8\x16I\x9d\x99@\xba1p%\xe9\xbd\x02\
\xd2\x90\xbc\x04\xa0M\x99\x08|\x93t:Q\xf5\xb7\x1c\
\x987\x98\xb9\x83\x99\x07<3\x985\xa4\x15\xe5\x16\x0e\
\xfe\xf7W\x02\xcb\x06\x7f\x9f@\xba\xbf\x03\xd2#f\x03\
\xa4G<'\x0ef*\xe91\xcf\xa9\x1bd|\xa5\x7f\
\x8d\xca\xf2}\xe0\x03\xc0\x92\xe8BT?N\x004\x94\
\xbd\x80\x8b\x80}\xa3\x0b\x11\x90\x9e\xf3~\x9c\xf4r\x98\
\xd9C\xfc\x9c\xc3s\x07\xf3~\x99@Z\x9dn7\xd2\
\x9a\xf53\x06\x7f_\xff\x9fw\xc0K\x8cuq'\xf0\
\x06|TP\x1bq\x02\xa0\x8d\x1d\x05\xfc\x98\xf4-O\
\xfd\xf78\xe9\x11\xcb[\x07\x7f\xde\x06\xdc\x03\xac\x8a,\
\xaa\x0bcH\x13\xc8\x03\x80\x03\x07s\x00ib\xa0\xfe\
{\x9a4\x09\xb86\xba\x10\xd5\x87\x13\x00m\xe8\xed\xc0\
\xb7\x80q\xc1u\xb4\xc5\x1c\xd25\xda\xab\x81\x9bI\x07\
\xfdy\xa1\x15Uo*p\x10p(i\xb2y\x04\xae\
\x22\xd9/\xcbI+\x08^\x10]\x88\xa4z9\x13X\
K\xfc[\xcf\x9a\x9c\xfb\x81\xf3\x80\xd3\x80\xfdq\x02\xbe\
\xde\x0e\xc7j\xae\xd4\x00\x00\x11BIDAT\xc0[\
\x81\xaf\x90\xee`w;\xac.\xeb\x80\xb3;\xfaT$\
5\xdeH\xe0\xab\xc4\x0fLM\xcc\x5c\xd2\xdb\xdbN\xc3\
S\xdfEL#M\x08\xce!]\x12\x89\xfe\x1c\x9b\x98\
\xaf\x03\xa3;\xfd@$5\xcf\x96\xc0\xc5\xc4\x0fFM\
\xc9Z\xd27\xd8\xcf\x91\x9e\xc3\x1e\xd5\xf9G\xa1M\x18\
Az\xb6\xfd\x13\xc0\xa5\xc0j\xe2?\xe7\xa6\xe4\x97\xf8\
x\xaf\xd4J;\x90\xae9G\x0fB\xb9g\x0dp9\
p:^\xcb\xee\x87\xe9\xc0\x87\x81+\xf0RA\x19\xb9\
\x19\xd8\xae\xd0' )k\xbb\x02\x7f ~\xf0\xc95\
kI\xefb?\x13\xd8\xbe`\xefU\x9e\xa9\xa4\x9b\xda\
~\xc2s\xeb\x1c\x98\xe2y\x00\xd8\xbd`\xef%e\xe8\
E\xc0\xc3\xc4\x0f:9\xe6N\xe0\x7f\xe0\xf5\xfc:\xda\
\x11\xf88p\x17\xf1\xdbI\x8e\x99\x0d\xecY\xb4\xe9\x92\
\xf2\xb1/\xf0\x18\xf1\x83MNYN\xba\x91\xef\x04\xbc\
k?\x173I7\x10.!~\xfb\xc9)O\x92\xd6\
j\x90\xd40\x87\x92\x16\x03\x89\x1edr\xc9\x9d\xa4\x1b\
\xcf\x5c\x10)_\x93IO`\xdcL\xfc\xf6\x94K\xe6\
\x03/\xeb\xa6\xd9\x92\xea\xe9(\xd2\x1a\xf0\xd1\x83K\xdd\
\xb3\x16\xb8\x90\xb48\x8d\x9a\xe5(\xe0Gx\xe3`'\
Y\x80\xfb\x80\xd4\x08'\xe0\xa9\xd0\xe1\xb2\x04\xf8W\xbc\
\x06\xda\x06{\x91\xd6\xbdXJ\xfcvW\xe7,\x01\x8e\
\xeb\xb2\xc7\x92j\xe0H<\xf8o.O\x91VE\xf3\
4\x7f\xfbL&=\xc5\xf1(\xf1\xdba]\xb3\x0cx\
E\x97\xfd\x95\x14\xe8p\xd2k`\xa3\x07\x91:\xe6\x09\
\xe0\xcfy\xee\x15\xb8j\xaf\xf1\xc0_\x90n\x80\x8b\xde\
.\xeb\x98\xc5\xc0\xcb\xbb\xee\xae\xa4\xbe;\x88\xf4R\x99\
\xe8\xc1\xa3n\x99K\xba\xb1oB\xf7\xadUCM \
\x9d\x11p\x22\xf0\xc2,$\xddD,\xa9\xe6\xf6\xc6A\
l\xe3,&-\xcf;\xb9\x87\xbe\xaa\x1d\xb6$M\x12\
\xe7\x13\xbf\xdd\xd6)s\x80\xfdz\xe8\xab\xa4\x8a\xed\x89\
/O\xd90\xcb\x81\xcf\xe2\x81_\xc5M\x01>\x0f\xac\
 ~;\xaeK\x1e\xc5\x15\x03\xa5Z\xda\x89\xb4\xa4g\
\xf4 Q\x97\xfc\x04\x07+\xf5n\x17\xd2+\x9c\xa3\xb7\
\xe7\xba\xe4!\xd2R\xe2\x92jb[\xe0^\xe2\x07\x87\
:\xe4\x16\xbcsY\xe5;\x1e\xb8\x8d\xf8\xed\xbb\x0e\xb9\
\x1b_|%\xd5\xc2\x04\xe0:\xe2\x07\x85\xe8<EZ\
\xf5mdo\xed\x946i$\xe9M\x84\xae\xa8\x09\xd7\
\x90\x9e\xa0\x90\x14d\x04i\xe5\xba\xe8\xc1 :\xe7\x03\
\xd3z\xec\xa5\xd4\xa9)\xa4w\x0d\xac#~\xdb\x8f\xcc\
\x0fHc\x90\xa4\x00_&~\x10\x88\xcc\x03\xc0\x89=\
wQ\xea\xce\xb1x\xe9\xed\xf3=wQRa\x1f\x22\
~\xe7\x8f\xcaZ\xd27\xb0-{\xee\xa2\xd4\x9b\xf1\xa4\
GL\xd7\x10\xbf_D\xe5\xa3=wQR\xc7^O\
{\x07\x9c\xdf\x03/\xe9\xbd\x85R\xa9^F{o\x12\
\x5c\x0d\xbc\xa6\xf7\x16J\x1a\xceL\xda\xb9\xbe\xff:\xe0\
+\xb8|\xaf\xeak4\xe9\xdd\x12m|\xe3\xe03\xc0\
!=wP\xd2&\xedLZ\xc7>zg\xefw\x1e\
\xc17\x93)\x1f'\x02\x8f\x11\xbf\xdf\xf4;\x8f\x02;\
\x96\xd0?I\x1b\x19\x0b\x5cO\xfcN\xde\xef\x5c\x88o\
\xebS~\xb6\x02\xbeK\xfc\xfe\xd3\xef\x5c\x8bg\xe9\xa4\
\xd2}\x9d\xf8\x9d\xbb\x9fYFz9\x8b\x94\xb3\xf7\xd2\
\xbe\xb7r~\xb5\x94\xceI\x02\xd2\x027\xd1;u?\
3\x0b\xd8\xbf\x94\xceI\xf1\xf6\x06\xee$~\xbf\xeag\
\xde_J\xe7\xa4\x96;\x84\xf4m8z\x87\xeeW.\
\xc2\x97\xf7\xa8y&\x02\x17\x10\xbf\x7f\xf5+\xcbI7\
,K\xea\xd2T\xe0A\xe2w\xe6~d\x0d\xe9\x0e\xea\
\x812\x1a'\xd5\xd0\x00\xe9U\xc3my\x84w6\xae\
\xd0)ue$\xf0K\xe2w\xe2~d.\xae\xe8\xa7\
\xf6x\x05\xe9\xdd\x15\xd1\xfb]?r\x19\xbe\x9fC*\
\xec\x0b\xc4\xef\xbc\xfd\xc8-\xa4W\xaeJm\xb2+p\
+\xf1\xfb_?\xf2\x7fJ\xea\x99\xd4\x0a\xaf\xa2\x1d/\
\x1a\xb9\x04\x98TR\xcf\xa4\xdcl\x09\x5cL\xfc~X\
u\xd6\x92^\xa7,i\x18\xd3\x80\xc7\x89\xdfi\xab\xce\
\xb9\xa4\x95\xd3\xa46\x1bIzl.z\x7f\xac:\x8f\
\xe2z\x1e\xd2\xb0.\x22~g\xad2\xebH7\xfbI\
z\xce\x994\x7f\x09\xe1\x1f\x96\xd6-\xa9\x81>L\xfc\
NZeV\x00\xef,\xad[R\xb3\x9cB\xf3\x1f\xf9\
\xfd\xd3\xd2\xba%5\xc8>\xc0R\xe2w\xd0\xaa\xb2\x08\
8\xa6\xb4nI\xcd\xf4J\x9a\xbdr\xe03\xc0^\xa5\
uKj\x80\xd14{\x9d\xff\x05\xc0a\xa5uKj\
\xb6\x97\x90\x1e\x8d\x8d\xdeo\xab\xca\x8d\xc0\x98\xd2\xba%\
e\xae\xc9\x8f\xfc=\x05\x1cT^\xab\xa4V\xd8\x9ff\
\xdf\x0c\xec\xa3\x81\x12\xe9\xb4xSo\xfey\x94ti\
CRq\xfb\xd2\xdc\xd7\x0a\xaf\x01\x8e(\xafUR~\
\xc6\x02w\x11\xbf3V\x91\xd9\xc0\x9e\xa5uJj\xa7\
\x19\xc0}\xc4\xef\xcfU\xe4\x1e`\x5ci\x9d\x922\xf3\
Y\xe2w\xc2\xaa\x0e\xfe\xae\xee'\x95c\x17\xe0!\xe2\
\xf7\xeb*\xf2\x99\x12\xfb$e\xe3@`\x15\xf1;`\
\xd9y\x92\xf4\xfaSI\xe5\xd9\x93f\xde\x13\xb0\x12_\
\xfd\xad\x96\x19\x09\xdc@\xfc\xceWv\x9e\xc6\x9dY\xaa\
\xca\xde\xa4\x09v\xf4~^v~\x87/\x0cR\x8b\xfc\
%\xf1;]\xd9Y\x88\xef\xff\x96\xaav00\x9f\xf8\
\xfd\xbd\xec\x9cQf\x93\xa4\xba\x9aA\xf3\x16\xfaX\x0a\
\x1c]b\x8f$m\xda\xe14o\x0cY\x02\xecVf\
\x93\xa4\xba\x19\x00.%~g+3\xab\xf0M_R\
\xbf\x9dD\xf3\xee!\xfai\xa9\x1d\x92j\xe6T\xe2w\
\xb22\xb3\x0ex_\x99\x0d\x92\xd4\xb1\x0f\x10?\x06\x94\
\x9dSJ\xed\x90T\x13\xe3i\xde\xa3<>\xc2#\xc5\
j\xda\xa3\xc4\x0f\x03\x13J\xed\x90T\x03\x9f!~\xe7\
*3\xdf%]\xd2\x90\x14g\x00\xf86\xf1\xe3A\x99\
\xf9T\xa9\x1d\x92\x82\xedD\xba\xc9%z\xc7*+\xbf\
!\xadb()\xde\x18\xe0r\xe2\xc7\x85\xb2\xb2\x14\xd8\
\xb9\xd4\x0eI\x81\xbeC\xfcNUV\xee\x01\xa6\x94\xdb\
\x1eI=\x9a\x0a\xdcK\xfc\xf8PV\xfe\xa3\xdc\xf6H\
1\x0e'\xdd,\x17\xbdC\x95\x91gp\xa1\x1f\xa9\xae\
\xf6\x01\x16\x11?N\x94\x91u\xc0\xcb\xcbm\x8f\xd4_\
#\x80\xeb\x89\xdf\x99\xca\xda!\xdfZn{$\x95\xec\
M4\xe7\x0b\xc7\xb5x\x9f\x912\xf6'\xc4\xefDe\
\xe5s%\xf7FR5\xbeH\xfcxQV\xde]r\
o\xa4\xbe\x18Os\xde\xe5}\x19\xae\xd5-\xe5b\x14\
\xf0k\xe2\xc7\x8d2\xf20\xdep\xac\x0c}\x8c\xf8\x9d\
\xa7\xac\x1dp\x9b\x92{#\xa9Z\xd3\x81G\x88\x1f?\
\xca\x88\xef\x09PV\xb6\x00\x9e\x22~\xc7\xe95\xab\xf0\
F\x1c)WG\x02\xab\x89\x1fGz\xcd\xe3\xb88\x90\
2\xf2\xd7\xc4\xef4e\xc4\x059\xa4\xbc\x9dM\xfc8\
RF>^r_\xa4JL\x02\xe6\x11\xbf\xc3\xf4\x9a\
\xab\xf0\xba\xbf\x94\xbbQ\xc0\xd5\xc4\x8f'\xbd\xe6i`\
b\xc9\xbd\x91Jw6\xf1;K\xafYHzm\xb1\
\xa4\xfc\xedF3\xd6\x07\xf8\x9b\xb2\x1b#\x95i+`\
\x01\xf1;J\xaf9\xb5\xec\xc6H\x0a\xf5^\xe2\xc7\x95\
^\xb3\x00W!U\x8d5\xe1\xcd\x5c\xdf.\xbd+\x92\
\xea\xa0\x09K\x92\x9f]vS\xa42L%-\x95\x1b\
\xbd\x83\xf4\x92G\x81\xc9e7FR-L!\xddQ\
\x1f=\xce\xf4\x92E\xa43\xad*\xc1\x88\xe8\x02\x1a\xe4\
#\xc0\x96\xd1E\xf4\xe8\x0c\xd2\x0e&\xa9y\x16\x00\x7f\
\x1e]D\x8f&\x01\xa7G\x17!mh,\xf0\x04\xf1\
\xb3\xe3^r~\xe9]\x91TG?$~\xbc\xe9%\
\x8f\x91^\x81,\xd5\xc2\x07\x89\xdf)z\xc9B`\xc7\
\xd2\xbb\x22\xa9\x8e\xb6'\xff\x9b\x95\xdfWvS\xa4n\
\x0c\x00w\x12\xbfC\xf4\x92\xf7\x97\xde\x15Iuv:\
\xf1\xe3N/\xb9\x1d\xdf\x14\xa8\x1ax-\xf1;C/\
\xb9\x02w$\xa9m\x06\x80_\x11?\xfe\xf4\x92\x93K\
\xef\x8aT\xd0\xe5\xc4\xef\x08\xddf%\xb0W\xf9-\x91\
\x94\x81}I\xef\xfb\x88\x1e\x87\xba\xcd\xa5\xe5\xb7D\xea\
\xdcL\xe2w\x82^\xf2\x85\xf2[\x22)#\xffD\xfc\
8\xd4K\x0e)\xbf%Rgr^X\xe3I|\xe6\
_j\xbb)\xa4u\xf6\xa3\xc7\xa3n\xe3\xc2e\x0a\xb1\
-y\x9f>\xfb\xd3\xf2[\x22)C\x1f!~<\xea\
6+\x81\xe9\xe5\xb7D\xda\xbcO\x12\xbf\xf1w\x9b[\
\xf0M\x7f\x92\x92\x91\xc0\xad\xc4\x8fK\xdd\xe6/\xcbo\
\x89\xb4i\x03\xc0\xbd\xc4o\xf8\xdd\xe6\xd8\xf2[\x22)\
c\xc7\x11?.u\x9bY\xf8$\x93\xfa(\xe7\x9d\xe5\
\xc2\x0a\xfa!)\x7f\x17\x11?>u\x9bc+\xe8\x87\
4\xa4\xef\x12\xbf\xc1w\x93\xb5\xc0\x81\x15\xf4CR\xfe\
^L\x1a#\xa2\xc7\xa9n\xe2\xcd\x80\xea\x8b\xa9\xc0r\
\xe27\xf8n\xf2\x9f\x15\xf4CRs\x9cO\xfc8\xd5\
M\x96\x03[W\xd0\x0f\xe9y>F\xfc\xc6\xdeM\xd6\
\x00{W\xd0\x0fI\xcd\xf1\x22\xd2X\x11=^u\x93\
3*\xe8\x87\xf4<\xb9\xae\xfb\xff\x8d*\x9a!\xa9q\
\xbeM\xfcx\xd5Mn\xab\xa2\x19\xd2zG\x12\xbf\x91\
w\x93U\xc0n\x15\xf4CR\xf3\xec\x09\xac&~\xdc\
\xea&/\xaf\xa0\x1f\x8d5\x22\xba\x80\xcc\x9c\x1a]@\
\x97\xbe\x01<\x18]\x84\xa4,\xdc\x07\x9c\x17]D\x97\
r\x1d\xa3Us#I\xcb\xe7F\xcfp\x8bf\x0d\xb0\
G\x05\xfd\x90\xd4\x5c\xbb\x93\xe7\xbd\x00O\xe0\x22g\xaa\
\xc0\x09\xc4o\xdc\xdd\xe4\xfbU4CR\xe3\xfd\x90\xf8\
\xf1\xab\x9b\x1c[E3\x9a\xc8K\x00\x9d{[t\x01\
]\xfart\x01\x92\xb2\xf4\xc5\xe8\x02\xba\x94\xebX\xad\
\x9a\x1a\x05\xcc!~f[4WU\xd1\x0cI\xadq\
\x0d\xf1\xe3X\xd1\xcc!\x8d\xd9R)N&~\xa3\xee\
&o\xac\xa2\x19\x92Z\xe3\x14\xe2\xc7\xb1nr|\x15\
\xcdP;}\x93\xf8\x0d\xbah\xee\xc5K<\x92z3\
\x12\xf8\x03\xf1\xe3Y\xd1\xfc[\x15\xcdP\xfb\x8c\x01\xe6\
\x13\xbfA\x17\xcdG\xabh\x86\xa4\xd69\x83\xf8\xf1\xac\
h\xe6\x02\xa3\xabh\x86\xda\xe55\xc4o\xccE\xb3\x14\
\x98\x5cE3$\xb5\xceV\xc02\xe2\xc7\xb5\xa2yU\
\x15\xcdh\x12O\x11\x0f\xef\xb5\xd1\x05t\xe1\xfb\xc0\xa2\
\xe8\x22$5\xc2B\xe0\x82\xe8\x22\xba\xf0G\xd1\x05(\
\x7f\xf7\x13?\x93-\x9a\xc3+\xe9\x84\xa4\xb6:\x9a\xf8\
q\xadh\xee\xad\xa4\x13j\x8d}\x88\xdf\x88\x8b\xe6\xae\
J:!\xa9\xed\xee\x22~|+\x9a=+\xe9DC\
x\x09`\xf3^\x1d]@\x17\xce\x89.@R#\xe5\
\xf8F\xd1\x93\xa3\x0bP\xbe.!~\x06[$+\x80\
i\x95tBR\xdbM#\x8d1\xd1\xe3\x5c\x91\x5c\x5c\
I'\xd4x\x13\x80\xe5\xc4o\xc0E\xf2\xbdJ:!\
I\xc9\x85\xc4\x8fsE\xb2\x14\x18WI'\x1a\xc0K\
\x00\x9bv\x1c\xf9m8N\x00$U)\xb7\x97\x8bM\
\x00\x8e\x89.\xa2\xae\x9c\x00lZn\xd7\xff\x9f\x01~\
\x19]\x84\xa4F\xbb\x18X\x12]DA\xb9\x8d\xe5}\
\xe3\x04`\xd3N\x8a.\xa0\xa0\xff\x22]\xb2\x90\xa4\xaa\
,\x03~\x1a]DA\xde\x08\xa8Bv$\xfe\xdaU\
\xd1\xbc\xae\x92NH\xd2\xf3\xbd\x99\xf8\xf1\xaeh\xb6\xab\
\xa4\x13\x99\xf3\x0c\xc0\xd0\x8e\x8a.\xa0\xa0\x85\xa4'\x16\
$\xa9j?\x03\x16G\x17Q\xd0\x11\xd1\x05\xd4\x91\x13\
\x80\xa1\x1d\x19]@A?\x06VF\x17!\xa9\x15V\
\x90\xdf\xe3u\xb9\x8d\xe9}\xe1\x04`h\xb9\xcd\x16\x7f\
\x14]\x80\xa4V\xb90\xba\x80\x82\x9c\x00\x0ca \xba\
\x80\x1a\xda\x82tJ}Tt!\x1dZ\x05L%\xbf\
;s%\xe5k\x12y\xbdrw5\xcf\xbd\xd5P\x83\
<\x03\xf0B\x87\x91\xcf\xc1\x1f\xe0*<\xf8K\xea\xaf\
\xc5\xc0\xb5\xd1E\x140\x1axit\x11u\xe3\x04\xe0\
\x85r;U\xf4\xf3\xe8\x02$\xb5RncOn7\
wW\xce\x09\xc0\x0b9\x01\x90\xa4\xe1\xe56\xf6\xe46\
\xb6\xab\xcfF\x92\xae\xffG?\xb3\xdai\x1e\xa9\xa6\x0d\
\x924\xac\x01\xe01\xe2\xc7\xc1N\xb3\x904\xc6k\x90\
g\x00\x9eoo`rt\x11\x05\xfc,\xba\x00I\xad\
\xf5,y-?>\x19\xd8#\xba\x88:q\x02\xf0|\
/\x8e.\xa0\xa0K\xa3\x0b\x90\xd4j\xb9-@v`\
t\x01u\xe2\x04\xe0\xf9\x0e\x8a.\xa0\xa0\xab\xa3\x0b\x90\
\xd4jWE\x17P\xd0\x01\xd1\x05\xd4\x89\x13\x80\xe7\xcb\
ivx?\xf0Dt\x11\x92Z\xed1\xe0\xa1\xe8\x22\
\x0a\xc8i\x8c\xaf\x9c\x13\x80\xe7\xcbi\xe3\xf0\xdb\xbf\xa4\
:\xc8i,\xcai\x8c\xaf\x9c\x13\x80\xe7l\x05\xec\x1c\
]D\x019\xedt\x92\x9a+\xa7\xb1h7\xd2*\x86\
\xc2\x09\xc0\x86\x0e$\xaf\xa5\x91s\xda\xe9$5WN\
c\xd1\x00\xf9\xdd\xec]\x19'\x00\xcf\xc9\xe9\xd4\xd0B\
\xe0\xee\xe8\x22$\x09\xb8\x1dX\x14]D\x019\x8d\xf5\
\x95r\x02\xf0\x9c\x9cf\x85\xd7\x01\xeb\xa2\x8b\x90$\xd2\
Xt}t\x11\x05\xf8$\xc0 '\x00\xcf\xc9i\x02\
\xf0\xfb\xe8\x02$i\x039\x8dI9\x8d\xf5\x95r\x02\
\xf0\x9c\x9cV\x88\xba5\xba\x00I\xda\xc0m\xd1\x05\x14\
\xb0{t\x01u\xe1\x04 \x19\x0fl\x1b]D\x019\
\xedl\x92\x9a\xef\xf6\xe8\x02\x0a\xd8\x01\x18\x1b]D\x1d\
8\x01Hf\x90\xcf\x13\x00+\x81{\xa3\x8b\x90\xa4\x0d\
\xdc\x0d\xac\x8a.\xa2C#\x80]\xa2\x8b\xa8\x03'\x00\
\xc9\x8c\xe8\x02\x0a\xb8\x1bX\x1d]\x84$m`\x15y\
}1\x99\x11]@\x1d8\x01Hv\x8b.\xa0\x00O\
\xffK\xaa\xa3\x9c\xc6\xa6\x9c\xc6\xfc\xca8\x01HfD\
\x17P\xc0\x1d\xd1\x05H\xd2\x10r\xba\x0f\xc0\x09\x00N\
\x00\xd6\xcb\xe9\xae\xd0Y\xd1\x05H\xd2\x10r\xba\x04\xe0\
\x04\x00'\x00\xeb\xcd\x88.\xa0\x80\xd9\xd1\x05H\xd2\x10\
\x1e\x8c.\xa0\x80\x19\xd1\x05\xd4\x81\x13\x80$\xa7\xd9\xe0\
\xec\xe8\x02$i\x08\xb3\xa3\x0b( \xa71\xbf2\xb9\
<\xfaV\xa5q\xc0\xf2\xe8\x22:4\x0f\x98\x16]\x84\
$m\xc2\x02\xd2\x9bU\xeb\xeeY\xd2\xd8\x9f\xcb\xa3\x8b\
\x95\xf0\x0c\x00l\x13]@\x01\xb3\xa3\x0b\x90\xa4\xcd\x98\
\x1d]@\x87\x06\x80\xa9\xd1EDs\x02\x90\xd7F\x90\
\xd356I\xed3;\xba\x80\x02r\x1a\xfb+\xe1\x04\
 \xafS\xea\xb3\xa3\x0b\x90\xa4\xcd\xc8\xe9KJNc\
\x7f%\x9c\x00\xc0\xd6\xd1\x05\x14\xf0pt\x01\x92\xb4\x19\
\x0fE\x17P\x80g\x00\xa2\x0b\xa8\x81\x9c\xee\x01x:\
\xba\x00I\xda\x8c\xb9\xd1\x05\x14\xe0\x19\x80\xe8\x02j \
\xa7\x8d`^t\x01\x92\xb4\x199\x8dQ9\x8d\xfd\x95\
p\x02\x90\xd7i\xa0\x9cf\xd7\x92\xda'\xa71*\xa7\
\xb1\xbf\x12N\x00\xf2\x9a\x05\xe64\xbb\x96\xd4>9\x8d\
Q9\x8d\xfd\x95p\x02\x90\xd7M\x80\xf3\xa3\x0b\x90\xa4\
\xcd\xc8i\x02\xe0\x19\x80\xe8\x02j`\x8b\xe8\x02:\xb4\
\x02X\x12]\x84$m\xc6b\xf2Y]/\x97\xb1\xbf\
2N\x00`lt\x01\x1d\xcaif-\xa9\xbdr9\
S\x99\xcb\xd8_\x19'\x00\xf9l\x04\xcfD\x17 I\
\x1d\xc8e\xac\xcae\xec\xaf\x8c\x13\x00\x18\x13]@\x87\
r9\xad&\xa9\xddr\x19\xabr\x19\xfb+\xe3\x04 \
\x9fY`.;\x95\xa4v[\x19]@\x87r\x19\xfb\
+\xe3\x04 \x9fY`.;\x95\xa4v\xcbe\xacr\
\x02\x10]@\x0d\xe4\xb2\x11x\x06@R\x0er\x19\xab\
r\x19\xfb+\xe3\x04 \x9f\x8d \x97Y\xb5\xa4v\xcb\
e\xac\xcae\xec\xaf\x8c\x13\x80|.\x01\xe42\xab\x96\
\xd4n\xb9\x8cUN\x00\xa2\x0b\xa8\x81\xd1\xd1\x05t(\
\x97\x9dJR\xbb\xad\x88.\xa0C\xb9|\xf9\xab\x8c\x13\
\x80|6VW\x01\x94\x94\x83\xa5\xd1\x05thyt\
\x01\xd1\x9c\x00\xe4\xb3hE.uJj\xb7\x5c\xc6\xaa\
\xc5\xd1\x05Ds\x02\x00\x8fD\x17\xd0\xa1\x87\xa2\x0b\x90\
\xa4\x0e\xe42\xa6>\x1c]@4'\x000+\xba\x80\
\x0e\xdd\x1b]\x80$u\xc015\x13N\x00\xe0\x86\xe8\
\x02:\xf0,y\xd4)I\xd7G\x17\xd0\xa1\x5c\xeaT\
\x85\x0e \x1d`\xeb\x9c;*\xfb\xeb%\xa9|\xf7\x10\
?n\x0e\x97\xfd*\xfb\xeb3\xe1\x19\x00\xb8\x9d\xfa\x9f\
\x0a\xba(\xba\x00I*\xe0\xc7\xd1\x05\x0c\xe3>\xe0\xee\
\xe8\x22\xa29\x01H\xbe\x1b]\xc00\xbe\x13]\x80$\
\x15p^t\x01\xc38\x8ft\x16@b;`\x19\xf1\
\xa7\xa4\x86\xca%\x15\xfe\xdd\x92T\x95_\x11?~\x0e\
\x95\xe5\xc0\x0e\x15\xfe\xdd\xca\xd0W\x89\xdf0\x87\xca\xd1\
U\xfe\xd1\x92T\x91\xe3\x88\x1f?\x87\xca\xbfT\xf9G\
+O\xdb\x02\xf3\x89\xdf87\xcc\x05\x95\xfe\xc5\x92T\
\xad\x8b\x88\x1fG7\xcc|`\x9bJ\xffbe\xebt\
\xe27\xd0\xf5Y\x04\xec\x5c\xed\x9f+I\x95\x9aAZ\
q/z<]\x9f\x0fT\xfa\xd7*{\x17\x12\xbf\x91\
>\x0b\x9cZ\xf5\x1f*I}\xf06\xe2\xc7\xd3g\x81\
\x1fT\xfd\x87*\x7f[\x91\x1e\x0d\x8c\xdcP?_\xf9\
_)I\xfd\xf3%b\xc7\xd4[\x81I\x95\xff\x95j\
\x84\x1d\x81\x07\x88\xd9P\xbf\x05\x0cT\xfe\x17JR\xff\
\x0c\x00\xdf&fL\xbd\x1f\xef\xfaWA\xdb\x03\xb7\xd0\
\xdf\x0d\xf5_qm\x06I\xcd4@\xff\xcf\x04\xdc\x01\
\xec\xd4\x8f?N\xcd3\x99t'~\xd5\x1b\xe9\x0a\xe0\
#}\xfa\x9b$)\xd2\x19\xa41\xaf\xeaq\xf5|<\
\xed\xaf\x12\x9cFu\x8f\x08\xde\x08\x1c\xd2\xbf?E\x92\
\xc2\xcd\x04n\xa6\x9a1u\x1e\xde\xed\xaf\x92M'\x9d\
\xa2_N9\x1b\xe9l\xd2\xc4\xc2S\xfe\x92\xdah$\
\xe9\xd1\xeb\x87(gL]NZ\xe4\xc7\xe7\xfcU\x99\
\xed\x81\xbf\x05\xfe@\xf1\x0dt-p)\xf0n`t\
\xbf\x0b\x97\xa4\x1a\x1a\x03\xbc\x07\xb8\x8c4F\x16\x1dW\
g\x01\xff\x8b\xb4\xa4\xbb\x0a\xf0n\xf3\xde\xecOZ\xee\
\xf2\xa5\xc0\xde\xc0.\xc0\x96\x83Y@Z\xcc\xe7>\xd2\
\xab1\xaf\x02\xae\x00\x9e\x0e\xa9T\x92\xeao:\xf0J\
\xe0(`_`\x0f\xd2\xbdXS\x80%\x83y\x98t\
\xd0\xbf\x1e\xb8\x1c\xb8+\xa4\xd2\x06\xf8\xff\xd7\xf6\xfcv\
\xd6xEy\x00\x00\x00\x00IEND\xaeB`\x82\
\
\x00\x00\x01\xbb\
\x89\
PNG\x0d\x0a\x1a\x0a\x00\x00\x00\x0dIHDR\x00\
\x00\x00\x18\x00\x00\x00\x18\x08\x06\x00\x00\x00\xe0w=\xf8\
\x00\x00\x00\x06bKGD\x00\xff\x00\xff\x00\xff\xa0\xbd\
\xa7\x93\x00\x00\x01pIDATH\x89\xbd\x95\xb1J\
\xc4@\x10\x86\xbfX$^\xa3\xadp\x8d\x85\xbd\x8d \
\x8aO\x22\xc2\xbd\x80w\x95\x8d\xcd\xe9\x81w\x0f\xa0\x5c\
\xe3\xf3\x9c\xde\x09bl\xbc\xc6F\x8b+\x051\x0a\x06\
\x0eb\x91\x89Y\x97dw\x93\x80\x03\x03\xd9\x99\x7f\xff\
\x7ffv\x93@n\x01\xd0\x03f\xc0\xa7\xf8\x0c\xe8J\
\xae\x91\xb5\x81G )\xf1P0\xb5,\xb0\x90\xab\x22\
\xb5:\xe99\x90g~\x5cG\xe0\xce@\xb8\x00\xb6\x81\
\x03YO\xeb\x08D\xb2y\x00\x9c\x02KY\xbf\x02[\
\x82\xd9\x93\xd8G\x13\x81\x0dY\x1f\x02s`S\xd6;\
\xc0[\x81\xc0\x08\x88\xc5\x87&\x81lD\x13`M\xcb\
\xed\x03\xef\xe4#SG\x14)qcg]\x05x/\
\x15\xaf\x03\x1d\x8dD?\xe4\xa1\xd2\xc1\x85\xc4<\xe0\x5c\
\x8a\x9a\x03\xbb\x90^\xbd\x10\xfb\x0d\x0a\x01\xdfP\xa8\x07\
\x8c\xb5=OY\xb2m\x11\xb1\xbdhE\xe4\x09\xe9\xd9\
\xfd\x9a/#\x98\xcah\x22\xe0VbU+\xcf\xbco\
\xd8\xe7d\x1epUB~-\xf9\xff%\x1f\x91~E\
\x8d\xf7Z\xac\x8c|l\xaa<\x16\xd0\xb7\x85\xbcS\x87\
\x1c\x0dl\xb2\xa2\x1bg%\xaf\x22\x10k\xd8K\x17\xf2\
*\x02\x89\x88<\x00G\x12s:\xbf\xecK\x9a`\xbe\
\xfb\xba\x05\xe4]}\xa9\x89\x15\x0d\xf8\xa2<\x9f8\x8a\
\xf8\x1ava\x02\x0fp\xff\xbb\x95\xb9\xf1\xedm\x017\
\x0d\xc8'\xc0\xaa\xad\xe5\x16p\x06<\xf3\xf7L\xca|\
)\xd8~\x11\xf9\x0fS\x0b\xe5\x13H\x04\xb64\x00\x00\
\x00\x00IEND\xaeB`\x82\
\x00\x00\x17\x07\
\x89\
PNG\x0d\x0a\x1a\x0a\x00\x00\x00\x0dIHDR\x00\
\x00\x02\x00\x00\x00\x02\x00\x08\x03\x00\x00\x00\xc3\xa6$\xc8\
\x00\x00\x02\xeePLTE\x00\x00\x00\x00\x00\x00\x00\x00\
\x00\x00\x00\x00\x00\x00\x00\x00\x00\x00\x00\x00\x00\x00\x00\x00\
\x00\x00\x00\x00\x00\x00\x00\x00\x00\x00\x00\x00\x00\x00\x00\x00\
\x00\x00\x00\x00\x00\x00\x00\x00\x00\x00\x00\x00\x00\x00\x00\x00\
\x00\x00\x00\x00\x00\x00\x00\x00\x00\x00\x00\x00\x00\x00\x00\x00\
\x00\x00\x00\x00\x00\x00\x00\x00\x00\x00\x00\x00\x00\x00\x00\x00\
\x00\x00\x00\x00\x00\x00\x00\x00\x00\x00\x00\x00\x00\x00\x00\x00\
\x00\x00\x00\x00\x00\x00\x00\x00\x00\x00\x00\x00\x00\x00\x00\x00\
\x00\x00\x00\x00\x00\x00\x00\x00\x00\x00\x00\x00\x00\x00\x00\x00\
\x00\x00\x00\x00\x00\x00\x00\x00\x00\x00\x00\x00\x00\x00\x00\x00\
\x00\x00\x00\x00\x00\x00\x00\x00\x00\x00\x00\x00\x00\x00\x00\x00\
\x00\x00\x00\x00\x00\x00\x00\x00\x00\x00\x00\x00\x00\x00\x00\x00\
\x00\x00\x00\x00\x00\x00\x00\x00\x00\x00\x00\x00\x00\x00\x00\x00\
\x00\x00\x00\x00\x00\x00\x00\x00\x00\x00\x00\x00\x00\x00\x00\x00\
\x00\x00\x00\x00\x00\x00\x00\x00\x00\x00\x00\x00\x00\x00\x00\x00\
\x00\x00\x00\x00\x00\x00\x00\x00\x00\x00\x00\x00\x00\x00\x00\x00\
\x00\x00\x00\x00\x00\x00\x00\x00\x00\x00\x00\x00\x00\x00\x00\x00\
\x00\x00\x00\x00\x00\x00\x00\x00\x00\x00\x00\x00\x00\x00\x00\x00\
\x00\x00\x00\x00\x00\x00\x00\x00\x00\x00\x00\x00\x00\x00\x00\x00\
\x00\x00\x00\x00\x00\x00\x00\x00\x00\x00\x00\x00\x00\x00\x00\x00\
\x00\x00\x00\x00\x00\x00\x00\x00\x00\x00\x00\x00\x00\x00\x00\x00\
\x00\x00\x00\x00\x00\x00\x00\x00\x00\x00\x00\x00\x00\x00\x00\x00\
\x00\x00\x00\x00\x00\x00\x00\x00\x00\x00\x00\x00\x00\x00\x00\x00\
\x00\x00\x00\x00\x00\x00\x00\x00\x00\x00\x00\x00\x00\x00\x00\x00\
\x00\x00\x00\x00\x00\x00\x00\x00\x00\x00\x00\x00\x00\x00\x00\x00\
\x00\x00\x00\x00\x00\x00\x00\x00\x00\x00\x00\x00\x00\x00\x00\x00\
\x00\x00\x00\x00\x00\x00\x00\x00\x00\x00\x00\x00\x00\x00\x00\x00\
\x00\x00\x00\x00\x00\x00\x00\x00\x00\x00\x00\x00\x00\x00\x00\x00\
\x00\x00\x00\x00\x00\x00\x00\x00\x00\x00\x00\x00\x00\x00\x00\x00\
\x00\x00\x00\x00\x00\x00\x00\x00\x00\x00\x00\x00\x00\x00\x00\x00\
\x00\x00\x00\x00\x00\x00\x00\x00\x00\x00\x00\x00\x00\x00\x00\x00\
\x00\x00\x00\x00\x00\x00\x00\x00\x00\x00\x00\x00\x00\x00\x00\x00\
\x00\x00\x00\x00\x00\x00\x00\x00\x00\x00\x00\x00\x00\x00\x00\x00\
\x00\x00\x00\x00\x00\x00\x00\x00\x00\x00\x00\x00\x00\x00\x00\x00\
\x00\x00\x00\x00\x00\x00\x00\x00\x00\x00\x00\x00\x00\x00\x00\x00\
\x00\x00\x00\x00\x00\x00\x00\x00\x00\x00\x00\x00\x00\x00\x00\x00\
\x00\x00\x00\x00\x00\x00\x00\x00\x00\x00\x00\x00\x00\x00\x00\x00\
\x00\x00\x00\x00\x00\x00\x00\x00\x00\x00\x00\x00\x00\x00\x00\x00\
\x00\x00\x00\x00\x00\x00\x00\x00\x00\x00\x00\x00\x00\x00\x00\x00\
\x00\x00\x00\x00\x00\x00\x00\x00\x00\x00\x00\x00\x00\x00\x00\x00\
\x00\x00\x00\x00\x00\x00\x00\x00\x00\x00\x00\x00\x00\x00\x00\x00\
\x00\x00\x00\x00\x00\x00\x00\x00\x00\x00\x00\x00\x00\x00\x00\x00\
\x00\x00\x00\x00\x00\x00\x00\x00\x00\x00\x00\x00\x00\x00\x00\x00\
\x00\x00\x00\x00\x00\x00\x00\x00\x00\x00\x00\x00\x00\x00\x00\x00\
\x00\x00\x00\x00\x00\x00\x00\x00\x00\x00\x00\x00\x00\x00\x00\x00\
\x00\x00\x00\x00\x00\x00\x00\x00\x00\x00\x00\x00\x00\x00\x00\x00\
\x00\x00\x00\x00\x00\x00\x00\x00\x00\x00\x00\x00\x00\x00\x00\x00\
\x00\x00\x00\xff\xff\xff\xb5q&\x8c\x00\x00\x00\xf8tR\
NS\x00\x01\x02\x03\x04\x05\x06\x07\x08\x09\x0a\x0b\x0c\x0d\
\x0e\x0f\x10\x11\x12\x13\x14\x15\x16\x17\x18\x19\x1a\x1b\x1c\x1d\
\x1e\x1f !\x22#$%&'()*+,-\
./0123456789:<=>\
?@ABCDEFGHIJKLMN\
OPQRSTUVWXYZ[\x5c]^\
_`abcdefghijklmn\
opqrsuvwxyz{|}~\x7f\
\x80\x81\x83\x85\x86\x88\x89\x8a\x8b\x8c\x8d\x8e\x8f\x90\x91\x92\
\x93\x94\x95\x96\x97\x98\x99\x9a\x9b\x9c\x9d\x9f\xa0\xa1\xa2\xa3\
\xa4\xa5\xa6\xa7\xa8\xa9\xaa\xab\xac\xad\xae\xaf\xb0\xb1\xb2\xb3\
\xb4\xb5\xb6\xb7\xb8\xb9\xba\xbb\xbc\xbd\xbe\xbf\xc0\xc1\xc2\xc3\
\xc4\xc5\xc6\xc7\xc8\xc9\xca\xcb\xcc\xcd\xce\xcf\xd0\xd1\xd2\xd3\
\xd4\xd5\xd6\xd7\xd8\xd9\xda\xdb\xdc\xdd\xde\xdf\xe0\xe1\xe2\xe3\
\xe4\xe5\xe6\xe7\xe8\xe9\xeb\xec\xed\xee\xef\xf0\xf1\xf2\xf3\xf4\
\xf5\xf6\xf7\xf8\xf9\xfa\xfb\xfc\xfd\xfeT\x88\xb2k\x00\x00\
\x00\x01bKGD\xf9LdW\xf0\x00\x00\x12\xc3I\
DATx\xda\xed\x9d\xfb\x7fT\xe5\x9d\xc7\xcf$\xe4\
\x02\xac\x22\x22W\x97&\x04\xd2p+\xdaEp\xad\x02\
v[E\x05\x82@\xb4\xb4]v\xa5\x18\xf0\x82AT\
,\xb8\xa8k\xa1\xa85\xdbU\xa0\xd6B\x12@\x05\xb5\
\x1a\x04\x09\x17\xb1\x05\x81\x82\x0a\xca\xc5\x82\xe1\x16!A\
\x0d\x84K\xae3\xf3\xfc\xb8?\xf8\xda]\xc5@\xe6\x9c\
\xe7yf\xcey\x9e\xf7\xfb\x0f\x98o>\xdf\xcf\xfb5\
9s\xce\xcc9\x8ec\x1e\x9d\xae\x19;\xbdp\xc5\xda\
\xcd;\xca?\xaf\x0e\x0bI\x9a\xaa?/\xdf\xb1i\xed\
\x8a\xc2\x07\xc7^\xd3\xd1\x01\x7f\xd3\xe1\xe6\x99\xaf\xed\xad\
\x15\xda\xa8\xdd\xb3\xe2\xd77u`\xcf~$e\xe8\xaf\
W\x1c\x12q\xe1\xd0\xf2G\x87\xa4\xb0q?\xd1e\xc2\
\xab'E\x5c9\xbb\xb6 \x83\xbd\xfb\x82\xa4a\xcf\xec\
\x11\x09a\xf7\xd3C\x93\xd8\x7f\x82\xc9y\xa2\x5c$\x90\
\x8a99t\x908\xda\xe7o\x8a\x8aD\xb3\xa3\xa0\x13\
M$\x84\x81\xcb\x1a\x84/hX\xfaC\xda\x88;\xd7\
\x97\x0a\x1f\xb1id\x88J\xe2\xf9\x99o\xc2'\xc2g\
|\x9c\x9fN/q\x22yR\x85\xf0!G\xef\xe23\
A\x5c\xf8\xc9N\xe1S\xf6\xe6\xd1\x8ev\xfa\xbd-|\
\xccZ\x0e\x07\xf5reQD\xf8\x9a\xc8\x9f\xba\xd2\x92\
>\xf2\xbe\x12\xbe\xe7T>\x1f\x084\x91Y&\x02\xc1\
;\x5c%\xd0A(\xff\xb4\x08\x08\xe7f\xf0y@9\
Y\xef\x89\x00\xb1\xb1\x07\x8d\xa9ed\xb5\x08\x145c\
\xe9L!\xad\x9e\x88\x88\x80\x11-\xe4;#\xca\xe8\xb4\
N\x04\x90\xf7\xf8@\xa8\x88!\xc7E 9\xf1/t\
\xa7\x82\xc9a\x11P\x9a&\xd2\x9e<3D\x80\x99C\
\x7f\x92$/\x10\x81\xe6\xa5Vt(C\xfar\x11p\
\xfe\xdc\x9a\x16\xbd\xd3\xfe\xaf\x22\xf0l\xb9\x82\x1e\xbd\xd2\
n\x870\x80\x9d\x97\xd3\xa47.\xdd&\x8c`\xcb%\
t\xe9\x856\x1b\x85!ljK\x9b\xeeI]%\x8c\
\xa1,\x8d>\xdd\x92\xf2\x960\x887\xf84\xe8\x96\x22\
a\x14/\xd1\xa8E\xe7\xff\x9ac\x1a\x9d\xba\xe1\xe6\xb0\
i\x02\x84o\xa5\xd5\xd8\xc99)\x8c\xa3\xa6/\xbd\xc6\
|\x02p\xbf0\x90O/\xa3\xd9\x18/\x00\x95\x09#\
Y\x9dL\xb711[\x18\xcaL\xba\x8d\x85\x81\x8d\xa6\
\x0a\xd04\x98vc8\x03\xfc\xa90\x96}m\xe8\xb7\
E\x16\x08\x83\xf9=\xfd\xb6\xc4\xf0\xa8\xc9\x02Do\xa3\
\xe1\x8b\xd3\xb1J\x18\xcdq\xee3zq\x16\x0b\xc3\xf9\
#\x1d_\x8c\xeb\xa2\xa6\x0b\x10\xb9\x96\x96/L\xd26\
a<;\xf8\xe5\xf0\x85\x99,,\xe0W\xf4|\xc1k\
\x00_\xd8 \xc0\x97\x1c\x07^\x88\xe7\x85\x15\x14\xd2t\
\xf3\xf4\x09\xdb!@\x137\x98n\x9e\x12a\x09\x8b\xe8\
\xba9z5\xd9\x22@8\x9b\xb6\x9ba\x91\xb0\x06\xce\
\x065CV\x93=\x024r\x0f\xa9\xef\xf2\xa2\xb0\x88\
\xf9\xf4}>\xdd\x1bl\x12\xa0\x91{I\x9e\xcfo\x85\
U\xfc\x86\xc6\xbfM\xea\x09\xbb\x04\xa8\xe2&r\xdf&\
OX\xc6\x18:\xff\x16e\xb6\x09\xb0\x9a\xce\xbfI\x8f\
\x88m\x02D2i\xfd\x1b<%\xac\xe3?i\xfd\xff\
iu\xcc>\x01*\x83x\x18\x98>\xec\xa1\x85\x1b\xcb\
O\x9c\x15\xe0C\xce\x9e(\x7fw\xe1\xf4a\xda\x1e_\
\xd7\xf5\xa1\xf5ul\xd9\xff\xd4\xae\x9f\xdeE}\xfb\xa1\
Q\xab\xc3\xec60\x97\x1bW\x8dR\xfb\xe0\xa2\xa4\xf1\
\x1f\xb3\xd5`\xb1\xebg\x0a\xbf|z\xf5\xfb,4x\
\xecP\xf5S\xd4\xf4\xe7x\xf3\x0f\xe6?\x82g\x95\xdc\
\x9d.s+\xab\x0c*\x1f\xf6\x92\xef\xff\x96\xd3\xec1\
\xb8\xd4\xdc,\xdb\xff/\x1a\xd9b\x90\x91}h\xc9\x94\
(;\x0c6\xd1|\x99\xfeGs\xf8\x17x\x22\x12\xcf\
\xb4\xbf\xb1\x9e\xfd\x05\x9f\xfa!^\xfb\xef|\x9c\xed\x99\
@\x95\xc7\x07\x18&\xadewf\xb0\xc1\xdb\x0d\x0a\xa7\
\xb39S(\xf0t\xf1\xef\x14\x8b3\x85\xd3\xdd<\x08\
\xf02{3\x87%\xee\xfb\x1f\xc0\x19\x00\x93\xce\x06\xf4\
\xe7\x0d\xc0nJ\x5c\xffT\x93S@F\x11v\xfbs\
\xd4'\xd9\x99Y\xccv\xf9\x0d\xb0rVf\x16\x07\xdc\
}G\xecGl\xcc4\xdc}?\xe8q\x16f\x1a\xb3\
\x5c\x09\xb0\x91\x85\x99\xc6:7\xfd\xa7q\x19\xd08\xea\
\xdc\xfc\x12\xa9\x1f\xfb2\x8f\xde.\x04\x18\xc3\xba\xcc#\
\xd7\x85\x00\x8f\xb2.\xf3x\xc4\x85\x00\xf3X\x97y\xcc\
u!\xc0\x02\xd6e\x1e/\xb8\x10\xa0\x84u\x99G1\
\x02 \x00\xff\x02\xf8\x17\xc0A \x07\x81-3\x83u\
\x99\xc7\xc3\x9c\x08\xb2\x1b7'\x82\xfa\xb2.\xf3p\xf3\
\xa0\x9aT.\x06\x19G\xad\xab\xdb\xd2\xbd\xcb\xc2L\xc3\
\xd5\xe5`g6\x0b3\x8d\x99\xae\x04\xb8\x8e\x85\x99\xc6\
 \xbe\x14j5.\xbf\x14\xca\xd7\xc2M\xc3\xe5\xd7\xc2\
\xf9a\x88a4\xb9\xbe;\xfd2\x96f\x12\xc5n\xfb\
w\xfaF\xd8\x9a9x\xf8q(o\x01v\xbf\x018\
N\x17n\x10a\x0c5^n\x10\xe1Lcq\xa60\
\xd5\xdbM\xa2\xca\xd8\x9c\x19x\xbcI\x94\xd3\x89\xdb\xc4\
\x19A\x95\xe7\x07\x88\x0c\xe5\xa2\xa0\x01\xd4]\xef\xfdV\
\xa1\xb9\x9c\x0e\x0a<\x91q27\x0b\x9e\xcc\xad\xa2\x82\
\xde\xbf\xd4\xcd\xa2\x1d\xe7\xe7\x0d\xec0\xc84\x8c\x97}\
`\xc0M\x9c\x0e\x080'\x7f*\xff\xc8\x90\x8c-\xec\
1\xa8|\xd0S\xc5C\x83\xd2\x9eib\x95A\xa4i\
^\xaa\xa2\xe7\x86]\xb5\x99m\x06\x8f\xed\x83\x1ce\x84\
\xf2v\xb2\xd0`\xf1\xd18\xb5\xcf\x0e\x0d\x8dX\xc9?\
\x82\xe0\xbc\xf9\xaf\x1c\xa1\xb6\xfe\xaf\x1f RPv\x8e\
\xdd\xfa\x9fsk\x1e\xe8\xa4\xeb\x01\xe2iC\xa6\xcd\xdf\
\xf0Y\xe5\x19\xb6\xecG\xceT\x1e\xd80\x7f\xda\x0d\xa9\
N\x5c\x91\xfd\xab\x1d\xcb\x09\xfc\xfe\x10\x00\x01\x10\x00\x01\
\x10\x00\x01\x10\x00\x01\x10\x00\x01\x10\x00\x01\x10\x00\x01\x10\
\x00\x01\x10\x00\x01\x10\x00\x01\x10\x00\x01\x10\x00\x01\x10\x00\
\x01\x10\x00\x01\x10\x00\x01\x10\x00\x01\x10\x00\x01\x10\x00\x01\
\x10\x00\x01\x10\x00\x01\x10\x00\x01\x10\x00\x01\x10\x00\x01\x10\
\x00\x01\x10\x00\x01\x10\x00\x01\x10\x00\x01\x10\x00\x01\x10\x00\
\x01\x10\x00\x01\x10\x00\x01\x10\x00\x01\x10\x00\x01\x10\x00\x01\
\x10\x00\x01\x10\x00\x01\x10\x00\x01\x10\x00\x01\x10\x00\x01\x10\
\x00\x01\x10\x00\x01\x10\x00\x01\x10\x80\x00\x08@\x00\x04 \
\x00\x02\x10\x00\x01\x08\x80\x00\x04@\x00\x02 \x00\x01\x10\
\x80\x00\x08@\x00\x04 \x00\x02\x10\x00\x01\x08\x80\x00\x04\
@\x00\x02 \x00\x01\x10\x80\x00\x08@\x00\x04 \x00\x02\
\x10\x00\x01\x0c\x09\x10\xeaw\xf7\xd3\xa5\xfb*\xaa\xc5\xd9\
\x13\xe5\xef.\x9c>,]_\xd8\xf4a\x0f-\xdcX\
~\xe2\xac\xa8\xae\xd8W:oR_\x04Hx\x80\xb4\
q/W\x9d\xf7\x8a\xb5\xeb\xa7w\xd1\x91\xb4\xebC\xeb\
\xeb\xce\x1bU\xb9ll\x1a\x02$0@\xef\xf9\xd5\xcd\
\xbehx\xd5\xa8\x90\xda\x98\xa1Q\xab\xc3\xcd\x8e\xaa~\
!\x07\x01\x12\x14\xe0\xea\xe5\x91\x0b\xbf\xee\xae\x9f%\xa9\
\x0b\x994\xfe\xe3\x0bO\x8a\xbc2\x00\x01\x12\x10\xe0\xb2\
\xc2\xf0\xc5_y\xc7`U\x19\xaf~\xff\xe2\x93\x22E\
\x1d\x10 \xde\x01\xf2N\xb4\xf8\xd2\xe1g\xd3T$L\
\x7f.\xdc\xe2\xa8\xaa\xb1\x08\x10\xd7\x00i\x851\xbd\xf8\
\x87\xbd\xe4\x03fn\x8diTQk\x04\x88_\x80\xae\
\x1f\xc4\xf8\xea57\xcb\xe6\xbb\xe5t\x8c\xa3\xb6wF\
\x80x\x05\xe8q \xe6\x97o\x9a(\x17\xef\x17\x8d1\
\x8f:\x98\x8d\x00\xf1\x09\xd0\xa7\xca\xc5\xebG\xf3e\xd2\
M\x89\xba\x18U\x99\x83\x00\xf1\x08p\xe5aW\x03\x22\
y\xde\xc3\x8d\x0e\xbb\x1aU\xd1\x1d\x01\xf4\x07\xb8l\x8f\
\xcb\x09\xf5C\xbcf\xbb\xb1\xde\xe5\xa8\x8f/E\x00\xed\
\x01V\xb8\x1eQ\xd5\xd5[\xb4\xce\xc7]\x8fz\x05\x01\
t\x07\xb8\xdf\xc3\x8c\x0d\xc9\x9eN\xff\xad\xf50j2\
\x02\xe8\x0d\x90]\xe7eH\x81\x97d\xd3\xbdL\xaa\xcd\
B\x00\xad\x01\xde\xf64\xe4t7\x0f\xe7\x1aNy\x1a\
\xf5\x0e\x02\xe8\x0c0\xd6\xe3\x94%\xee\x83\xbd\xecqT\
.\x02\xe8\x0b\x10\xfa\xc4\xe3\x94h\x7f\xb7\xb9\x06D=\
\x8e\xda\x9d\x84\x00\xda\x02\x8c\xf1<\xa6$^o\x00B\
\x8cB\x00m\x01\xb6y\x1e\x13\xee\xe1.VV\xd8\xf3\
\xa8-\x08\xa0+@_\x899\xb3\xdd\xc5zRbT\
?\x04\xd0\x14`\xae\xc4\x9c\x03\xae\xbe#\x16*\x97\x18\
\xf5\x14\x02h\x0aP!3\xc8\xd5\xf7\x83~$3\xe9\
\x10\x02\xe8\x09\xd0Gj\xd0,7\xa9\x1e\x97\x1a\x95\x8d\
\x00Z\x02\xdc'5h\x9d\x9bT\x1b\xa5FMF\x00\
-\x01^\x91\x1aT\x97\x12\xfb\xa4\xb4z\xa9QK\x11\
@K\x80\xddr\x93z\xc7>\xa9\x9f\xdc\xa4]\x08\xa0\
#@r\x9d\xdc$\x17\xe7h\xc7\xc8M\xaaKF\x00\
\x0d\x01\xb2$'=\x12\xfb\xa8G%Ge\x22\x80\x86\
\x00\x83%'\xcd\x8d}\xd4<\xc9Q\x03\x11@C\x80\
\x1fKNz!\xf6Q\x0b$G\x0dC\x00\x0d\x01r\
%'\x15\xc7>\xaaDr\xd4(\x04\xd0\x10 Or\
\xd2\xab\xb1\x8fzUrT\x1e\x02 \x00\x02 \x00\x02\
 \x00\x02 \x00\x02 \x00\x02 \x00\x02 \x00\x02 \
\x00\x02 \x00\x02 \x00\x02 \x00\x02 \x00\x02 \x00\
\x02 \x00\x02 \x00\x02 \x00\x02 \x00\x02 \x00\x02\
 \x00\x02 \x00\x02 \x00\x02 \x00\x02 \x00\x02 \
\x00\x02 \x00\x02 \x00\x02 \x00\x02 \x00\x02 \x00\
\x02 \x00\x02 \x00\x02 \x00\x02 \x00\x02 \x00\x02\
 \x00\x02 \x00\x02 \x00\x02 \x00\x02 \x00\x02 \
\x00\x02 \x00\x02 \x00\x02 \x00\x02 \x00\x02 \x00\
\x02 \x00\x02 \x00\x02 \x00\x02 \x00\x02 \x00\x02\
 \x00\x02 \x00\x02 \x00\x02 \x00\x02 \x00\x02 \
\x00\x02 \x00\x02 \x00\x02 \x00\x02 \x00\x02 \x00\
\x02 \x00\x02 \x00\x02 \x00\x02 \x00\x02 \x00\x02\
 \x00\x02 \x00\x02 \x00\x02 \x00\x02 \x00\x02 \
\x00\x02 \x00\x02 \x00\x02 \x00\x02 \x00\x02 \x00\
\x02 \x00\x02 \x00\x02 \x00\x02 \x00\x02 \x00\x02\
 \x00\x02 \x00\x02 \x00\x02 \x00\x02 \x00\x02 \
\x00\x02 \x00\x02 \x00\x02 \x00\x02 \x00\x02 \x00\
\x02 \x00\x02 \x00\x02 \x00\x02 \x00\x02 \x00\x02\
 \x00\x02 \x00\x02 \x00\x02 \x00\x02 \x00\x02 \
\x00\x02 \x00\x02 \x00\x02 \x00\x02 \x00\x02 \x00\
\x02 \x00\x02 \x00\x02 \x00\x02 \x00\x02 \x00\x02\
 \x00\x02 \x00\x02 \x00\x02 \x00\x02 \x00\x02 \
\x00\x02 \x00\x02 \x00\x02 \x00\x02 \x00\x02 \x00\
\x02 \x00\x02\x98+@\xae\xe4\xa4\xe2\xd8G\x95H\x8e\
\x1a\x85\x00\x1a\x02\xfcXr\xd2\x0b\xb1\x8fZ 9j\
\x18\x02h\x080Xr\xd2\xdc\xd8G\xcd\x93\x1c5\x10\
\x014\x04\xc8\x92\x9c\xf4p\xec\xa3fH\x8e\xcaD\x00\
\x0d\x01\x92\xeb\xe4&\xe5\xc6>j\x8c\xdc\xa4\xbad\x04\
\xd0\x11`\xb7\xdc\xa4\x9c\xd8'\xf5\x95\x9b\xb4\xcbA\x00\
\x1d\x01^\x96\x1aT\x9b\x12\xfb\xa4\xd4z\xa9QK\x11\
@K\x80{\xa5\x06\xads\x93\xea]\xa9Q\xf9\x08\xa0\
%@o\xa9A3\xdd\xa4\x9a-5\xaa\x17\x02\xe8\x09\
pTf\xd0 7\x93\xae\x93\x99t\xd0A\x00=\x01\
\xe6J\xcc9\x10r3)T.1\xea)\x04\xd0\x14\
@\xe6\xe0|\xb6\xbbXOJ\x8c\xea\x87\x00\xba\x02l\
\xf5<\xa6)\xd3]\xac\xac\xb0\xe7Q\xef;\x08\xa0+\
\xc0\xed\xf1\xb8\x12\xf45\xcb\xe2q%\x08\x01\x5c\x06\x08\
}\xe2qJ\xb4\xbf\xdb\x5c}#\x1eG\xed\x0c!\x80\
\xbe\x00\xb7\xc7\xeb\x0d\xc0\xfb[\xc0H\x07\x014\x06X\
\xe9iHM7\xf7\xc1\xba\x9c\xf24j\xb5\x83\x00:\
\x03\xf4\xf2tEh\xaa\x97d\xd3<\x9dp\xee\x81\x00\
z\x03\xdc\xe7a\xc6\x86d/\xc9\x92\xca4\x9f\x05F\
\x00O\x01\x96\xb8\x1eQ\xd5\xc5[\xb4N\xc7]\x8fz\
\xc5A\x00\xdd\x01\xda\xb9\xfd$Pw\xbd\xd7lC\xdd\
^\x14\xdcu\x09\x02\xe8\x0f\xd0\xed\x90\xab\x01\x91q\xde\
\xc3\xe5\xba;\x1dt\xb4\xbb\x83\x00q\x08\xd0\xbb\xcaM\
\xff\xf92\xe9&G]\x8c\xaa\xfc\xbe\x83\x00q\x09\xd0\
c\x7f\xcc/\xdf0^.\xde\xcf\x1bb\x1eU\x9e\xed\
 @\x9c\x02t\xde\x1e\xe3\xab\x9f\xfc\xa9l\xbe\x9bb\
=\x1d\xb0\xb5\x93\x83\x00q\x0b\x90V\x18\xd3{\xf3\x07\
=\xe5\x03fl\x89)\xc7\xc2T\x07\x01\xe2\x19`L\
\xcb\x07\x02M\xf3RU$L{\xa6\xa9\xe5\x7f\xff\xa3\
\x83\xb6\xbf\xc0\x0b\xe0\xb4+l\xe1\x10}\xfb U\x19\
\xaf\xda\xdc\xc2\x81\xe6\xc2v\x0e\x02\xc4?\xc0\x0f\x96]\
\xe4\x8a\xddG\xe3B\xeaB\x86\xf2v^xRxi\
\xbf`\xee/\xf0\x028\xce\xf7\x9f\xff\xaa\xf97\xff\x95\
#Bjc\x86F\xacl\xfe\x1f\xc1\x97\xff\x9d\x1d\xdc\
\xfd\x05^\x00\xc7I\x1d]r\xfe\x09\xdbsk\x1e\xe8\
\xa4#i\xe7\x82\xb2s\xe7\x8d:V\x94\x9b\x1a\xec\xfd\
\x05^\x00\xc7q\x9c>\xbf\xfa\xed\x9b{\x8fV\x8b3\
\x95\x076\xcc\x9fvC\xaa\xbe\xb0iC\xa6\xcd\xdf\xf0\
Y\xe5\x19Q}t\xef\x9f\xe7N\xecm\xc6\xfe,\x0f\
\xc0\xfe\x10\x80\xfd!\x00\xfbC\x00\xf6\x87\x00\xec\x0f\x01\
\xd8\x1f\x02\xb0?\x04`\x7f\x08\xc0\xfe\x10\x80\xfd\xc5!\
@\xc8\xee\xfeC\x81\x17\xa0Q2@\x1b\xbb\x05h+\
\xb9\xbe\x86\x84'8+\x99\xa0\x93\xdd\x02t\x91\x5c\xdf\
\x99\x84'\xa8\x96L\xd0\xd3n\x01\xb2%\xd7\xf7e\xc2\
\x13TI&\xb8\xdan\x01\xfeIr}\xc7\x12\x9e\xe0\
\x88d\x82\xeb\xed\x16`\xa8\xe4\xfa\x0e%<\xc1~\xc9\
\x04\xe3\xec\x16\xe0\x0e\xc9\xf5}\x9a\xf0\x04\x7f\x93L0\
\xd3n\x01\xfeCr}[\x12\x9e`\x95d\x82\xc5v\
\x0b \xfbl\x92\xd2\x84'(\x96L\xb0\xcdn\x01v\
H\xaeoQ\xc2\x13\xfcN2\xc1)\xbb\x05\xa8\x91\x5c\
\xdf\xd3\x09O\xf0\x98\xec\xb9\xcc\xee6\xf7\x9f!\x02\x7f\
\x085E6\xc2/m\x16\xe0\xdfd\xb7\x97\x9f\xf0\x08\
\xb7\xc9Fx\xc9f\x01\x16\xc9nox\xc2#\xf4\x95\
\x8dp\xc4f\x01\x0e\xcbn/'\xe1\x11ZGe3\
d\xd9\xdb\xbf\xec\x95\x00\x11MO|\x08\xd9\x8b\x01b\
\xb2\xbd\x02\xdc+\xbb\xbbc>\x08\xb1U6\xc4F{\
\x05\xd8$\xbb\xbbM>\x08\xb1T\xfam,\xd3\xd6\xfe\
\xb3\xa4\xff}\x16\xfb \xc5L\xd9\x10b\x96\xad\x02<\
.\xbd\xbaG|\x90b\x84t\x8a\xfd\xb6~/\xf0\xef\
\xd2\xab\xbb\xc5\x84\x93Y\xd6~'`\x88\xfc\xe6\xfcp\
\x1a5tR:\xc6J;\x05X-\xbd\xb8j_\xe4\
\xf8\x8b\xbc\xc8\x03m\xec\xff\x87\xd2\x87\x80>\xf9\x00\xf5\
_\xf2\x02,\xb7Q\x80\xd7\xe5\xf7V\xe8\x8b w\xca\
\x07\x89\xf4\xb3\xaf\x7f\xcfO\xa5\xfa\x06y\xbeH\xd2]\
>\x88x\xdd>\x01J\x15\xac\xedJ\x7fD9\xaa \
\xca\x08\xdb\xfa\xcfU\xb0\xb4\x83>\xc9\xb2LA\x96\xcf\
\xd2\xed\xea\xbf\xf5A\x05K+\xf6I\x98\xfb\x15d\x11\
O\xd8%\xc0oT\xecl\x8a_\x0egT\x84\xa9\xeb\
cS\xff\xfd\x1bT\xec,\xc7/q\x0e\xabH\xb3\xdb\
\xa2\xdf\x09\xb7\xdd#\x0c:\x04p\x9c\x85*\xe2\x88\x17\
\xed\x11`\x91\x92\x85=\xef\x9b<\xa3\x95\xe4\x11\xffj\
K\xffw\xa9\xd9\x97\x7f>9]\xa2\xe4?\x9a8c\
\xc9\xe9\xa0\x01\xe7\x94\xac\xab\xbe\xad\x7f\x22\xadS\xa3t\
\x85\x15\xbf\x11\xc88\xa6f[k|\x94i\x8a\x9aH\
b\xbf\x05\xf7\x0b\xb9b\x9f\xa2eM\xf2S\xa8&E\
\xa1\xb6\xfd\x83\xe9\xfd\xb7\xd9\xachU\x8d\x1d\xfc\x14k\
\xad\xa2TbM[\xb3\xfbo\xablS\xef\xf8*\xd7\
$U\xb1\xc4\xdf:\x9a\xdc\xff\xe5\x9b\x95-\xea\xdf}\
\x15\xac}\x83\xb2`{\xbfg\xf0\xf1\xdf\xa7\xca\xd6\xd4\
x\xb9\xbf\xa2\xbd\xa1,\x99\xa80\xf6\xd3\xe0\x80c\xea\
\xb6\xf4\x9a\xcf\xb2\xdd\xa6.\x9a\xa8\x9ddf\xff\x13\xce\
*\x5c\xd2p\x9f\x85K:\xa20\x9c(2\xf0P\xb0\
\xf5\x1fTn\xe8h\xb2\xdf\xf2=\xa92\x9e\xf8\xa4\xaf\
i\xfd\xf7\xdf\xa3tA\x8f\xfb.`\xf7\xb0\xd2\x80\x8d\
\x85F\x9d\x11h\xfdD\xbd\xd2\xf5D2\xfc\x97\xb1T\
\xa8\xe5\xa0A\xdf\x12\xcb=\xacx9o\xf90\xe4\x8d\
B5o\x1a\xf2q\xa0\x7f\xa9\xf2\xd5\x0c\xf5c\xcem\
\xcacFK\x07\x07\xbf\xfe\xab\x8a\xc2\xca\x17\xb3\xdd\x97\
I\xc7\x0b\x0d\xbc}C\xb0\xeb\x1f\xb2Z\xc7V\xee\xf4\
e\xd6\xe4\x83:\xb2\x8a\xc3sz\x05\xb5\xfd\xee3\xfe\
\xaee%\x87Z\xf93\xef4\xa1\x87\xe8_\xa6\x04\xd0\
\x81\xec{\xff\x1a\xd5\xb4\x90\xa9~\xfd\xacsLh\xe3\
\xc8\xa2\x09\x19\xc1)?c\xc2\xe2\xa3\xfavQ\xe1\xdb\
\xdfP\xdc/\xb4R\xb3\xbd\xe4\xb1\xbca\x03{v\xf6\
\xe9y\xc2\xb6\x9d{\x0e\x1cv\xc7cK\xb6\x9f\xd6\xbb\
\x87{|+~\xea!\x01\xda9\x9c\xea\xdf\xb7\xbe|\
\xea\xd1\xcfD\x1f\xff\xefK\xf9\x8c~t\xb3\xbf\x95\x9f\
\x8f~n\xa7 \xdd\x8c\xf4\xf7\xf1o\x19\x0d\xe9e\xbd\
\xcf?\x00\xf5k\xa2#\x9d\x84\x7f\xe0\xf7\x8f\xc0\x0b(\
I'\xbf\xf7\xfd9\x90\x8e_\xd1\x92>\xbe\xe8\xe0{\
\x01\x9c\x89\xd4\xa4\x8f \xfc~6\xc4q\xa0\xbe#\xc0\
@\xdcT7\xf3,M\xe9\xe1\x5c@\x9e\xad\xf10U\
\xe9\xe1\xc1\x80\x5c\x0bk\xb5\x95\xaet\xb099 \x02\
8Y5\xb4\xa5\x9e3\xd9\xc1\xb9\x1e~\x17u\xa9'\
P\x0fX\x5cF_\xaa\x09\xd6\x0d\xb5\xdb\x1f\xa51\xb5\
\x1c\xbe,X\xdf\x88\xbb\xb6\x9e\xceTR?(h\xdf\
\x89\xbc\x87\xd2T\x12\xc0\x1fL\xbfDk\xea(\x0a^\
\xffN\xfa\x0ezS\xc5G\xad\x03(\x80\x93YEs\
j\xa8\x0c\xe8]s\xae\xe1\xa2\x80\x12j\xafu\x02\xca\
\x880\xed\xc9\x13\x19\xed\x04\x96\x07\xa9O\x9e\x07\x9c\x00\
\xf3\x1c\xfd\xc9\xf2L\x90\xfbwB\x7f\xa0A9\x16\x05\
\xfc\xc1\xca\xc9K\xe9P\x86\x15\xc9N\xc0Iy\x8b\x16\
\xbd\xf3f\x8a\x13x\xd2\xd7\xd0\xa3W\xd6\xa49\x06\x90\
\xfa:Mz\xa3\xd4\x90\x87)&/\xa6K/,K\
q\x0c!\xf9\x8f\xb4\xe9\x9e\xa2V\x8e1\x84~G\x9f\
\xae?\xff\x87\x1c\x93(\xe0\xac\xb0+\xc2S\x1d\xc3\x18\
}\x8eVc\xe7\xec(\xc78\x06qu8f*\xaf\
q\x0c$\xe3\x03\x9a\x8d\x8d\xed\x86>5'\xedE\xba\
\x8d\xe9\xf0\xbf\xb5c*\xf9\x0d\xd4\xdb\x12\xf5\x05\x8e\xc1\
\xfc3\xbf\x17h\x81\xc3\x83\x1c\xa3iWB\xc7\x17c\
y{\xc7t\xf2NR\xf3\x85\xa8\xc9w,\xa0\xe7\x16\
\x9an\x9e\xcd=\x1c+H\xca?C\xd9\xdf\xa5vF\
\xb2c\x0b=\xf8\x8e\xc0w\xd8\x98\xed\xd8D\xde\x17T\
\xfeM\xaa\xf3C\x8e]\x5c^\xc8=E\xff\x8fHQ\
G\xc7>z\xaf\xa2\xf9\xafY?\xc0\xb1\x93\xdb\x0fP\
\xbe\x10\xfbG9\xd6\x922\xc1\xfa\x07\x0c\x1c\xc9o\xe5\
\xd8LJ\xfe\xe76\xd7_Q\x90\xee\xd8N\xeb\x82\xc3\
\xb6\xd6\x7fp*\xf5;\x8e\xe3$\x8d\xb4\xf2\xdc\xe0\x87\
\x13Z\xd1\xfd\xffrci\xc4\xae\xf6\xc3o\x0d\xa5\xf5\
o\xd1m\x86E\xcf\x9c\xfb|N&\x8d\x7f\x87\xe4\xdb\
\xdeh\xb4\xa1\xfd\x86\xd7\x86'\xd1v\xf3\xb4\x9fPj\
\xb8\x03\xe1M\x05\x1d\xe9\xf9b\x5c1y\xad\xb1\xdf\x1b\
\xab/\xbb\xbb\x03\x0d\xb7L\x9b\x9f\xcc\xd9g\xe0g\xbe\
\x85y\x97\xd2m\xec\x17\x0a\xee[b\xd0\xe9\x81C%\
\xf7\xe4\xd0\xa9k\xfe\xf1\xce\xc2\xf7\x02\xff\xfd\xb1\xea\xf7\
\x9e\xbb\xe3J\xba\xf4\xce\xf7n}\xb4x\xf3\xf1 V\
\x7flS\xf1\x8c[\xbb\xd3\xa0\x12\xd2{\xdfr\xf7\xac\
g\x17\xaf\xdc\xb2\xbf\xfcxuu\xd4\x9f\x8dG\xab\xab\
\x8f\x97\xef\xdf\xb2r\xf1\xb3\xb3\xee\x1e\xde; gy\
\xff\x07T\xb4H\x01\xc2\x03O\x85\x00\x00\x00\x00IE\
ND\xaeB`\x82\
\x00\x00\x01\xf4\
\x89\
PNG\x0d\x0a\x1a\x0a\x00\x00\x00\x0dIHDR\x00\
\x00\x00\x18\x00\x00\x00\x18\x08\x06\x00\x00\x00\xe0w=\xf8\
\x00\x00\x00\x09pHYs\x00\x00\x0e\xc3\x00\x00\x0e\xc3\
\x01\xc7o\xa8d\x00\x00\x00\x19tEXtSof\
tware\x00www.inksca\
pe.org\x9b\xee<\x1a\x00\x00\x01\x81ID\
ATH\x89\xb5\x96\xc1N\x021\x10\x86\xbf\xc5\x04\xee\
p\x07|\x11\x13\x82\x10q},\xf1\x11P\x1f\x09|\
\x09@B\xb8.x\x00\xb3\xa6\x1ev\xba\x8e\xa5\x95\xdd\
E\x9a\xf4\xd2\xfe\xff?\xedLw\xfe\xc5\x18\x831\x06\
\xa0\x0b\xbc\x02\xef@\x0a\x1c\x80\xb1\xdd\x0fM\xe0I\xb0\
\xa9p_\x80n\xbe/\xa0!\xb0\x05\x8c3\xb7\x05\x02\
\xec|<` \xfb\x5c\x07\xc4\x0f\xc0c\x81\x00c\xc1\
\xba\xfc\x04\xe8 i\xb1\x8bs\xa0\x0f\xd4O\x09{\x02\
\xd5\x81[`\xa1\xf4\x9e\x91\xbc\xd9\x85~\x80\xdc\x036\
\x0a\xb7\x01z\x01\xec@\xe1\x16Hq\xec\xc2\xd1\xc9\x81\
&\xb0\xf6\xa4`\x0d4\x037\xb1\x98\x14\x95\xbf\xbd\x03\
|\x00f\x81\xfc\xea:\xcd\x80\xd8\xe1\xe6\x9a\xb6H;\
]P\x11\x0f\x89\x86f\xac\xf8\xb9f\xa8`o\x15\x02\
L\xbdZ\x81\x00:-GyV\xb8\x96\xc2\xed\xcb\x04\
\xc8O\xa6\xd6b`%\xafn\xf4\x17\xb6j\x00\xfd\x9c\
\x97E\x03\xd4\xb8\xf4(q\x83\x91\xdcb\x09\xdc\x9d\x9b\
\x22]\xe4\xd6%\x8a\xfc\x7f\xcf\x94\xac\x9f\x7f\xa0z?\
\xd5>\xb4{\xc5\xcf5u:\xdcV\x11\x03SN\xb7\
\x8a\xa9\x16w[ED\xd6\x90\xae\xa4\xe6\x0dc\xccg\
\xd1\x07\xe2\x1bQ\x145\x90\x1e\x04|\xd5\xc8\xba\xa2\x1d\
7\xe7\x88{4V\x90y\xa8\xbd\xf2\x9c\xac\x9fW5\
\x9c!\xbf\x0dg\x02\x99\xd9\x87,\xb3\x8c\xe9\xbb\xfc\x04\
hk\x17J<\xa0\xaa\xa6\x9f`M_\x01;d\x1e\
\xba\xe0\xe7\xb7\xa5\x8c\xe9\xa7\xc2\x9d\x00m\xbb\xff\x0d\xe1\
\xe4z\x0b]9\x05\xe9\x00\x00\x00\x00IEND\xae\
B`\x82\
\x00\x00#\xcf\
\x89\
PNG\x0d\x0a\x1a\x0a\x00\x00\x00\x0dIHDR\x00\
\x00\x02\x00\x00\x00\x02\x00\x08\x06\x00\x00\x00\xf4x\xd4\xfa\
\x00\x00\x00\x09pHYs\x00\x00\x0e\xc3\x00\x00\x0e\xc3\
\x01\xc7o\xa8d\x00\x00\x00\x19tEXtSof\
tware\x00www.inksca\
pe.org\x9b\xee<\x1a\x00\x00 \x00ID\
ATx\x9c\xed\xddy\xb4_e}\xef\xf1\xf79!\
\x13Ad\x08\x83Z1Lj\x90A@\xad \x8a\xc8\
 \x08\x8aXA\xbc\x8e\xf5\x02-\xb5-z\xb5\xea]\
]^\xed\xba\xdeR\xf0\xb6\xcb\xa9\xad\xd4y\xa8\xad\xa0\
\xad\xe2\x00\x0a\xe5\xaa\x8cZ\x11-\x10@\x90Ie\x0a\
\x89\x80d !\xc9\xfd\xe39\x91$\x9c\x93\xf3\xdb\xbf\
\xdf\xde\xfb\xbb\x9f\xfd\xbc_k=\xeb\x04\x92s\xf2=\
\xcf\xefw\xf2\xfd\xecg\xef\xfd\xec1$\xf5\xcd\x1c`\
\x07`\xbb\x89\xb1\xfd\xc4\xc7m\x80\xb1\x89\xb1\xcd&\x9f\
\xf3\x00\xb0nb<\x00,\x05\x96L|\x5c\x0a,\x06\
V\xb6P\xbb\xa4\x96\x8cE\x17 i(;\x02{\x03\
\x0b\x81\xdd\x81]6\x18;5\xf4w\xde\x03\xdc\xb9\xc1\
\xb8\x15\xb8\x01\xb8\x96\x14\x10$e\xc4\x00 u\xdf\x1e\
\xc0\xefO\x8c\xbd\x81}\x80\xf9\xa1\x15=\xdeb\xe0:\
R\x18\xf8\xe1\xc4\xf8EhE\x926\xcb\x00 u\xcb\
\x0c\xe0@\xe0\x08\xe0 \xe0\xf9t\xaf\xd9\x0fj1p\
\x15p\x05\xf0\x1f\xc0\xd5\xc0\xda\xd0\x8a$\xfd\x8e\x01@\
\x8a\xb7\x00x)p$\xf0\x12`\xdb\xd0j\x9a\xb3\x04\
\xb8\x04\xb8\x18\xf8\x0epGl9\x92$\xb5o7\xe0\
\x0c\xe02\xd2Q\xf1\xba\x02\xc7\xf5\xc0\xfb\x81\xbdF\x9b\
JI\x92\xbam7\xe0\xaf\x80E\xc47\xdf\xae\x8d\xeb\
\x81\xf7\x01\xbb\x0e=\xbb\x92$u\xc8\x1c\xe0D\xe0\x22\
\xca=\xd2\xaf:~\x0c\x9c\x06l5\xc4|K\x92\x14\
\xeaY\xc0\xc7\x81\x87\x88o\xa8\xb9\x8e\x87\x80\x7f\xc4S\
\x04\x92\xa4\x8e\x1b']\xbd\xff\x0d<\xda\xaf{\x5cF\
ZI\x991\xf0\xab!IR\xc3f\x91\x96\xaco&\
\xbeQ\xf6}\xfc\x1c8\x05\x989\xd0+#IR\x03\
f\x01o\x04n!\xbe1\x966\xee \xddE1g\
\xdaWI\x92\xa4\x9a\xcc\x04\xde\x0a\xfc\x92\xf8FX\xfa\
\xb8\x138\x1dW\x04$I\x0d;\x82\xb4\xe5mt\xe3\
sl<n\x22]# IR\xad\x9e\x03|\x8f\xf8\
F\xe7\xd8\xfc\xb8\x128x\xf2\x97P\x92\xa4\xc1\xcd\x07\
>\x8bW\xf5\xe74\xd6\x00\x9f\x22=\x06Y\x92\xa4J\
\xc6H\x17\xf8\xddG|Cs\x0c7\x96\x92\xee\xce\xf0\
\x99'\x92\xa4\x81\xecA\xda\xb9/\xba\x819\xea\x19\xdf\
\x07\x16\x22I\xd2\x14\xc6HG\x8c\xcb\x88oZ\x8ez\
\xc7\x0a\xe0\xdd\xa4\xcd\x9a$I\xfa\x9d]H\x8f\xaa\x8d\
nT\x8ef\xc7\xc5\xc0S\x91$\x89t\xfb\xd8R\xe2\
\x9b\x93\xa3\x9d\xf1\x00i\xa5G\x92T\xa8-\x81/\x10\
\xdf\x90\x1c1\xe33\xc0\x5c$IE\xd9\x13\xf8\x19\xf1\
M\xc8\x11;~J\xba\xe8S\x92T\x80W\x00\xbf!\
\xbe\xf98\xba1\x1e\x04^\x8d$\xa9\xb7\xc6\x803q\
S\x1f\xc7\xe3\xc7Z\xe0\x03\xb8g\x80$\xf5\xcel\xe0\
K\xc47\x1aG\xb7\xc7W\xf0\xba\x00I\xea\x8d\xf9\xc0\
\xa5\xc47\x17G\x1e\xe3*`'$IY{\x16p\
\x1b\xf1M\xc5\x91\xd7\xb8\x15w\x0f\x94\xa4l\x1d\x08,\
&\xbe\x998\xf2\x1cK\x81\xdfG\xea)\xb7\xc5T_\
\xbd\x90\xb4\xb3\xdf\xfc\xe8B\x94\xadmI;\x07\xbe$\
\xba\x10I\xd2`\x0e\x03~K\xfc\x11\xa4\xa3\x1fc\x19\
\xf0R$I\x9dv<\xb0\x92\xf8\xa6\xe1\xe8\xd7XI\
zoI\x92:\xe8Xl\xfe\x8e\xe6\xc6*\xe0\x04$\
I\x9db\xf3w\xb41\x0c\x01\x92\xd4!6\x7fG\x9b\
\xc3\x10 I\x1d`\xf3wD\x0cC\x80$\x05\xb2\xf9\
;\x22\x87!@\x92\x02\xd8\xfc\x1d]\x18\x86\x00Ij\
\x91\xcd\xdf\xd1\xa5a\x08\x90\xa4\x16\xd8\xfc\x1d]\x1c\x86\
\x00egFt\x01R\x05\xc7\x02_%=\xdaW\xea\
\x92\x19\xc0\xab\x80\xeb\x80\x1b\x83k\x91\x06b\x00P.\
l\xfe\xea:C\x80\xb2b\x00P\x0el\xfe\xca\x85!\
@\xd9\x18\x8b.@\x9a\xc6\x09\xc0\x97\x81\x99\xd1\x85d\
\xe6!\xe0f\xe0\x96\x89\x8f\x8b\x81\xe5\xc0\x83\xa4\x87\xdb\
,'=0\x09\xe0\x09\xc0\x96\xc0<\xe0\x89\x13\xbf\xde\
\x11\xd8\x03\xd8s\xe2\xe3\xd6-\xd6\xde\x07\xab\x81\xd7\x00\
\xff\x1e]\x884\x15\x03\x80\xba\xcc\xe6?\x98_\x01?\
\x00.\x03\xae%5\xfc{k\xfe;v\x02\x9e\x0e\xec\
Mz\xd4\xf2\x8b\x80\xa7\xd4\xfcw\xf4\x8d!@\x92\x86\
p\x02\xe9\xca\xea\xe8\xab\xbb\xbb8n\x07>\x0d\xbc\x09\
\xd8m\xc8\xf9\xad\xc3\xee\xc0\x9b\x81\xcf\x00w\x12?/\
]\x1c\xde\x1d I\x15\xd8\xfc\x1f?n\x01\xfe\x1a8\
p\x84ym\xd2\x18\xf0\x5c\xe0L\xe0\x17\xc4\xcfW\x97\
\x86!@\x92\x06\xf0Jl\xfe\xeb\xc7\xc3\xa4\xa3\xeb\x17\
\x92\xd7\xe9\xba1\xe0P\xe0\xb3\xa4\xef!z\x1e\xbb0\
V\x91\xde\xdb\x92\xa4I\xb8\xc9O\x1a\xbf\x06\xde\x0fl\
?\xd2lv\xc3\xd6\xc0\x19\xc0m\xc4\xcfk\xf4p%\
@\x92&\xe1\x91?\x5c\x0f\xbc\x96~\xde\x9e;\x03x\
=p\x03\xf1\xf3\x1c\x1d\x02\x5c\x09\x90\xa4\x09\xa57\xff\
\x9f\x03'\x01\xe3\xa3Nd\x06\xc6\x81\x93Iw*D\
\xcf\xbb!@\x92\x02\x95\xbc\xec\xbf\x04x7enp\
4\x138\x0d\xb8\x8f\xf8\xd7!*\x04x:@R\xb1\
Jm\xfek\x81\xcf\x03\xf3G\x9f\xc2\xecm\x0b|\x18\
XC\xfc\xebb\x08\x90\xa4\x16\x94\xba\xec\x7f\x03\xe9\xaa\
~m\xecE\xa4\xads\xa3_\x9f\x88\x10\xe0\xe9\x00I\
\xc5(\xf1\xc8\x7f-p\x0ei\xbb]Mn.\xf07\
\x94\xb7\x1a\xe0J\x80\xa4\x22\x94x\xe4\x7f7pD\x1d\
\x93W\x88\x97\x92\xb62\x8e~\xdd\xda\x0e\x01\xae\x04H\
\xea\xad\x12\x8f\xfc/\x05\x9e\x5c\xc7\xe4\x15\xe6)\xa4g\
\x1bD\xbf~m\x87\x00W\x02$\xf5N\x89G\xfe\x1f\
\x06\xb6\xa8c\xf2\x0a5\x13\xf8(\xf1\xafc\xdb!\xc0\
\x95\x00I\xbdQ\xda\x91\xff\xa3\xc0\x9f\xd52s\x82t\
\xbb\xe0j\xe2_\xd76C\x80+\x01\x92\xb2W\xda\x91\
\xff\xc3\xc01\xb5\xcc\x9c6t\x1c\xb0\x8c\xf8\xd7\xb7\xcd\
\x10\xe0J\x80\xa4l\x95v\xe4\xff\x00\xf0\x82ZfN\
\x939\x844\xc7\xd1\xafs\x9b!\xc0\x95\x00I\xd9)\
\xed\xc8\x7f1p@-3\xa7\xcd9\x904\xd7\xd1\xaf\
w\x9b!\xc0\x95\x00I\xd9(\xed\xc8\xff>`\x9fZ\
fN\x83XH\xba\xb52\xfauo3\x04\xb8\x12 \
\xa9\xf3l\xfej\x83!@\x92:\xc4\xe6\xaf6\x19\x02\
$\xa9\x03l\xfe\x8a`\x08\x90\xa4@6\x7fE2\x04\
HR\x00\x9b\xbf\xba\xc0\x10 I-\xb2\xf9\xabK\x0c\
\x01\x92\xd4\x02\x9b\xbf\xba\xc8\x10 I\x0d\xb2\xf9\xab\xcb\
\x0c\x01\x92\xd4\x00\x9b\xbfr`\x08\x90\xa4\x1a\xbd\x0c\x9b\
\xbf\xf2Qb\x08p\xdb`I\xb5\xb3\xf9+G\x86\x00\
I\x1a\x81\xcd_93\x04H\xd2\x10l\xfe\xea\x03C\
\x80$U`\xf3W\x9f\x18\x02$i\x006\x7f\xf5\x91\
!@\x926\xc3\xe6\xaf>3\x04H\xd2$l\xfe*\
\x81!@\x926`\xf3WI\x0c\x01\x92\x84\xcd_e\
2\x04H*\x9a\xcd_%3\x04H*\x92\xcd_2\
\x04H*\x8c\xcd_z\x8c!@R\x11l\xfe\xd2\xe3\
\x19\x02$\xf5\x9a\xcd_\x9a\x9a!@R/\xd9\xfc\xa5\
\xe9\x19\x02$\xf5\x8a\xcd_\x1a\x9c!@R/\xd8\xfc\
\xa5\xea\x0c\x01\x92\xb2f\xf3\x97\x86g\x08\x90\x94%\x9b\
\xbf4\xba}\x81\xc5\xc4\xbf\xbf\x0d\x01\x92\x06b\xf3\x97\
\xeac\x08\x90\x94\x05\x9b\xbfT?C\x80\xa4N\xb3\xf9\
K\xcd1\x04H\xea$\x9b\xbf\xd4<C\x80\xa4N\xb1\
\xf9K\xed1\x04H\xea\x04\x9b\xbf\xd4>C\x80\xa4P\
6\x7f)\x8e!@R\x08\x9b\xbf\x14\xcf\x10 \xa9U\
6\x7f\xa9;\x0c\x01\x92Za\xf3\x97\xba\xc7\x10 \xa9\
Q6\x7f\xa9\xbb\x0c\x01\x92\x1aa\xf3\x97\xba\xcf\x10 \
\xa9V6\x7f)\x1f\x86\x00I\xb5\xb0\xf9K\xf91\x04\
H\x1a\x89\xcd_\xca\x97!@\xd2Pl\xfeR\xfe\x0c\
\x01\x92*\xb1\xf9K\xfda\x08\x904\x10\x9b\xbf\xd4?\
\x86\x00I\x9be\xf3\x97\xfa\xcb\x10 iR6\x7f\xa9\
\xff\x0c\x01\x926b\xf3\x97\xcaa\x08\x90\x04\x94\xd7\xfc\
\xef\xc5\xe6/\x19\x02\xa4\xc2\x95\xd8\xfc\xf7\xaee\xe6\xa4\
\xfc\x19\x02\xa4B\xd9\xfc%\x19\x02\xa4\xc2\xd8\xfc%\xad\
g\x08\x90\x0aa\xf3\x97\xb4)C\x80\xd4s6\x7fI\
S1\x04H=e\xf3\x974\x1dC\x80\xd436\x7f\
I\x832\x04H=a\xf3\x97T\x95!@\xca\x9c\xcd\
_\xd2\xb0\x0c\x01R\xa6l\xfe\x92Fe\x08\x902c\
\xf3\x97T\x17C\x80\x94\x09\x9b\xbf\xa4\xba\x19\x02\xa4\x8e\
;\x06\x9b\xbf\xa4f\x18\x02\xa4\x8e\xb2\xf9KjZi\
!\xe0\x11\x0c\x01\xea8\x9b\xbf\xa4\xb6\x18\x02\xa4\x8e\xb0\
\xf9Kj\x9b!@\x0af\xf3\x97\x14e?\x0c\x01R\
\x08\x9b\xbf\xa4h\x86\x00\xa9e6\x7fI]a\x08\x90\
Zb\xf3\x97\xd45\x86\x00\xa9a6\x7fI]e\x08\
\x90\x1ab\xf3\x97\xd4u\x86\x00\xa9f6\x7fI\xb90\
\x04H5\xb1\xf9K\xca\x8d!@\x1a\x91\xcd_R\xae\
\x0c\x01\xd2\x90l\xfe\x92rg\x08\x90*\xb2\xf9K\xea\
\x0bC\x804 \x9b\xbf\xa4\xbe1\x04H\xd3\xb0\xf9K\
\xea+C\x804\x05\x9b\xbf\xa4\xbe3\x04H\x9b\xb0\xf9\
K*\x85!@\x9a`\xf3\x97T\x1aC\x80\x8ag\xf3\
\x97T*C\x80\x8ae\xf3\x97T:C\x80\x8ac\xf3\
\x97\xa4\xc4\x10\xa0b\xd8\xfc%ic\x86\x00\xf5\x9e\xcd\
_\x92&g\x08Po\xd9\xfc%i\xf3\x0c\x01\xea\x1d\
\x9b\xbf$\x0d\xc6\x10\xa0\xde\xb0\xf9KR5%\x86\x80\
\xe3k\x999u\x86\xcd_\x92\x86c\x08P\xb6l\xfe\
\x924\x1aC\x80\xb2c\xf3\x97\xa4z\x18\x02\x94\x0d\x9b\
\xbf$\xd5\xcb\x10\xa0\xce+\xb1\xf9?\xab\x96\x99\x93\xa4\
\xcd3\x04\xa8\xb3l\xfe\x92\xd4,C\x80:\xc7\xe6/\
I\xed0\x04\xa83l\xfe\x92\xd4.C\x80\xc2\xd9\xfc\
%)\x86!@al\xfe\x92\x14\xcb\x10\xa0\xd6\xd9\xfc\
%\xa9\x1b\x0c\x01j\x8d\xcd_\x92\xba\xc5\x10\xa0\xc6\xd9\
\xfc%\xa9\x9b\x0c\x01j\x8c\xcd_\x92\xba\xcd\x10\xa0\xda\
\xd9\xfc%)\x0f\x86\x00\xd5\xc6\xe6/Iy1\x04h\
d6\x7fI\xca\x93!@C\xb3\xf9KR\xde\x0c\x01\
\xaa\xcc\xe6/I\xfd`\x08\xd0\xc0l\xfe\x92\xd4/\x86\
\x00M\xcb\xe6/I\xfdd\x08\xd0\x94l\xfe\x92\xd4o\
\x86\x00=\x8e\xcd_\x92\xca`\x08\xd0\xef\xd8\xfc%\xa9\
,\x86\x00\xd9\xfc%\xa9P\x86\x80\x82\xd9\xfc%\xa9l\
\x86\x80\x02\x1d\x03\xac \xfe\xc5\xb0\xf9KR,C@\
Al\xfe\x92\xa4\x0d\x19\x02\x0a`\xf3\x97$M\xc6\x10\
\xd0c6\x7fI\xd2\xe6\x18\x02z\xc8\xe6/I\x1a\x84\
!\xa0Gl\xfe\x92\xa4*\x0c\x01=PZ\xf3\xbf\x07\
\x9b\xbf$\xd5\xc1\x10\x901\x9b\xbf$i\x14\x86\x80\x0c\
\xd9\xfc%Iu0\x04d\xc4\xe6/I\xaa\x93! \
\x036\x7fIR\x13\x0c\x01\x1df\xf3\x97$5\xc9\x10\
\xd0A6\x7fIR\x1b\x0c\x01\x1dr,\xa9\xc0\xe8I\
jk\xdc\x0d<\xb3\x96\x99\x93$\x0d\xe3\xd9\xc0\xfd\xc4\
\xf7\x836C\xc0\xb1\xb5\xcc\x5c\x8d\x0e\xc7#\x7fIR\
\xfbJ\x5c\x098\xba\x96\x99\xab\xc1!\xc0\xc3\xc4OJ\
[\xc3#\x7fI\xea\x96\xd2V\x02\x1e\x06\x0e\xaee\xe6\
F\xf0L`\x09\xf1\x93\xd1\xd6\xf0\xc8_\x92\xba\xa9\xb4\
\x95\x80%\xc03j\x99\xb9!\xcc\x07n\x9e\xa6\xc0>\
\x0d\x9b\xbf$u[i!\xe0V`\xc7Zf\xae\x82\
Y\xc0e#\x16\x9e\xd3\xb8\x0b\x97\xfd%)\x07\xa5\x9d\
\x0e\xf8\x010\xb3\x96\x99\x1b\xd0\xc7\x1a\xf8&\xba:<\
\xf2\x97\xa4\xbc\x94\xb6\x12\xf0\xa1z\xa6mz\xafk\xe9\
\x1b\xea\xc2\xf0\xc8_\x92\xf2\xb4?e\xad\x04\x9c\x5c\xcf\
\xb4MmW\xe0\xc1\x0e|\xa3m\x0c\x8f\xfc%)o\
%\xad\x04<\x00,\xa8e\xd6&1\x0e|\xaf\x03\xdf\
d[\xcd\x7f\xafZfM\x92\x14\xa9\xa4\x10p)0\
\xa3\x9ei\xdb\xd8\xbb:\xf0\xcd\xb51\x5c\xf6\x97\xa4~\
)\xe9t\xc0;j\x9a\xb3\xdfY@\x19\x9b\xfdx\xe4\
/I\xfdT\xcaJ\xc02`\xb7\x9a\xe6\x0c\x80\x8b;\
\xf0M5=<\xf2\x97\xa4~+e%\xe0\x82\xba&\
\xec\xc4\x0e|3M\x0f\x8f\xfc%\xa9\x0c\xa5\xac\x04\x8c\
\xfc\xe4\xc0Y\xf4\x7f\xb7?\x9b\xbf$\x95\xa5\x84\x10p\
\x0b0{\x94IzG\x07\xbe\x89&\x87\xcb\xfe\x92T\
\xa6\x12N\x07\xbcm\xd8\xc9\x99\x07\xdc\xdb\x81o\xa0\xa9\
\xe1\x91\xbf$\x95\xad\xef+\x01\x8b\x81\xad\x86\x99\x98\xf7\
t\xa0x\x9b\xbf$\xa9I\xfb\xd1\xef\x95\x80wV\x9d\
\x90-\xe9o*r\xd9_\x92\xb4\xa1>\x9f\x0e\xb8\x17\
\x98[e2\xfe\xb8\x03E71<\xf2\x97$M\xa6\
\xcfO\x11<u\xd0I\x18\x03\x16u\xa0`\x9b\xbf$\
\xa9M}\x0d\x017\x92\xb6\xf3\x9f\xd6\x91\x1d(\xb6\xee\
\xe1\xb2\xbf$i\x10\xfb\x03K\x88\xef[u\x8f\xc3\x07\
\xf9\xe6\xff\xb5\x03\x85\xd69<\xf2\x97$U\xd1\xc7\x95\
\x80\x7f\x9e\xee\x9b\xde\x0eX\xd1\x81Bm\xfe\x92\xa4H\
}\x0b\x01+\x80m7\xf7\x0d\x9f\xde\x81\x22\xeb\x1aw\
\x01\xcf\xd8\xdc7+I\xd2f\xf4\xedt\xc0i\x9b\xfb\
f/\xe9@\x81u\x0c\x8f\xfc%Iu\xe8\xd3J\xc0\
w\xa7\xfa&w\x00Vw\xa0@\x9b\xbf$\xa9K\xfa\
\x12\x02V\x93z\xfd\xe3\xbc\xa5\x03\xc5\x8d:\x5c\xf6\x97\
$5\xa1/\xa7\x03\xde4\xd97\xf7\xe5\x0e\x146\xca\
\xf0\xc8_\x92\xd4\xa4>\xac\x04<\xeen\x80\x19\x99\x7f\
S6\x7fIR\x1br\x0f\x01\x8b\xd9dS\xa0\x03:\
P\xd4\xb0\xe3n\x5c\xf6\x97$\xb5g\x7f`)\xf1\xfd\
o\xd8\xb1/<\x96\x02\x0e\xaaqb\xda\xf4\x10p,\
pSt!\x92\xa4b\x5c\x03\x1c\x03,\x8b.dH\
\x07\xc3c\x01\xe0\xf9\x81\x85\x0ck\x1dp2\xf0\x93\xe8\
B$I\xc5\xf9!\xf0\xdf\xa3\x8b\x18\xd2F\x07\xfd7\
\x12\xbf$Qu|\xb0\xc6\xc9\x90$i\x18\xe7\x10\xdf\
\x0f\xab\x8eE\xeb\x8b\x9f\x03<\xda\x81\x82\xaa\x8c[&\
\xea\x96$)\xd2V\xc0\xaf\x88\xef\x8bU\xc6j`\xf6\
8\xe9\xea\xf9\x19\xf5\xcfI\xa3\xde\x06\xac\x8c.B\x92\
T\xbc\x87\x81wF\x17Q\xd1\x16\xc03\xc6\x81\x85\xd1\
\x95Tt5\xf0\xcd\xe8\x22$I\x9ap.\x1b,\xab\
gb\xe18\xf0\xb4\xe8**\xf2\xdc\xbf$\xa9K\xd6\
\x02gG\x17Q\xd1\x82q`At\x15\x15<\x08\x9c\
\x1f]\x84$I\x9b8\x8ft: \x17O\x1b\x07\x9e\
\x12]E\x05_%=\xd3X\x92\xa4.YN^\x07\
\xa8O\x1dg\x8a'\x03u\xd4E\xd1\x05H\x924\x85\
\x9cz\xd4\xfcq`\xbb\xe8**\xb84\xba\x00I\x92\
\xa6\xf0\xfd\xe8\x02*\xd8n\x8c\xf4x\xc3\x1cB\xc0\x83\
\xc06\xd1EH\x924\x851\xe0\xb7\xc0\xbc\xe8B\x06\
\xb0x\x1c\x98\x1d]\xc5\x80n\x8e.@\x92\xa4\xcdX\
\xbfQ]\x0e\xe6\x8c\x03\xb3\xa2\xab\x18\xd0\xd2\xe8\x02$\
I\x9a\xc6\x92\xe8\x02\x064s\x9c\xb4#P\x0er}\
\xea\x92$\xa9\x1c\x0fF\x170\xa0Y\xe3\xa4s\x169\
x4\xba\x00I\x92\xa6\x91K\xaf\x1a\x1f\x9f\xfe\xcfH\
\x92\xa4\xbe1\x00H\x92T \x03\x80$I\x052\x00\
H\x92T \x03\x80$I\x052\x00H\x92T \x03\
\x80$I\x052\x00H\x92T \x03\x80$I\x052\
\x00H\x92T \x03\x80$I\x052\x00H\x92T \
\x03\x80$I\x052\x00H\x92T \x03\x80$I\x05\
2\x00H\x92T \x03\x80$I\x052\x00H\x92T\
 \x03\x80$I\x052\x00H\x92T \x03\x80$I\
\x052\x00H\x92T \x03\x80$I\x052\x00H\x92\
T \x03\x80$I\x052\x00H\x92T \x03\x80$\
I\x052\x00H\x92T \x03\x80$I\x052\x00H\
\x92T \x03\x80$I\x052\x00H\x92T \x03\x80\
$I\x052\x00H\x92T \x03\x80$I\x052\x00\
H\x92T \x03\x80$I\x052\x00H\x92T\xa0-\
\xa2\x0b\x90\xd4\xaa\x19\xc0\xd6\x13\xbf\x9e=\xf1\xf1\x91\x89\
\x8f\x0f\x02k[\xafHR\x08\x03\x80\x94\xb7q\xe0I\
\xc0\xae\x13c\x01\xf0d`\x07`\xfb\x0d\xc6|`\xd6\
\x80_\xf3\x11`\xc9\x06\xe3~`1p\x17p\xfb\xc4\
\xb8m\xe2\xbf\xd7\xd5\xf1MHj\x9f\x01@\xca\xc7\x02\
`_`\x9f\x89\x8f\xfb\x02\xbb1xc\x1f\xd4lR\
\x88x\xf24\x7f\xee\x11\xe0V\xe0Z\xe0g\x13\x1f\xaf\
%\x05\x04I\x1dg\x00\x90\xbai\x1e\xf0<\xe0\x10\xe0\
\xa0\x89\xb1MhE\x8f7\x1bX81N\xda\xe0\xff\
?\x00\x5c\x01\x5c\x09\x5c\x06\xfc\x08X\xdezu\x926\
\xcb\x00 u\xc3\x16\xa4&\x7f4p$\xb0?\xf9\xfe\
|n\x03\xbclb\x00<\x0a\xfc\x04\xb8\x08\xb8\x00\xb8\
\x0aX\x13S\x9a\xa4\xf5r\xfd\x07F\xea\x83\xed\x81\xe3\
\x81c\x80#\xe8\xde\x11~]\xb6 \xadf<\x0f\xf8\
K\xe07<\x16\x06\xce\x07\x96\xc6\x95&\x95\xcb\x00 \
\xb5k\x1b\xe0\x15\xc0\x89\xc0Q\xd4\x7f\xfe>\x07\xdb\x92\
N\x19\x9cDZ\x09\xb8\x0a8\x0f\xf8\x12\xe9bCI\
-Y\x97\xc98\xb7\xa9\x09\x90\x1a6\x13x\x15\xf0\x0d\
\xd2\x85s\xd1?K]\x1d\x8f\x90V\x04^\x89\x07'\
\xca\xd7\xb9\xc4\xff,\x0d4\xfc!\x93\x9a\xb3\x07\xf0z\
\xe0-\xc0S\x83k\xc9\xc1,\xe0\xe5\x13\xe3\x1e\xe0s\
\xc0'\x80_D\x16%\xf5Yx\x0a\x19p\xb8\x02\xa0\
\x1c\x8c\x91.~\xbb\x88\xb4\xa9N\xf4\xcfM\xeec-\
\xf0]\xd2u\x12c\x15^\x07)J6+\x00n\x05\
,\xd5c\x16\xf0F\xd2}\xf0\xdf\x22]\xd4g\xc3\x1a\
\xdd\x18\xe9\xae\x88o\x037\x01g\x00sC+\x92z\
\xc2\x00 \x8df\x1e\xf0\x1e\xe0N\xd2\x92\xf5\xb3b\xcb\
\xe9\xb5=\x81\x0f\x91N\x09\xfc\x05i\xee%\x0d\xc9\x00\
 \x0dg\x16p\x1ap\x0bp&\xb0Sl9Ey\
\x12p6i\xc7\xc1w\xe3\x8a\x804\x14\x03\x80T\xcd\
L\xe0OI{\xe1\x9f\x03\xec\x1c[N\xd1\xe6\x03\x7f\
\x03\xdc\x0c\x9cNzm$\x0d\xc8\x00 \x0d\xee\x08\xe0\
\x1a\xe0\xa3L\xbfO\xbe\xda\xf3\x14\xe0\x1f\x80\xeb\x80\xe3\
\x82k\x91\xb2a\x00\x90\xa6\xf7\x0c\xe0\x9b\xa4+\xfb=\
\xc7\xdf]O'\xed\xb5p\x11\xb0wp-R\xe7\x19\
\x00\xa4\xa9\xcd\x03\xfe\x8etdylp-\x1a\xdc\x11\
\xa4g\x0f|\x10\xd82\xb8\x16\xa9\xb3\x0c\x00\xd2\xe4\x0e\
%-\xf7\xbf\x1dw\xa5\xcb\xd1L\xe0\x9d\xa4\xf0vT\
p-R'\x19\x00\xa4\x8dmK\xba\xb8\xef\xff\x91n\
;S\xdev\x05\xbeC\xda\x9ce~p-R\xa7\x18\
\x00\xa4\xc7\x1c\x0b\xdc@\xba\xbd\xcfM|\xfa\xe5D\xd2\
&M\xc7D\x17\x22u\x85\x01@\x829\xc0\x87I\x17\
\x90y?\x7f\x7f\xedL\xda\xa5\xf1\x1c\xbc6@2\x00\
\xa8x{\x03?\x04\xfe\x1c\x8f\xfaK0FZ\xe1\xf9\
O\xe0\xd9\xc1\xb5H\xa1\x0c\x00*\xd9\x1f\x01?\x06\xf6\
\x8d.D\xad\xdb\x0b\xb8\x92\xf4\xa4F\xa9H\x06\x00\x95\
h6\xe91\xb3\x1f\x9f\xf8\xb5\xca4\x07\xf8\x14\xf0y\
\xdcNX\x052\x00\xa84\xbf\x07\xfc\x008%\xba\x10\
u\xc6\x1b\x80\xcb\x80\x05\xc1uH\xad2\x00\xa8$\x87\
\x90\xee\xed\x7f^t!\xea\x9c\x03H\xd7\x82\x1c\x14]\
\x88\xd4\x16\x03\x80J\xf1j\xe0\xbbx/\xb8\xa6\xb6#\
i\xff\x87\xd7F\x17\x22\xb5\xc1\x00\xa0\x12\x9c\x01|\x19\
\xcf\xf3jz\xb3\x81\x7f\x06\xde\x1f\x5c\x87\xd48\x03\x80\
\xfal\x06\xf0O\xc0\x87\xf0\xbd\xae\xc1\x8d\x01\xef#=\
a\xd0\xf7\x8dz\xcb7\xb7\xfaj\x0b\xe0\xb3\xc0\xa9\xc1\
u(_\xa7\x93V\x03fF\x17\x225\xc1\x00\xa0>\
\x9aE\xda\xfb\xfd\xf5\xd1\x85({'\x03\xffF\xbae\
P\xea\x15\x03\x80\xfafK\xd2\x96\xbe'D\x17\xa2\xde\
8\x0e\xf86\xb0Ut!R\x9d\x0c\x00\xea\x93\xb9\xa4\
\xbd\xde}\xfc\xab\xeav\x18\xf0u\xbc\x90T=b\x00\
P_\xcc\x02\xce\x03^\x1c\x5c\x87\xfa\xeb%\xc0\xd7p\
\xf7H\xf5\x84\x01@}0\x03\xf8\x02\xe9q\xbeR\x93\
\x8e\x02\xfe\x85t\x91\xa9\x945\x03\x80r7N\xda\xcb\
\xfd\xa4\xe8BT\x8c\x13H\xcf\x10\xf0\xe9\x91\xca\x9a\x01\
@\xb9\xfb \xf0\xdf\xa2\x8bPq\xde\x08\xfcut\x11\
\xd2(\x0c\x00\xca\xd9\xa9\xc0\xff\x88.B\xc5z\x0f\xf0\
'\xd1EH\xc32\x00(W\xc7\x90vj\x93\x22}\
\x04xyt\x11\xd20\x0c\x00\xca\xd1\xfe\xa4\x8d~\xbc\
\x10K\xd1f\x00_\x04\xf6\x89.D\xaa\xca\x00\xa0\xdc\
l\x07|\x157eQwl\x0d\x9c\x0fl\x1f]\x88\
T\x85\x01@9\x19'\xed\xcd\xbekt!\xd2&\x16\
\x90n\x0f\x9c\x11\x5c\x8740\x03\x80r\xf2\x01\xe0\xe8\
\xe8\x22\xa4)\x1c\x09\xbc7\xba\x08iP\x9eCU.\
\x8e']u\xadj\xd6\x00w\x03\xf7\x03\x8b\x81\x07\x80\
\xdfL\xfc\xde\xaa\x89\x8f\xb3&>n;1\xe6O\x8c\
'\xe1\x11mU\xef\x05~Dzv\x80\xd4i\x06\x00\
\xe5\xe0)\xc0\xa7q\xe3\x95\xcdY\x09\xfclb\x5c\x0b\
,\x02n\x03~\x05\xac\x1e\xf2k\xce\x04\x9eJZ\xde\
\xde\x0b\xd8\x17\xd8o\xe2\xa3O\xc7\x9b\xdc8\xe91\xd4\
\xfb\x91\x82\x97\xd4Y\x06\x00u\xdd8\xf09\xd2\xc5\x7f\
z\xccr\xe0{\xc0\x7f\x00W\x02W\xf3\xd8\x11}]\
V\x03\xb7N\x8cK6\xf8\xff\xb3\x80\xe7\x00\x07\x01\x87\
\x03\x87\x92\x9e\xc2\xa8d\x07\xe03\xa4[U\xd7\x05\xd7\
\x22m\xd6\xbaL\xc6\xb9MM\x80:\xed\x9d\xc4\xbf\xf7\
\xba2\xee\x01\xfe\x9e\xb4\x1f}\x97\x8e\xc0\xe7\x02/%\
\xed\xcbp/\xf1\xf3\xd4\x95q\xc6(\x93\xaal\x9dK\
\xfc{o\xd0\x11^\xc0\xa0\xc3\x00P\x9eg\x93\x96\xb6\
\xa3\xdf{\x91c\x19iI\xf9%\xe4q>~\x06i\
U\xe0s\xa4U\x8a\xe8\xf9\x8b\x1c+p\x7f\x80\x12\x19\
\x00\x1a\x18\x06\x80\xb2\xcc\x04~J\xfc\xfb.j,\x22\
m3\xfb\xc4Q'2\xd06\xc0[\x81\x1b\x88\x9f\xcf\
\xa8q5\x9ej-\x8d\x01\xa0\x81a\x00(\xcb\xff$\
\xfe=\x171.!=\xd6\xb8O\x17<\x8e\x93\xb6\xcb\
\xfd\x1e\xf1\xf3\x1b1\xfeb\xe4\x19TN\x0c\x00\x0d\x0c\
\x03@9\x9eNy\xcb\xc7\x97\x91\x96\xf9\xfb\xee\x05\xa4\
\x0b\x17\xa3\xe7\xbb\xcd\xb1\x1c\xd8\xa3\x8e\xc9S\x16\xb2\x09\
\x00n\x04\xa4\xae\x19\x03>A\xba\xb0\xac\x04\xd7\x92.\
\xea;\x84\x8d\xaf\xb4\xef\xab\xcbI\xd7\x08\x1c\x03\x5c\x1f\
\x5cK[\xe6\x02\x1f\xa7_\xab:\xea\x01\x03\x80\xba\xe6\
\xcd\xc0\x8b\xa2\x8bh\xc1\x12\xd29\xfe\xfd\x81\x8b\x82k\
\x89p!\xe9\x22\xcf?\x03\x96\x06\xd7\xd2\x86\xc3\x81\xd7\
G\x17!m*|\x19b\xc0\xe1)\x80\xfe{\x02p\
\x17\xf1\xef\xb56\xde\xcb;\xd64g}\xb0\x13\xf0y\
\xe2_\x97\xa6\xc7\xdd\xa4\xf7\xb8\xfa\xcdS\x00\xd2\x10\xfe\
\x92\xb4\xfdl_\xdd\x0d\x1c\x07\x9c\x04\xdc\x17\x5cK\x97\
\xdc\x0b\xbc\x91\xb4\xdd\xf3\xbd\xc1\xb54ig\xe0]\xd1\
EH\x1b\x0aO!\x03\x0eW\x00\xfam7\xfa}\xcf\
\xff\x05\xa4\x06\xa0\xcd\xdb\x01\xf8:\xf1\xafWSc\x05\
ike\xf5\x97+\x00RE\x1f\x04fG\x17\xd1\x80\
U\xc0\x9f\x92.z\xbb'\xb8\x96\x1c,\x06^\x09\xbc\
\x8d\xe1\x9fa\xd0es\x80\xb3\xa2\x8b\x90\xd6\x0bO!\
\x03\x0eW\x00\xfa\xeb@`-\xf1\xef\xb1\xba\xc7\xaf\x81\
\x83k\x9c\xa7\xd2\xbc\x80~^\x13\xb2\x16xn\x8d\xf3\
\xa4nq\x05@\xaa\xe0\x03\xf4\xef\x16\xa9\x9f\x91\x1e\x98\
sEt!\x19\xbb\x9c\xd4(\xaf\x8d.\xa4fc\xc0\
\xff\x8a.B2\x00(\xda\xc1\xc0\xd1\xd1E\xd4\xec\x07\
\xa4'\xe4\xf98\xd8\xd1\xfd\x9at[\xe8\xa5\xd1\x85\xd4\
\xec8\xe0\xf9\xd1E\xa8l\x06\x00E\xfb@t\x015\
;\x9f\x14h\x1e\x8c.\xa4G\x1e\x00\x8e\x04\xbe\x12]\
H\xcd\xfe*\xba\x00\x95\xcd\x00\xa0H/\x02\x0e\x8b.\
\xa2F\x9f\x04^E\xba\xd2[\xf5z\x04x-\xf0\xa9\
\xe8Bjt\x14^#\xa2@\x06\x00EzGt\x01\
5\xfa\x08p\x1a\xb0&\xba\x90\x1e{\x148\x15\xf8h\
t!5zgt\x01*[\xf8\x95\x88\x03\x0e\xef\x02\
\xe8\x97\xa7\x93\x9ae\xf4\xfb\xaa\x8e\xf1%\x0c\xd3m\x1a\
\x03>K\xfc\xeb^\xc7X\x03<\xb3\xd6\xd9Q4\xef\
\x02\x90\xa6\xf1\x0e\xfa\xd14/\x06\xfe\x90tk\x97\xda\
\xb1\x8e\xb4\x12pat!5\x18'=\x0fAj]\
\x1f\xfe\x01V~v\x00\xde\x10]D\x0d~\x04\x9c@\
:?\xadv\xad\x06\xfe\x80~\xdcf\xf9f`~t\
\x11*\x8f\x01@\x11N!\xff\xc7\xfd\xde\x08\xbc\x0cx\
8\xba\x90\x82-'\xed\x1a\xf8\xf3\xe8BF\xb4%\xf0\
\x96\xe8\x22T\x1e\x03\x80\xda6F\xfe\xff\xd8\xfd\x96t\
\xb5\xff\x92\xe8B\xc4b\xd2k\xb1<\xba\x90\x11\x9dF\
\xff6\xc3R\xc7\x19\x00\xd4\xb6\xc3\x81=\xa2\x8b\x18\xc1\
:\xd2\x92\xed\x0d\xc1u\xe81\xd7\x93\x9e\xb7\x90\xb3\xdd\
I\x9bGI\xad1\x00\xa8m\xa7D\x170\xa2\xb3\x80\
\x7f\x8b.B\x8f\xf3\x19\xe0\xf3\xd1E\x8c\xe8\xd4\xe8\x02\
T\x9e\xf0[\x11\x06\x1c\xde\x06\x98\xbf\xf9\xe4\xfd\xc8\xdf\
\x1f\x033k\x9f\x15\xd5e\x1e\xb0\x88\xf8\xf7\xc9\xb0c\
\x05\xb0]\xed\xb3\xa2\xb6y\x1b\xa04\x89\x93\xc8\xf7\x91\
\xbf\xcb\x81\xd7\xd1\xcfG\xd4\xf6\xc52\xd2{,\xd7\x9d\
\x18\xe7\x00\xaf\x8e.B\xe50\x00\xa8M\xaf\x89.`\
\x04\xef\x05n\x8a.B\xd3\xba\x0e83\xba\x88\x11\x9c\
\x14]\x80\xcaa\x00P[v&=\xdf=G\xff\x09\
|8\xba\x08\x0d\xec,\xf2\x0dk/\x06v\x8a.B\
e0\x00\xa8-'\x023\xa2\x8b\x18\xc2\x1a\xdc\xe3?\
7\xab\x80?\x8f.bH3H\x1b\x1cI\x8d3\x00\
\xa8-\xb9.m~\x0a\xf8it\x11\xaa\xec\xbb\xc0y\
\xd1E\x0c)\xd7\x9f\x15e\xc6\x00\xa06\xcc'\xcf\xc7\
\x9e>\x04\xbc/\xba\x08\x0d\xed\x0c\xd2k\x98\x9bC\xf0\
n\x00\xb5\xc0\x00\xa06\x1cE\x9e\xef\xb5\xb3\x81{\xa2\
\x8b\xd0\xd0\xee&\xcfk7f\x00GF\x17\xa1\xfe\xcb\
\xf1\x1fe\xe5\xe7\x98\xe8\x02\x86p?\xf0\x91\xe8\x224\
\xb2\x0f\x91\xb6n\xce\xcdK\xa3\x0bP\xff\x19\x00\xd4\xb4\
q\xd2\x0a@n\xce&\xcf\xc6\xa1\x8d-\x05\xce\x89.\
b\x08G\xe3\xb3\x01\xd40\x03\x80\x9av\x00\xb0ct\
\x11\x15=\x00|<\xba\x08\xd5\xe6oI;P\xe6\xe4\
I\xc0~\xd1E\xa8\xdf\x0c\x00j\xdaa\xd1\x05\x0c\xe1\
\x1c<\xfa\xef\x93{\x80OG\x171\x84\x1c\x7fv\x94\
\x11\x03\x80\x9a\x96\xdb\xd5\xff\xab\x81\x8fE\x17\xa1\xda\x9d\
\x0d<\x1a]DE\xb9n\x9c\xa5L\x18\x00\xd4\xa41\
\xf2\x0b\x00\xdf\x04~\x15]\x84jw\x07\xf0\xed\xe8\x22\
*:$\xba\x00\xf5\x9b\x01@M\xda\x93\xfc\xce\xff\x7f\
\x22\xba\x005\xe6\x93\xd1\x05T\xb4\x13\xb0{t\x11\xea\
/\x03\x80\x9a\x94\xdb\xd1\xff/I;\xc8\xa9\x9f.\x00\
\xee\x8a.\xa2\x22O\x03\xa81\x06\x005\xe9\xb9\xd1\x05\
Tt\x1e\xee\xf9\xdfg\x8f\x92\xdf\xf6\xc0\xb9\xfd\x0c)\
#\x06\x005i\xdf\xe8\x02*\xfart\x01j\xdc\xb9\
\xd1\x05T\xb4Ot\x01\xea/\x03\x80\x9a2\x06\xec\x1d\
]D\x05w\x92\x1e\xfb\xab~\xbb\x92\xbc.\xf2\xcc-\
D+#\x06\x005\xe5i\xc06\xd1ET\xf0m`\
]t\x11j\xdc:\xe0\xc2\xe8\x22*\xd8\x16\xf8\xbd\xe8\
\x22\xd4O\x06\x005%\xb7#\x97\x0b\xa2\x0bPkr\
\x0a\x00\x90\xdf\xcf\x922a\x00PS\x16F\x17P\xc1\
j\xe0\x92\xe8\x22\xd4\x9a\x8b\xc9kS\xa0\xbd\xa2\x0bP\
?\x19\x00\xd4\x94]\xa3\x0b\xa8\xe0\x1a\xe0\xe1\xe8\x22\xd4\
\x9a\x07\x81\xff\x8a.\xa2\x82\x9c~\x96\x94\x11\x03\x80\x9a\
\x92\xd3?Z\x97G\x17\xa0\xd6\xe5\xf4\x9a/\x88.@\
\xfdd\x00PS\x16D\x17P\xc1U\xd1\x05\xa8uW\
D\x17PANaZ\x191\x00\xa8\x09c\xc0.\xd1\
ET\xf0\x93\xe8\x02\xd4\xbak\xa2\x0b\xa8`\x01\xe9g\
J\xaa\x95\x01@M\xd8\x19\x98\x13]\xc4\x80\x96\x01\xb7\
F\x17\xa1\xd6\xdd\x02\xac\x88.b@s\xc9\xef\x99\x1a\
\xca\x80\x01@M\xd8)\xba\x80\x0a\xae\x03\xd6F\x17\xa1\
\xd6\xad\x01\x16E\x17QAN?S\xca\x84\x01@M\
\x98\x1f]@\x057G\x17\xa00\xb7D\x17P\xc1\xf6\
\xd1\x05\xa8\x7f\x0c\x00jBN\x01\xe0\xf6\xe8\x02\x14\xe6\
\xb6\xe8\x02*\xc8\xe9gJ\x990\x00\xa8\x099\x1d\xad\
\xdc\x11]\x80\xc2\xdc\x1e]@\x059\xfdL)\x13\x06\
\x005!\xa7\xa3\x95_G\x17\xa009\xbd\xf69\xfd\
L)\x13\x06\x005a\xab\xe8\x02*X\x1a]\x80\xc2\
,\x89.\xa0\x82'D\x17\xa0\xfe1\x00\xa8\x09\xb3\xa2\
\x0b\xa8`qt\x01\x0as\x7ft\x01\x15\xe4\xf43\xa5\
L\x18\x00\xd4\x84\x9c\xfe\xb1z(\xba\x00\x85y0\xba\
\x80\x0afG\x17\xa0\xfe1\x00\xa8\x099\xfdc\xb52\
\xba\x00\x85\xc9\xe9\xb5\xcf)T+\x13\x06\x005!\xa7\
\x7f\xacVE\x17\xa00\x8fD\x17PAN\xa1Z\x99\
0\x00\xa8\x093\xa3\x0b\xa8`ut\x01\x0a\x93S\xf8\
\xcb)T+\x13\x06\x005!\xa7\x07\x97\xac\x8b.@\
arz\xeds\xfa\x99R&\x0c\x00\x92$\x15\xc8\x00\
 IR\x81\x0c\x00\x92$\x15\xc8\x00 IR\x81\x0c\
\x00\x92$\x15\xc8\x00 IR\x81\x0c\x00\x92$\x15\xc8\
\x00 IR\x81\x0c\x00\x92$\x15\xc8\x00 IR\x81\
\x0c\x00\x92$\x15\xc8\x00 IR\x81\x0c\x00\x92$\x15\
\xc8\x00 IR\x81\x0c\x00\x92$\x15\xc8\x00 IR\
\x81\x0c\x00\x92$\x15\xc8\x00 IR\x81\x0c\x00\x92$\
\x15\xc8\x00 IR\x81\x0c\x00\x92$\x15\xc8\x00 I\
R\x81\x0c\x00\x92$\x15\xc8\x00 IR\x81\x0c\x00\x92\
$\x15\xc8\x00 IR\x81\x0c\x00\x92$\x15\xc8\x00 \
IR\x81\x0c\x00\x92$\x15\xc8\x00 IR\x81\x0c\x00\
\x92$\x15\xc8\x00 IR\x81\x0c\x00\x92$\x15\xc8\x00\
 IR\x81\x0c\x00\x92$\x15\xc8\x00 IR\x81\x0c\
\x00\x92$\x15\xc8\x00 IR\x81\x0c\x00\x92$\x15\xc8\
\x00 IR\x81\x0c\x00\x92$\x15\xc8\x00 IR\x81\
\x0c\x00\x92$\x15\xc8\x00 IR\x81\x0c\x00\x92$\x15\
\xc8\x00 IR\x81\x0c\x00\x92$\x15\xc8\x00 IR\
\x81\x0c\x00\x92$\x15\xc8\x00 IR\x81\x0c\x00\x92$\
\x15\xc8\x00 IR\x81\x0c\x00\x92$\x15\xc8\x00 I\
R\x81\x0c\x00\x92$\x15\xc8\x00 IR\x81\x0c\x00\x92\
$\x15\xc8\x00 IR\x81\x0c\x00\x92$\x15\xc8\x00 \
IR\x81\x0c\x00\x92$\x15h\x1cX\x1b]\xc4\x80f\
F\x17 I\xd24r\xe9Uk\xc6\x81U\xd1U\x0c\
h^t\x01\x92$Mc\xeb\xe8\x02\x06\xb4j\x1cx\
$\xba\x8a\x01m\x1f]\x80$I\xd3\xd8.\xba\x80\x01\
=2\x0e\xac\x8c\xaeb@{\x02c\xd1EH\x924\
\x851R\xaf\xca\xc1\x8aq`it\x15\x03z\x02\xb0\
Kt\x11\x92$Ma\x01\xf9\x9c\xae^:\x0e\xdc\x1f\
]E\x05\x87F\x17 I\xd2\x14^\x1c]@\x05\x8b\
s\x0b\x00GF\x17 I\xd2\x14r\xeaQK\xc6\x81\
_FWQ\xc1\x09\xc0V\xd1EH\x92\xb4\x89y\xc0\
\xcb\xa3\x8b\xa8\xe0\xceq\xe0\xf6\xe8**\x98\x07\xbc:\
\xba\x08I\x926\xf1\x1a\xf2:@\xbd=\xb7\x00\x00\xf0\
.\xdc\xc1P\x92\xd4\x1d3H\xbd)'\xb7\x8d\x037\
FWQ\xd1B\xe0\xb5\xd1EH\x924\xe1\xf5\xc03\
\xa2\x8b\xa8\xe8\xc6q\xe0\xe7\xc0\x8a\xe8J*\xfa\xbf\xc0\
6\xd1EH\x92\x8a\xb75pft\x11\x15-\x03~\
1\x0e\xac\x01\x16\x05\x17S\xd5\xce\xc0\x87\xa2\x8b\x90$\
\x15\xef\xef\x81'E\x17Q\xd1\x22`\xed\xfas\xe9W\
GV2\xa47\x01\x7f\x18]\x84$\xa9X\xa7\x92\x96\
\xffs\xf3cx\xecb\xba\xcb\x03\x0b\x19\xc59\xc0\xd1\
\xd1EH\x92\x8as8\xf0\xb1\xe8\x22\x86t\x19\xe4\x1f\
\x00f\x02\xe7\x91^\x08I\x92\xdap\x04\xf05`V\
t!C\xba\x02\x1e\x0b\x00\xbf \xaf\x0d\x816\xb4\x15\
\xf0-\xe0u\xd1\x85H\x92z\xef\x0d\xa4\x9e\x93\xd3=\
\xff\x1b\xba}blt?\xfd\x85\x11\x95\xd4d6\xf0\
E\xe0\x1f\x81\xb9\xc1\xb5H\x92\xfagK\xd2i\xe7\xcf\
\x93\xef\x91?l\xd0\xeb\xfb\x12\x00\xd6\xfbc\xe0z\xf2\
\xda\x8eQ\x92\xd4m\xc7\x93z\xcbi\xd1\x85\xd4`\xd2\
\x00p\x11\xb0\xb2\xfdZj\xb7+p>\xe9\xba\x86c\
q\xd7@IRu\xe3\xc0q\xc0\x95\xa4\xf3\xfd\x0bB\
\xab\xa9\xc7r\xe0\xe2\xf5\xff\xb1as\xfc-pA\xeb\
\xe54\xe7`\xe0\x9b\xc0\x1d\xc0\xd9\xa4\x0b\x05== \
I\x9a\xca\x5cR\xaf\xf8 p'\xf0\x0d\xe0\xf9\xa1\x15\
\xd5\xeb[\xa4M\x80\x00\x18\xdb\xe47O\x06\xfe\xa5\xd5\
r\xda\xb5\x8a\xb4\xf3\xe1M\xc0\x12\xe07\xb1\xe5\xf4\xd6\
\xf1\xc03\xa3\x8b\x18\xd0Y\xd1\x05(\xd4\xbb\xa3\x0b\x18\
\xd0\x8d\xc0\xd7\xa3\x8b\xe8\xa9m\x81\xf9\xa4\xad|\xf7$\
\xef\xf3\xfb\xd39\x11\xf8\xca\xfa\xff\xd84\x00\xcc\x03\xee\
\x22mm(I\x92\xfa\xe1\x01\xe0\xc9l\xb0\xf5\xff\xa6\
\xe7\xc7\x97\x01_j\xb3\x22I\x92\xd4\xb8/\xb2\xc9s\
\x7f6]\x01\x00\xd8\x0f\xf8i+\xe5H\x92\xa46\x1c\
\x00\x5c\xb3\xe1\xff\x98\xec\x0a\xf9\x9f\x91\xaez\x94$I\
\xf9\xbb\x9cM\x9a?L}\x8b\xdc\xdf6[\x8b$I\
j\xc9\xd9\x93\xfd\xcf\xc9N\x01\x00\xcc ])\xbf{\
c\xe5H\x92\xa4\xa6\xdd\x04\xec\x05\xac\xdd\xf47\xa6Z\
\x01X\x03\x9c\xd9dE\x92$\xa9q\xff\x87I\x9a?\
L\xbd\x02\x00i\x15\xe0z\xd2\xbd\x91\x92$)/?\
\x07\x9e\x05<:\xd9o\xce\xd8\xcc'\xae#m\x94\xf3\
\xaa\x06\x8a\x92$I\xcdz+p\xedT\xbf\xb9\xb9\x15\
\x80\xf5b\x8c\x9c\xc7\x00\x00\x03PIDAT\xbf\x7f\
\x15\xf0\xbc:+\x92$I\x8d\xba\x148\x94t0?\
\xa9\xe9\x02\x00\xa4}\x90\xaf\x18\xf0\xcfJ\x92\xa4X\x8f\
\x92\xee\xfb\x9f\xf2\xe8\x1f\x06{R\xdeU\xc0\x17\xea\xa8\
H\x92$5\xee\xef\x98\xa6\xf9\xc3\xe0G\xf5\xdb\x03\x8b\
\x80\x1dG\xa9H\x92$5\xea\x97\xa4\xdb\xfe\x1e\x9e\xee\
\x0f\x0e\xb2\x02\x00\xe9\xc9yo\x1f\xa5\x22I\x92\xd4\xb8\
\xb73@\xf3\x87\xcd\xdf\x05\xb0\xa9k\x81\x85\xc0\xde\xc3\
T$I\x92\x1a\xf5\xaf\xc0\xff\x1e\xf4\x0fW\xbd\xb0o\
\x1b\xd2\xb3\x02v\xa9\xf8y\x92$\xa997\x03\x07\x02\
\xbf\x1d\xf4\x13\x06=\x05\xb0\xde\x03\xc0\x9b\x98bS\x01\
I\x92\xd4\xba\x15\xc0\x1fP\xa1\xf9C\xb5S\x00\xeb\xdd\
\x0e\xac\x04\x8e\x1c\xe2s%IR\xbdN\x07.\xac\xfa\
I\xc3\xde\xdb?\x06|\x198q\xc8\xcf\x97$I\xa3\
\xfb\x22\xf0\x86a>q\x94\xcd}\xe6\x02\xdf\x01^8\
\xc2\xd7\x90$I\xc3\xb9\x0a8\x1cX>\xcc'\x8f\xba\
\xbb\xdf\x13\x81\xef\x03\xfb\x8d\xf8u$I\xd2\xe0\xae\x03\
^Dzf\xcfP\xea\xd8\xde\xf7\xc9\xc0\xe5\xc0\x82\x1a\
\xbe\x96$I\xda\xbc_\x02/\x98\xf88\xb4\xaaw\x01\
L\xe6.\xd2\x05\x81\xf7\xd5\xf0\xb5$I\xd2\xd4\xee\x07\
\x8eb\xc4\xe6\x0f\xf5\x04\x00\x80[\x80\xe3\x80\xa55}\
=I\x92\xb4\xb1%\xc01\xc0\x8du|\xb1\xba\x9f\xf0\
\xb7\x90t+\x82\x1b\x05I\x92T\x9f\xbb\x80\xa3\x19\xe0\
!?\x83\xaak\x05`\xbd\x1b\x80\x83\x80\xff\xaa\xf9\xeb\
J\x92T\xaaE\xc0\xf3\xa9\xb1\xf9C\xfd\x01\x00RJ\
y1\xe9\xc2@I\x924\xbc\x1f\x02\x87R\xc39\xff\
M5\x11\x00 \xdd\x96p\x14\xf0\xef\x0d}}I\x92\
\xfa\xee+\xc0a\xa4\x0b\xffj\xd7T\x00\x80\xb41\xc1\
\xab\x80?\x02V5\xf8\xf7H\x92\xd4'\xab\x81\xf7\x00\
'\x91\xf6\xf9oD\xdd\x17\x01N\xe5@\xd2\xd6\xc1\xbb\
\xb7\xf4\xf7I\x92\x94\xa3;\x80\x93I\xbb\xfc5\xaa\xc9\
\x15\x80\x0d]\x0d\x1c\x00\x9c\xdb\xd2\xdf'IRn\xbe\
\x06\xecO\x0b\xcd\x1f\xda\x0b\x00\x00\x0f\x91R\xcd)\xa4\
{\x19%I\x12,\x06\xde\x02\x9c\xc0\x08[\xfbV5\
\xcc\xe3\x80Gu\x0d\xf0\x09\xd2\xc3\x84\x9eK{\xa7!\
$I\xea\x92u\xa4\xa7\xf9\xbd\x02\xb8\xa2\xed\xbf<\xba\
\xf9\x1e\x08\xfc\x03\xf0\xbc\xe0:$Ij\xd3O\x81?\
\x01\xae\x8c*\xa0\xcdS\x00\x93\xb9\x1a8\x984\x09\xb5\
\xdf\xe3(IR\xc7\xfc\x1a8\x1dx\x0e\x81\xcd\x1f\xe2\
W\x0064\x0bx\x03\xe9\xd6\x87=\x82k\x91$\xa9\
N\xf7\x00g\x01\x1f\x07V\x06\xd7\x02t+\x00\xac7\
\x0e\x1c\x0b\xbc\x9ft\xe7\x80$I\xb9\xba\x05\xf8\x18\xf0\
O4xO\xff0\xba\x18\x00\xd6\x1b'\xed&x\x0a\
\xe9\x02\x89\x99\xb1\xe5H\x924\x90U\xc0\xf9\xc0'\x81\
\x8b\x80\xb5\xb1\xe5L\xae\xcb\x01`C;\x01\xaf\x99\x18\
\x07\x91O\xdd\x92\xa42\xac%]\xc9\x7f.i\xe3\xbb\
\xfbb\xcb\x99^\x8e\x8d\xf4\xa9\xc0\xcbI\xcfD>\x0c\
\x98\x17[\x8e$\xa9P\xcb\x80K\x80\x0bIG\xfc\xbf\
\x8a-\xa7\x9a\x1c\x03\xc0\x86f\x93n!<\x04x\xc1\
\xc4\xafw\x08\xadH\x92\xd4W\xf7\x01?\x22=\xed\xf6\
\xf2\x89_?\x12Z\xd1\x08r\x0f\x00\x93\xd9\x19\xd8\x07\
X\x08\xec\x06\xec\x0a\xecB\x0a\x06\xdb\x03s\xe2J\x93\
$u\xd8J\xd2N\xb5\x8bI{\xf2\xdf\x06\xdc\x0a\xdc\
\x00\x5c\x0b\xdc\x1bWZ\xfd\xfe?~P\x88\x0ey\x00\
#\x07\x00\x00\x00\x00IEND\xaeB`\x82\
"

qt_resource_name = b"\
\x00\x05\
\x00o\xa6S\
\x00i\
\x00c\x00o\x00n\x00s\
\x00\x03\
\x00\x00p7\
\x00i\
\x00m\x00g\
\x00\x08\
\x05\xe2T\xa7\
\x00l\
\x00o\x00g\x00o\x00.\x00s\x00v\x00g\
\x00\x08\
\x05\xe2Y'\
\x00l\
\x00o\x00g\x00o\x00.\x00p\x00n\x00g\
\x00\x0c\
\x07\xf5\x0f\xc7\
\x00c\
\x00a\x00l\x00e\x00n\x00d\x00e\x00r\x00.\x00p\x00n\x00g\
\x00\x09\
\x06\xa6\x82g\
\x00c\
\x00r\x00o\x00s\x00s\x00.\x00p\x00n\x00g\
\x00\x09\
\x0b\x9e\x84\x87\
\x00c\
\x00h\x00e\x00c\x00k\x00.\x00p\x00n\x00g\
\x00\x08\
\x0f\x07Z\xc7\
\x00e\
\x00x\x00i\x00t\x00.\x00p\x00n\x00g\
\x00\x09\
\x08\xb6\xa2\x07\
\x00s\
\x00t\x00a\x00t\x00s\x00.\x00p\x00n\x00g\
\x00\x08\
\x03\xc6Y\xa7\
\x00p\
\x00l\x00u\x00s\x00.\x00p\x00n\x00g\
\x00\x0e\
\x0a\xd48G\
\x00l\
\x00i\x00s\x00t\x00-\x00c\x00h\x00e\x00c\x00k\x00.\x00p\x00n\x00g\
\x00\x0f\
\x09\xef\xccG\
\x00f\
\x00i\x00n\x00g\x00e\x00r\x00p\x00r\x00i\x00n\x00t\x00.\x00p\x00n\x00g\
\x00\x0a\
\x09\xf1\x8f\xc7\
\x00p\
\x00e\x00n\x00c\x00i\x00l\x00.\x00p\x00n\x00g\
\x00\x0c\
\x0b\xdf!G\
\x00s\
\x00e\x00t\x00t\x00i\x00n\x00g\x00s\x00.\x00p\x00n\x00g\
\x00\x12\
\x0b1o\xc7\
\x00c\
\x00a\x00l\x00e\x00n\x00d\x00e\x00r\x00-\x00l\x00i\x00n\x00e\x00s\x00.\x00s\x00v\
\x00g\
\x00\x11\
\x0b\x814g\
\x00s\
\x00u\x00m\x00m\x00a\x00r\x00y\x00-\x00c\x00h\x00e\x00c\x00k\x00.\x00p\x00n\x00g\
\
\x00\x08\
\x09\xc5X\xc7\
\x00u\
\x00s\x00e\x00r\x00.\x00p\x00n\x00g\
\x00\x0e\
\x01n\x19'\
\x00a\
\x00s\x00s\x00e\x00s\x00s\x00m\x00e\x00n\x00t\x00.\x00p\x00n\x00g\
\x00\x09\
\x08\x9b\xa0G\
\x00t\
\x00r\x00a\x00s\x00h\x00.\x00p\x00n\x00g\
\x00\x15\
\x0az\x90\xe7\
\x00c\
\x00a\x00m\x00e\x00r\x00a\x00-\x00v\x00i\x00e\x00w\x00f\x00i\x00n\x00d\x00e\x00r\
\x00.\x00p\x00n\x00g\
\x00\x08\
\x068Z\xa7\
\x00h\
\x00o\x00m\x00e\x00.\x00p\x00n\x00g\
"

qt_resource_struct = b"\
\x00\x00\x00\x00\x00\x02\x00\x00\x00\x02\x00\x00\x00\x01\
\x00\x00\x00\x00\x00\x00\x00\x00\
\x00\x00\x00\x10\x00\x02\x00\x00\x00\x02\x00\x00\x00\x14\
\x00\x00\x00\x00\x00\x00\x00\x00\
\x00\x00\x00\x00\x00\x02\x00\x00\x00\x11\x00\x00\x00\x03\
\x00\x00\x00\x00\x00\x00\x00\x00\
\x00\x00\x01\xc0\x00\x00\x00\x00\x00\x01\x00\x01\xf5E\
\x00\x00\x01\x99N\xb2\xddh\
\x00\x00\x00\xc4\x00\x00\x00\x00\x00\x01\x00\x00\xed$\
\x00\x00\x01\x99N\xac\xb70\
\x00\x00\x02*\x00\x00\x00\x00\x00\x01\x00\x02\x10\x07\
\x00\x00\x01\x99N\x80\xe4p\
\x00\x00\x00f\x00\x00\x00\x00\x00\x01\x00\x00d4\
\x00\x00\x01\x99N\x83\xc6\xb8\
\x00\x00\x00H\x00\x00\x00\x00\x00\x01\x00\x00:\xb2\
\x00\x00\x01\x99N\x86\xf38\
\x00\x00\x01\xe2\x00\x00\x00\x00\x00\x01\x00\x01\xf7\x04\
\x00\x00\x01\x99N\xaf\xd7\xf8\
\x00\x00\x00\xac\x00\x00\x00\x00\x00\x01\x00\x00\xd2\xb9\
\x00\x00\x01\x99N\x88\x08\x90\
\x00\x00\x01\xaa\x00\x00\x00\x00\x00\x01\x00\x01\xc3\x80\
\x00\x00\x01\x99N\x80\xc50\
\x00\x00\x00\xfc\x00\x00\x00\x00\x00\x01\x00\x01\x22\x9a\
\x00\x00\x01\x99N\x81\xf9\xc8\
\x00\x00\x01 \x00\x00\x00\x00\x00\x01\x00\x01|\xeb\
\x00\x00\x01\x99N\xb1y\xf0\
\x00\x00\x01\xfa\x00\x00\x00\x00\x00\x01\x00\x02\x0e\x0f\
\x00\x00\x01\x99N\xbd\x83\xf8\
\x00\x00\x00\xda\x00\x00\x00\x00\x00\x01\x00\x00\xf6\x82\
\x00\x00\x01\x99N\x87\xae\xb8\
\x00\x00\x01X\x00\x00\x00\x00\x00\x01\x00\x01\xbe\xf0\
\x00\x00\x01\x96\xf8\x1b5\xd8\
\x00\x00\x01\x82\x00\x00\x00\x00\x00\x01\x00\x01\xc1\x97\
\x00\x00\x01\x99N\xb1+\xd0\
\x00\x00\x00~\x00\x00\x00\x00\x00\x01\x00\x00\x82\x0e\
\x00\x00\x01\x99N\xbc\xa1h\
\x00\x00\x01:\x00\x00\x00\x00\x00\x01\x00\x01\x8e\xd3\
\x00\x00\x01\x99N\x81\xbbH\
\x00\x00\x00\x96\x00\x00\x00\x00\x00\x01\x00\x00\x9c\xd1\
\x00\x00\x01\x99N\x82\xef\xe0\
\x00\x00\x00\x1c\x00\x00\x00\x00\x00\x01\x00\x00\x00\x00\
\x00\x00\x01\x99G\xdek\xd8\
\x00\x00\x002\x00\x00\x00\x00\x00\x01\x00\x00\x069\
\x00\x00\x01\x99H\x9d;\x80\
"

def qInitResources():
    QtCore.qRegisterResourceData(0x03, qt_resource_struct, qt_resource_name, qt_resource_data)

def qCleanupResources():
    QtCore.qUnregisterResourceData(0x03, qt_resource_struct, qt_resource_name, qt_resource_data)

qInitResources()
